ANO_ELEICAO;SG_UF;DS_CARGO;SG_PARTIDO;DS_COMPOSICAO_FEDERACAO;DS_COMPOSICAO_COLIGACAO
2026;PA;SENADOR;MOBILIZA;#NULO;MOBILIZA
2026;PI;DEPUTADO FEDERAL;PT;13-PT/65-PC do B/43-PV;FEDERAÇÃO BRASIL DA ESPERANÇA - FE BRASIL (13-PT / 65-PC do B / 43-PV)
2026;RS;1º SUPLENTE;PODE;#NULO;REPUBLICANOS / PODE / DC / NOVO / PL / FEDERAÇÃO UNIÃO PROGRESSISTA (44-UNIÃO / 11-PP)
2026;PE;2º SUPLENTE;PSOL;50-PSOL/18-REDE;PCB / FEDERAÇÃO PSOL REDE (50-PSOL / 18-REDE)
2026;ES;1º SUPLENTE;PSDB;45-PSDB/23-CIDADANIA;PDT / MDB / PODE / AGIR / PSB / FEDERAÇÃO PSDB CIDADANIA (45-PSDB / 23-CIDADANIA) / FEDERAÇÃO UNIÃO PROGRESSISTA (44-UNIÃO / 11-PP)
2026;AP;2º SUPLENTE;PSDB;45-PSDB/23-CIDADANIA;REPUBLICANOS / PDT / AGIR / FEDERAÇÃO UNIÃO PROGRESSISTA (44-UNIÃO / 11-PP) / FEDERAÇÃO PSDB CIDADANIA (45-PSDB / 23-CIDADANIA) / FEDERAÇÃO BRASIL DA ESPERANÇA - FE BRASIL (13-PT / 65-PC do B / 43-PV) / FEDERAÇÃO RENOVAÇÃO SOLIDÁRIA (25-PRD / 77-SOLIDARIEDADE)
2026;AL;SENADOR;PODE;#NULO;MDB / PODE / AGIR / PSB / PSD / AVANTE / FEDERAÇÃO BRASIL DA ESPERANÇA - FE BRASIL (13-PT / 65-PC do B / 43-PV)
2026;BA;1º SUPLENTE;PP;44-UNIÃO/11-PP;REPUBLICANOS / PODE / PL / FEDERAÇÃO PSDB CIDADANIA (45-PSDB / 23-CIDADANIA) / FEDERAÇÃO UNIÃO PROGRESSISTA (44-UNIÃO / 11-PP) / FEDERAÇÃO RENOVAÇÃO SOLIDÁRIA (25-PRD / 77-SOLIDARIEDADE) / NOVO
2026;AC;2º SUPLENTE;PSB;#NULO;PODE / PSB / FEDERAÇÃO BRASIL DA ESPERANÇA - FE BRASIL (13-PT / 65-PC do B / 43-PV)
2026;SP;GOVERNADOR;PCB;#NULO;PCB
2026;RN;1º SUPLENTE;DC;#NULO;DC
2026;RN;VICE-GOVERNADOR;PSB;#NULO;PDT / PSB / FEDERAÇÃO BRASIL DA ESPERANÇA - FE BRASIL (13-PT / 65-PC do B / 43-PV)
2026;PR;VICE-GOVERNADOR;NOVO;#NULO;PODE / PL / NOVO
2026;MS;1º SUPLENTE;MDB;#NULO;PL / FEDERAÇÃO UNIÃO PROGRESSISTA (44-UNIÃO / 11-PP) / REPUBLICANOS / FEDERAÇÃO PSDB CIDADANIA (45-PSDB / 23-CIDADANIA) / PSD / MDB / PODE / AVANTE
2026;RN;GOVERNADOR;PSB;#NULO;PDT / PSB / FEDERAÇÃO BRASIL DA ESPERANÇA - FE BRASIL (13-PT / 65-PC do B / 43-PV)
2026;AL;DEPUTADO ESTADUAL;PP;44-UNIÃO/11-PP;FEDERAÇÃO UNIÃO PROGRESSISTA (44-UNIÃO / 11-PP)
2026;GO;GOVERNADOR;PSDB;45-PSDB/23-CIDADANIA;DC / FEDERAÇÃO PSDB CIDADANIA (45-PSDB / 23-CIDADANIA)
2026;RN;2º SUPLENTE;PSB;#NULO;PDT / PSB / FEDERAÇÃO BRASIL DA ESPERANÇA - FE BRASIL (13-PT / 65-PC do B / 43-PV)
2026;GO;SENADOR;PT;13-PT/65-PC do B/43-PV;PDT / PSB / FEDERAÇÃO BRASIL DA ESPERANÇA - FE BRASIL (13-PT / 65-PC do B / 43-PV) / FEDERAÇÃO PSOL REDE (50-PSOL / 18-REDE)
2026;PE;SENADOR;REPUBLICANOS;#NULO;REPUBLICANOS / PDT / MDB / DC / PSB / FEDERAÇÃO BRASIL DA ESPERANÇA - FE BRASIL (13-PT / 65-PC do B / 43-PV) / FEDERAÇÃO RENOVAÇÃO SOLIDÁRIA (25-PRD / 77-SOLIDARIEDADE)
2026;PR;GOVERNADOR;PRD;25-PRD/77-SOLIDARIEDADE;PDT / FEDERAÇÃO BRASIL DA ESPERANÇA - FE BRASIL (13-PT / 65-PC do B / 43-PV) / FEDERAÇÃO PSOL REDE (50-PSOL / 18-REDE) / FEDERAÇÃO RENOVAÇÃO SOLIDÁRIA (25-PRD / 77-SOLIDARIEDADE)
2026;SC;1º SUPLENTE;AGIR;#NULO;REPUBLICANOS / PODE / PL / DC / NOVO / AGIR / AVANTE / FEDERAÇÃO PSDB CIDADANIA (45-PSDB / 23-CIDADANIA)
2026;PA;2º SUPLENTE;UNIÃO;44-UNIÃO/11-PP;PSD / FEDERAÇÃO UNIÃO PROGRESSISTA (44-UNIÃO / 11-PP) / PSB / REPUBLICANOS / FEDERAÇÃO BRASIL DA ESPERANÇA - FE BRASIL (13-PT / 65-PC do B / 43-PV) / FEDERAÇÃO PSDB CIDADANIA (45-PSDB / 23-CIDADANIA) / MDB / AVANTE
2026;RJ;GOVERNADOR;MOBILIZA;#NULO;PL / MOBILIZA / AGIR / AVANTE
2026;MT;2º SUPLENTE;SOLIDARIEDADE;25-PRD/77-SOLIDARIEDADE;MDB / PL / NOVO / FEDERAÇÃO RENOVAÇÃO SOLIDÁRIA (25-PRD / 77-SOLIDARIEDADE)
2026;PE;DEPUTADO FEDERAL;AVANTE;#NULO;AVANTE
2026;MG;DEPUTADO ESTADUAL;PSOL;50-PSOL/18-REDE;FEDERAÇÃO PSOL REDE (50-PSOL / 18-REDE)
2026;MS;DEPUTADO ESTADUAL;PCDOB;13-PT/65-PC do B/43-PV;FEDERAÇÃO BRASIL DA ESPERANÇA - FE BRASIL (13-PT / 65-PC do B / 43-PV)
2026;RJ;DEPUTADO ESTADUAL;PDT;#NULO;PDT
2026;PI;DEPUTADO FEDERAL;PSDB;45-PSDB/23-CIDADANIA;FEDERAÇÃO PSDB CIDADANIA (45-PSDB / 23-CIDADANIA)
2026;AP;1º SUPLENTE;PODE;#NULO;PODE / PL / NOVO / PSD
2026;RS;1º SUPLENTE;PSB;#NULO;PDT / PSB / AVANTE / FEDERAÇÃO BRASIL DA ESPERANÇA - FE BRASIL (13-PT / 65-PC do B / 43-PV) / FEDERAÇÃO PSOL REDE (50-PSOL / 18-REDE)
2026;PE;GOVERNADOR;PSOL;50-PSOL/18-REDE;PCB / FEDERAÇÃO PSOL REDE (50-PSOL / 18-REDE)
2026;AC;GOVERNADOR;NOVO;#NULO;REPUBLICANOS / NOVO / PSD / AVANTE
2026;RN;2º SUPLENTE;PODE;#NULO;PODE / PL / NOVO / FEDERAÇÃO PSDB CIDADANIA (45-PSDB / 23-CIDADANIA) / MOBILIZA
2026;MG;VICE-GOVERNADOR;UNIÃO;44-UNIÃO/11-PP;PSD / FEDERAÇÃO UNIÃO PROGRESSISTA (44-UNIÃO / 11-PP) / NOVO / AVANTE / FEDERAÇÃO RENOVAÇÃO SOLIDÁRIA (25-PRD / 77-SOLIDARIEDADE) / MOBILIZA / DC / AGIR
2026;MA;SENADOR;UNIÃO;44-UNIÃO/11-PP;FEDERAÇÃO PSDB CIDADANIA (45-PSDB / 23-CIDADANIA) / FEDERAÇÃO UNIÃO PROGRESSISTA (44-UNIÃO / 11-PP)
2026;SC;VICE-GOVERNADOR;REDE;50-PSOL/18-REDE;PDT / PSB / FEDERAÇÃO PSOL REDE (50-PSOL / 18-REDE) / FEDERAÇÃO BRASIL DA ESPERANÇA - FE BRASIL (13-PT / 65-PC do B / 43-PV)
2026;DF;VICE-GOVERNADOR;NOVO;#NULO;NOVO
2026;RO;GOVERNADOR;AVANTE;#NULO;PSD / AVANTE / FEDERAÇÃO RENOVAÇÃO SOLIDÁRIA (25-PRD / 77-SOLIDARIEDADE)
2026;MG;2º SUPLENTE;PP;44-UNIÃO/11-PP;FEDERAÇÃO UNIÃO PROGRESSISTA (44-UNIÃO / 11-PP)
2026;RN;DEPUTADO ESTADUAL;SOLIDARIEDADE;25-PRD/77-SOLIDARIEDADE;FEDERAÇÃO RENOVAÇÃO SOLIDÁRIA (25-PRD / 77-SOLIDARIEDADE)
2026;RO;DEPUTADO ESTADUAL;PSB;#NULO;PSB
2026;RR;DEPUTADO ESTADUAL;PL;#NULO;PL
2026;PA;1º SUPLENTE;MOBILIZA;#NULO;MOBILIZA
2026;BA;SENADOR;PP;44-UNIÃO/11-PP;REPUBLICANOS / PODE / PL / FEDERAÇÃO PSDB CIDADANIA (45-PSDB / 23-CIDADANIA) / FEDERAÇÃO UNIÃO PROGRESSISTA (44-UNIÃO / 11-PP) / FEDERAÇÃO RENOVAÇÃO SOLIDÁRIA (25-PRD / 77-SOLIDARIEDADE) / NOVO
2026;MT;2º SUPLENTE;NOVO;#NULO;MDB / PL / NOVO / FEDERAÇÃO RENOVAÇÃO SOLIDÁRIA (25-PRD / 77-SOLIDARIEDADE)
2026;AC;SENADOR;PP;44-UNIÃO/11-PP;PDT / MDB / PL / DEMOCRATA / FEDERAÇÃO UNIÃO PROGRESSISTA (44-UNIÃO / 11-PP)
2026;PI;GOVERNADOR;PV;13-PT/65-PC do B/43-PV;REPUBLICANOS / PDT / MDB / PSD / FEDERAÇÃO BRASIL DA ESPERANÇA - FE BRASIL (13-PT / 65-PC do B / 43-PV)
2026;AP;VICE-GOVERNADOR;PCDOB;13-PT/65-PC do B/43-PV;REPUBLICANOS / PDT / AGIR / FEDERAÇÃO UNIÃO PROGRESSISTA (44-UNIÃO / 11-PP) / FEDERAÇÃO PSDB CIDADANIA (45-PSDB / 23-CIDADANIA) / FEDERAÇÃO BRASIL DA ESPERANÇA - FE BRASIL (13-PT / 65-PC do B / 43-PV) / FEDERAÇÃO RENOVAÇÃO SOLIDÁRIA (25-PRD / 77-SOLIDARIEDADE)
2026;SC;2º SUPLENTE;PODE;#NULO;REPUBLICANOS / PODE / PL / DC / NOVO / AGIR / AVANTE / FEDERAÇÃO PSDB CIDADANIA (45-PSDB / 23-CIDADANIA)
2026;AC;SENADOR;PSD;#NULO;REPUBLICANOS / PSD / AVANTE / NOVO
2026;SP;GOVERNADOR;AVANTE;#NULO;REPUBLICANOS / PL / MDB / DEMOCRATA / AVANTE / PSD / FEDERAÇÃO RENOVAÇÃO SOLIDÁRIA (25-PRD / 77-SOLIDARIEDADE) / FEDERAÇÃO UNIÃO PROGRESSISTA (44-UNIÃO / 11-PP)
2026;TO;1º SUPLENTE;MDB;#NULO;MDB / FEDERAÇÃO PSDB CIDADANIA (45-PSDB / 23-CIDADANIA)
2026;PA;VICE-GOVERNADOR;PRD;25-PRD/77-SOLIDARIEDADE;PODE / PL / DC / NOVO / FEDERAÇÃO RENOVAÇÃO SOLIDÁRIA (25-PRD / 77-SOLIDARIEDADE)
2026;SP;SENADOR;MDB;#NULO;FEDERAÇÃO UNIÃO PROGRESSISTA (44-UNIÃO / 11-PP) / REPUBLICANOS / PL / MDB / DEMOCRATA / PSD / FEDERAÇÃO RENOVAÇÃO SOLIDÁRIA (25-PRD / 77-SOLIDARIEDADE) / AVANTE
2026;RO;VICE-GOVERNADOR;PRD;25-PRD/77-SOLIDARIEDADE;PSD / AVANTE / FEDERAÇÃO RENOVAÇÃO SOLIDÁRIA (25-PRD / 77-SOLIDARIEDADE)
2026;CE;VICE-GOVERNADOR;PSD;#NULO;PSB / PDT / PODE / MOBILIZA / FEDERAÇÃO BRASIL DA ESPERANÇA - FE BRASIL (13-PT / 65-PC do B / 43-PV) / REPUBLICANOS / PSD / MDB / FEDERAÇÃO RENOVAÇÃO SOLIDÁRIA (25-PRD / 77-SOLIDARIEDADE) / FEDERAÇÃO PSOL REDE (50-PSOL / 18-REDE)
2026;TO;VICE-GOVERNADOR;MDB;#NULO;MDB / FEDERAÇÃO PSDB CIDADANIA (45-PSDB / 23-CIDADANIA)
2026;SC;1º SUPLENTE;PSOL;50-PSOL/18-REDE;PDT / PSB / FEDERAÇÃO BRASIL DA ESPERANÇA - FE BRASIL (13-PT / 65-PC do B / 43-PV) / FEDERAÇÃO PSOL REDE (50-PSOL / 18-REDE)
2026;DF;1º SUPLENTE;MDB;#NULO;REPUBLICANOS / MDB / PODE / PL / FEDERAÇÃO RENOVAÇÃO SOLIDÁRIA (25-PRD / 77-SOLIDARIEDADE) / FEDERAÇÃO UNIÃO PROGRESSISTA (44-UNIÃO / 11-PP) / DC / MOBILIZA / DEMOCRATA
2026;AM;VICE-GOVERNADOR;PRD;25-PRD/77-SOLIDARIEDADE;PDT / DC / AGIR / AVANTE / FEDERAÇÃO RENOVAÇÃO SOLIDÁRIA (25-PRD / 77-SOLIDARIEDADE)
2026;MG;1º SUPLENTE;REDE;50-PSOL/18-REDE;PSB / FEDERAÇÃO BRASIL DA ESPERANÇA - FE BRASIL (13-PT / 65-PC do B / 43-PV) / FEDERAÇÃO PSOL REDE (50-PSOL / 18-REDE)
2026;BA;2º SUPLENTE;PP;44-UNIÃO/11-PP;REPUBLICANOS / PODE / PL / FEDERAÇÃO PSDB CIDADANIA (45-PSDB / 23-CIDADANIA) / FEDERAÇÃO UNIÃO PROGRESSISTA (44-UNIÃO / 11-PP) / FEDERAÇÃO RENOVAÇÃO SOLIDÁRIA (25-PRD / 77-SOLIDARIEDADE) / NOVO
2026;AC;DEPUTADO FEDERAL;PRD;25-PRD/77-SOLIDARIEDADE;FEDERAÇÃO RENOVAÇÃO SOLIDÁRIA (25-PRD / 77-SOLIDARIEDADE)
2026;AL;DEPUTADO FEDERAL;CIDADANIA;45-PSDB/23-CIDADANIA;FEDERAÇÃO PSDB CIDADANIA (45-PSDB / 23-CIDADANIA)
2026;MA;DEPUTADO FEDERAL;PODE;#NULO;PODE
2026;PA;2º SUPLENTE;PDT;#NULO;PDT
2026;SE;DEPUTADO FEDERAL;MISSÃO;#NULO;MISSÃO
2026;SP;DEPUTADO FEDERAL;PSTU;#NULO;PSTU
2026;GO;SENADOR;UNIÃO;44-UNIÃO/11-PP;FEDERAÇÃO UNIÃO PROGRESSISTA (44-UNIÃO / 11-PP)
2026;TO;DEPUTADO ESTADUAL;PP;44-UNIÃO/11-PP;FEDERAÇÃO UNIÃO PROGRESSISTA (44-UNIÃO / 11-PP)
2026;RR;SENADOR;PL;#NULO;PL
2026;MT;GOVERNADOR;MOBILIZA;#NULO;MOBILIZA
2026;TO;VICE-GOVERNADOR;DEMOCRATA;#NULO;DEMOCRATA
2026;GO;VICE-GOVERNADOR;SOLIDARIEDADE;25-PRD/77-SOLIDARIEDADE;REPUBLICANOS / MDB / PODE / MOBILIZA / DEMOCRATA / AGIR / PSD / AVANTE / FEDERAÇÃO RENOVAÇÃO SOLIDÁRIA (25-PRD / 77-SOLIDARIEDADE) / FEDERAÇÃO UNIÃO PROGRESSISTA (44-UNIÃO / 11-PP)
2026;SC;SENADOR;AGIR;#NULO;REPUBLICANOS / PODE / PL / DC / NOVO / AGIR / AVANTE / FEDERAÇÃO PSDB CIDADANIA (45-PSDB / 23-CIDADANIA)
2026;RO;SENADOR;PL;#NULO;PODE / PL / DC / NOVO / MOBILIZA
2026;AP;DEPUTADO ESTADUAL;PV;13-PT/65-PC do B/43-PV;FEDERAÇÃO BRASIL DA ESPERANÇA - FE BRASIL (13-PT / 65-PC do B / 43-PV)
2026;PA;DEPUTADO ESTADUAL;MOBILIZA;#NULO;MOBILIZA
2026;TO;DEPUTADO FEDERAL;PV;13-PT/65-PC do B/43-PV;FEDERAÇÃO BRASIL DA ESPERANÇA - FE BRASIL (13-PT / 65-PC do B / 43-PV)
2026;PA;DEPUTADO ESTADUAL;DC;#NULO;DC
2026;DF;2º SUPLENTE;PSD;#NULO;PSD
2026;SP;DEPUTADO FEDERAL;MISSÃO;#NULO;MISSÃO
2026;SC;DEPUTADO FEDERAL;UP;#NULO;UP
2026;MG;GOVERNADOR;PODE;#NULO;REPUBLICANOS / PODE
2026;PA;2º SUPLENTE;PSB;#NULO;PSD / FEDERAÇÃO UNIÃO PROGRESSISTA (44-UNIÃO / 11-PP) / PSB / REPUBLICANOS / FEDERAÇÃO BRASIL DA ESPERANÇA - FE BRASIL (13-PT / 65-PC do B / 43-PV) / FEDERAÇÃO PSDB CIDADANIA (45-PSDB / 23-CIDADANIA) / MDB / AVANTE
2026;MT;SENADOR;PP;44-UNIÃO/11-PP;REPUBLICANOS / PODE / FEDERAÇÃO PSDB CIDADANIA (45-PSDB / 23-CIDADANIA) / FEDERAÇÃO UNIÃO PROGRESSISTA (44-UNIÃO / 11-PP)
2026;MA;GOVERNADOR;SOLIDARIEDADE;25-PRD/77-SOLIDARIEDADE;MDB / PDT / REPUBLICANOS / PODE / FEDERAÇÃO RENOVAÇÃO SOLIDÁRIA (25-PRD / 77-SOLIDARIEDADE)
2026;PI;1º SUPLENTE;PDT;#NULO;REPUBLICANOS / PDT / MDB / PSD / FEDERAÇÃO BRASIL DA ESPERANÇA - FE BRASIL (13-PT / 65-PC do B / 43-PV)
2026;PI;2º SUPLENTE;AVANTE;#NULO;NOVO / AVANTE
2026;RO;VICE-GOVERNADOR;UNIÃO;44-UNIÃO/11-PP;REPUBLICANOS / FEDERAÇÃO UNIÃO PROGRESSISTA (44-UNIÃO / 11-PP)
2026;AM;2º SUPLENTE;PV;13-PT/65-PC do B/43-PV;REPUBLICANOS / MDB / PSD / FEDERAÇÃO BRASIL DA ESPERANÇA - FE BRASIL (13-PT / 65-PC do B / 43-PV)
2026;TO;VICE-GOVERNADOR;AVANTE;#NULO;REPUBLICANOS / PODE / AVANTE / PL / FEDERAÇÃO RENOVAÇÃO SOLIDÁRIA (25-PRD / 77-SOLIDARIEDADE) / FEDERAÇÃO UNIÃO PROGRESSISTA (44-UNIÃO / 11-PP)
2026;AM;GOVERNADOR;SOLIDARIEDADE;25-PRD/77-SOLIDARIEDADE;PDT / DC / AGIR / AVANTE / FEDERAÇÃO RENOVAÇÃO SOLIDÁRIA (25-PRD / 77-SOLIDARIEDADE)
2026;AP;GOVERNADOR;PSTU;#NULO;PSTU
2026;MG;GOVERNADOR;PCO;#NULO;PCO
2026;RO;DEPUTADO FEDERAL;PSOL;50-PSOL/18-REDE;FEDERAÇÃO PSOL REDE (50-PSOL / 18-REDE)
2026;SP;DEPUTADO ESTADUAL;MOBILIZA;#NULO;MOBILIZA
2026;SP;DEPUTADO FEDERAL;PT;13-PT/65-PC do B/43-PV;FEDERAÇÃO BRASIL DA ESPERANÇA - FE BRASIL (13-PT / 65-PC do B / 43-PV)
2026;TO;DEPUTADO ESTADUAL;PV;13-PT/65-PC do B/43-PV;FEDERAÇÃO BRASIL DA ESPERANÇA - FE BRASIL (13-PT / 65-PC do B / 43-PV)
2026;AL;2º SUPLENTE;PP;44-UNIÃO/11-PP;PDT / PL / FEDERAÇÃO PSDB CIDADANIA (45-PSDB / 23-CIDADANIA) / FEDERAÇÃO RENOVAÇÃO SOLIDÁRIA (25-PRD / 77-SOLIDARIEDADE) / FEDERAÇÃO UNIÃO PROGRESSISTA (44-UNIÃO / 11-PP) / DC
2026;RS;DEPUTADO FEDERAL;PSD;#NULO;PSD
2026;RS;DEPUTADO ESTADUAL;PDT;#NULO;PDT
2026;PR;SENADOR;AVANTE;#NULO;REPUBLICANOS / MDB / DEMOCRATA / PSD / AVANTE / FEDERAÇÃO PSDB CIDADANIA (45-PSDB / 23-CIDADANIA) / FEDERAÇÃO UNIÃO PROGRESSISTA (44-UNIÃO / 11-PP)
2026;DF;DEPUTADO FEDERAL;PL;#NULO;PL
2026;RR;2º SUPLENTE;PV;13-PT/65-PC do B/43-PV;FEDERAÇÃO BRASIL DA ESPERANÇA - FE BRASIL (13-PT / 65-PC do B / 43-PV)
2026;MG;2º SUPLENTE;AVANTE;#NULO;AVANTE
2026;PI;2º SUPLENTE;PSOL;50-PSOL/18-REDE;FEDERAÇÃO PSOL REDE (50-PSOL / 18-REDE)
2026;AM;2º SUPLENTE;DC;#NULO;DC
2026;RO;DEPUTADO ESTADUAL;NOVO;#NULO;NOVO
2026;SC;DEPUTADO ESTADUAL;UNIÃO;44-UNIÃO/11-PP;FEDERAÇÃO UNIÃO PROGRESSISTA (44-UNIÃO / 11-PP)
2026;PE;1º SUPLENTE;UP;#NULO;UP
2026;TO;SENADOR;DEMOCRATA;#NULO;DEMOCRATA
2026;RS;GOVERNADOR;REPUBLICANOS;#NULO;REPUBLICANOS / PODE / PL / DC / NOVO / FEDERAÇÃO UNIÃO PROGRESSISTA (44-UNIÃO / 11-PP)
2026;MG;1º SUPLENTE;PSB;#NULO;PSB / FEDERAÇÃO BRASIL DA ESPERANÇA - FE BRASIL (13-PT / 65-PC do B / 43-PV) / FEDERAÇÃO PSOL REDE (50-PSOL / 18-REDE)
2026;CE;2º SUPLENTE;UNIÃO;44-UNIÃO/11-PP;PL / DC / AVANTE / FEDERAÇÃO PSDB CIDADANIA (45-PSDB / 23-CIDADANIA) / FEDERAÇÃO UNIÃO PROGRESSISTA (44-UNIÃO / 11-PP)
2026;DF;GOVERNADOR;PV;13-PT/65-PC do B/43-PV;PDT / FEDERAÇÃO BRASIL DA ESPERANÇA - FE BRASIL (13-PT / 65-PC do B / 43-PV) / FEDERAÇÃO PSOL REDE (50-PSOL / 18-REDE)
2026;PB;DEPUTADO FEDERAL;PSOL;50-PSOL/18-REDE;FEDERAÇÃO PSOL REDE (50-PSOL / 18-REDE)
2026;RN;GOVERNADOR;PCO;#NULO;PCO
2026;RS;DEPUTADO ESTADUAL;DEMOCRATA;#NULO;DEMOCRATA
2026;PA;1º SUPLENTE;PSOL;50-PSOL/18-REDE;FEDERAÇÃO PSOL REDE (50-PSOL / 18-REDE)
2026;SE;SENADOR;REDE;50-PSOL/18-REDE;FEDERAÇÃO PSOL REDE (50-PSOL / 18-REDE)
2026;GO;2º SUPLENTE;UP;#NULO;UP
2026;SP;VICE-GOVERNADOR;AGIR;#NULO;AGIR
2026;TO;VICE-GOVERNADOR;PODE;#NULO;REPUBLICANOS / PODE / AVANTE / PL / FEDERAÇÃO RENOVAÇÃO SOLIDÁRIA (25-PRD / 77-SOLIDARIEDADE) / FEDERAÇÃO UNIÃO PROGRESSISTA (44-UNIÃO / 11-PP)
2026;BA;DEPUTADO ESTADUAL;AVANTE;#NULO;AVANTE
2026;AC;2º SUPLENTE;REDE;50-PSOL/18-REDE;FEDERAÇÃO PSOL REDE (50-PSOL / 18-REDE)
2026;MS;SENADOR;PRD;25-PRD/77-SOLIDARIEDADE;FEDERAÇÃO RENOVAÇÃO SOLIDÁRIA (25-PRD / 77-SOLIDARIEDADE)
2026;CE;SENADOR;PSB;#NULO;PDT / PODE / PSB / PSD / FEDERAÇÃO BRASIL DA ESPERANÇA - FE BRASIL (13-PT / 65-PC do B / 43-PV) / FEDERAÇÃO PSOL REDE (50-PSOL / 18-REDE) / FEDERAÇÃO RENOVAÇÃO SOLIDÁRIA (25-PRD / 77-SOLIDARIEDADE) / REPUBLICANOS / MDB / MOBILIZA
2026;MT;GOVERNADOR;PDT;#NULO;PDT / PSB / PSD / FEDERAÇÃO BRASIL DA ESPERANÇA - FE BRASIL (13-PT / 65-PC do B / 43-PV) / FEDERAÇÃO PSOL REDE (50-PSOL / 18-REDE)
2026;AC;SENADOR;CIDADANIA;45-PSDB/23-CIDADANIA;FEDERAÇÃO PSDB CIDADANIA (45-PSDB / 23-CIDADANIA) / FEDERAÇÃO RENOVAÇÃO SOLIDÁRIA (25-PRD / 77-SOLIDARIEDADE)
2026;RJ;VICE-GOVERNADOR;PSB;#NULO;PDT / MDB / DC / PSB / PSD / FEDERAÇÃO PSDB CIDADANIA (45-PSDB / 23-CIDADANIA) / FEDERAÇÃO BRASIL DA ESPERANÇA - FE BRASIL (13-PT / 65-PC do B / 43-PV) / FEDERAÇÃO RENOVAÇÃO SOLIDÁRIA (25-PRD / 77-SOLIDARIEDADE)
2026;SC;2º SUPLENTE;DC;#NULO;REPUBLICANOS / PODE / PL / DC / NOVO / AGIR / AVANTE / FEDERAÇÃO PSDB CIDADANIA (45-PSDB / 23-CIDADANIA)
2026;MS;1º SUPLENTE;PODE;#NULO;PL / FEDERAÇÃO UNIÃO PROGRESSISTA (44-UNIÃO / 11-PP) / REPUBLICANOS / FEDERAÇÃO PSDB CIDADANIA (45-PSDB / 23-CIDADANIA) / PSD / MDB / PODE / AVANTE
2026;PE;DEPUTADO ESTADUAL;AVANTE;#NULO;AVANTE
2026;AP;GOVERNADOR;PT;13-PT/65-PC do B/43-PV;REPUBLICANOS / PDT / AGIR / FEDERAÇÃO UNIÃO PROGRESSISTA (44-UNIÃO / 11-PP) / FEDERAÇÃO PSDB CIDADANIA (45-PSDB / 23-CIDADANIA) / FEDERAÇÃO BRASIL DA ESPERANÇA - FE BRASIL (13-PT / 65-PC do B / 43-PV) / FEDERAÇÃO RENOVAÇÃO SOLIDÁRIA (25-PRD / 77-SOLIDARIEDADE)
2026;SP;1º SUPLENTE;PSTU;#NULO;PSTU
2026;SC;GOVERNADOR;PCO;#NULO;PCO
2026;AM;1º SUPLENTE;UNIÃO;44-UNIÃO/11-PP;PSB / FEDERAÇÃO UNIÃO PROGRESSISTA (44-UNIÃO / 11-PP) / PODE
2026;GO;GOVERNADOR;DEMOCRATA;#NULO;REPUBLICANOS / MDB / PODE / MOBILIZA / DEMOCRATA / AGIR / PSD / AVANTE / FEDERAÇÃO RENOVAÇÃO SOLIDÁRIA (25-PRD / 77-SOLIDARIEDADE) / FEDERAÇÃO UNIÃO PROGRESSISTA (44-UNIÃO / 11-PP)
2026;MA;DEPUTADO FEDERAL;MISSÃO;#NULO;MISSÃO
2026;PI;SENADOR;DC;#NULO;DC
2026;BA;DEPUTADO FEDERAL;REPUBLICANOS;#NULO;REPUBLICANOS
2026;MS;GOVERNADOR;SOLIDARIEDADE;25-PRD/77-SOLIDARIEDADE;FEDERAÇÃO RENOVAÇÃO SOLIDÁRIA (25-PRD / 77-SOLIDARIEDADE)
2026;MS;VICE-GOVERNADOR;MDB;#NULO;FEDERAÇÃO UNIÃO PROGRESSISTA (44-UNIÃO / 11-PP) / PL / FEDERAÇÃO PSDB CIDADANIA (45-PSDB / 23-CIDADANIA) / PODE / AVANTE / REPUBLICANOS / PSD / MDB
2026;CE;2º SUPLENTE;PCDOB;13-PT/65-PC do B/43-PV;PDT / PODE / PSB / PSD / FEDERAÇÃO BRASIL DA ESPERANÇA - FE BRASIL (13-PT / 65-PC do B / 43-PV) / FEDERAÇÃO PSOL REDE (50-PSOL / 18-REDE) / FEDERAÇÃO RENOVAÇÃO SOLIDÁRIA (25-PRD / 77-SOLIDARIEDADE) / REPUBLICANOS / MDB / MOBILIZA
2026;GO;GOVERNADOR;REPUBLICANOS;#NULO;REPUBLICANOS / MDB / PODE / MOBILIZA / DEMOCRATA / AGIR / PSD / AVANTE / FEDERAÇÃO RENOVAÇÃO SOLIDÁRIA (25-PRD / 77-SOLIDARIEDADE) / FEDERAÇÃO UNIÃO PROGRESSISTA (44-UNIÃO / 11-PP)
2026;BA;2º SUPLENTE;SOLIDARIEDADE;25-PRD/77-SOLIDARIEDADE;REPUBLICANOS / PODE / PL / FEDERAÇÃO PSDB CIDADANIA (45-PSDB / 23-CIDADANIA) / FEDERAÇÃO UNIÃO PROGRESSISTA (44-UNIÃO / 11-PP) / FEDERAÇÃO RENOVAÇÃO SOLIDÁRIA (25-PRD / 77-SOLIDARIEDADE) / NOVO
2026;RJ;2º SUPLENTE;SOLIDARIEDADE;25-PRD/77-SOLIDARIEDADE;PDT / MDB / DC / FEDERAÇÃO BRASIL DA ESPERANÇA - FE BRASIL (13-PT / 65-PC do B / 43-PV) / PSB / PSD / FEDERAÇÃO PSDB CIDADANIA (45-PSDB / 23-CIDADANIA) / FEDERAÇÃO RENOVAÇÃO SOLIDÁRIA (25-PRD / 77-SOLIDARIEDADE)
2026;PA;2º SUPLENTE;PT;13-PT/65-PC do B/43-PV;PSD / FEDERAÇÃO UNIÃO PROGRESSISTA (44-UNIÃO / 11-PP) / PSB / REPUBLICANOS / FEDERAÇÃO BRASIL DA ESPERANÇA - FE BRASIL (13-PT / 65-PC do B / 43-PV) / FEDERAÇÃO PSDB CIDADANIA (45-PSDB / 23-CIDADANIA) / MDB / AVANTE
2026;TO;GOVERNADOR;PCDOB;13-PT/65-PC do B/43-PV;PDT / PSB / PSD / FEDERAÇÃO BRASIL DA ESPERANÇA - FE BRASIL (13-PT / 65-PC do B / 43-PV)
2026;SC;SENADOR;UP;#NULO;UP
2026;TO;DEPUTADO FEDERAL;PSB;#NULO;PSB
2026;PA;GOVERNADOR;PSTU;#NULO;PSTU
2026;PB;DEPUTADO FEDERAL;PDT;#NULO;PDT
2026;DF;DEPUTADO DISTRITAL;MOBILIZA;#NULO;MOBILIZA
2026;CE;DEPUTADO FEDERAL;REPUBLICANOS;#NULO;REPUBLICANOS
2026;MS;1º SUPLENTE;SOLIDARIEDADE;25-PRD/77-SOLIDARIEDADE;FEDERAÇÃO RENOVAÇÃO SOLIDÁRIA (25-PRD / 77-SOLIDARIEDADE)
2026;SP;DEPUTADO ESTADUAL;AGIR;#NULO;AGIR
2026;SE;GOVERNADOR;REDE;50-PSOL/18-REDE;FEDERAÇÃO PSOL REDE (50-PSOL / 18-REDE)
2026;ES;SENADOR;UNIÃO;44-UNIÃO/11-PP;PDT / MDB / PODE / AGIR / PSB / FEDERAÇÃO PSDB CIDADANIA (45-PSDB / 23-CIDADANIA) / FEDERAÇÃO UNIÃO PROGRESSISTA (44-UNIÃO / 11-PP)
2026;MS;SENADOR;PL;#NULO;PL / FEDERAÇÃO UNIÃO PROGRESSISTA (44-UNIÃO / 11-PP) / REPUBLICANOS / FEDERAÇÃO PSDB CIDADANIA (45-PSDB / 23-CIDADANIA) / PSD / MDB / PODE / AVANTE
2026;AL;1º SUPLENTE;PODE;#NULO;MDB / PODE / AGIR / PSB / PSD / AVANTE / FEDERAÇÃO BRASIL DA ESPERANÇA - FE BRASIL (13-PT / 65-PC do B / 43-PV)
2026;PE;GOVERNADOR;PDT;#NULO;REPUBLICANOS / PDT / MDB / PSB / FEDERAÇÃO BRASIL DA ESPERANÇA - FE BRASIL (13-PT / 65-PC do B / 43-PV) / FEDERAÇÃO RENOVAÇÃO SOLIDÁRIA (25-PRD / 77-SOLIDARIEDADE) / DC
2026;MA;2º SUPLENTE;PL;#NULO;PL
2026;RO;DEPUTADO FEDERAL;PT;13-PT/65-PC do B/43-PV;FEDERAÇÃO BRASIL DA ESPERANÇA - FE BRASIL (13-PT / 65-PC do B / 43-PV)
2026;MS;VICE-GOVERNADOR;PODE;#NULO;FEDERAÇÃO UNIÃO PROGRESSISTA (44-UNIÃO / 11-PP) / PL / FEDERAÇÃO PSDB CIDADANIA (45-PSDB / 23-CIDADANIA) / PODE / AVANTE / REPUBLICANOS / PSD / MDB
2026;PB;VICE-GOVERNADOR;DEMOCRATA;#NULO;MDB / DEMOCRATA / PSD / FEDERAÇÃO PSDB CIDADANIA (45-PSDB / 23-CIDADANIA) / PDT
2026;AL;GOVERNADOR;UNIÃO;44-UNIÃO/11-PP;PDT / PL / DC / FEDERAÇÃO PSDB CIDADANIA (45-PSDB / 23-CIDADANIA) / FEDERAÇÃO RENOVAÇÃO SOLIDÁRIA (25-PRD / 77-SOLIDARIEDADE) / FEDERAÇÃO UNIÃO PROGRESSISTA (44-UNIÃO / 11-PP)
2026;PR;GOVERNADOR;UNIÃO;44-UNIÃO/11-PP;REPUBLICANOS / MDB / DEMOCRATA / PSD / AVANTE / FEDERAÇÃO PSDB CIDADANIA (45-PSDB / 23-CIDADANIA) / FEDERAÇÃO UNIÃO PROGRESSISTA (44-UNIÃO / 11-PP)
2026;SE;SENADOR;PL;#NULO;PODE / PL / NOVO
2026;DF;GOVERNADOR;DC;#NULO;REPUBLICANOS / MDB / PODE / PL / DC / MOBILIZA / DEMOCRATA / FEDERAÇÃO RENOVAÇÃO SOLIDÁRIA (25-PRD / 77-SOLIDARIEDADE) / FEDERAÇÃO UNIÃO PROGRESSISTA (44-UNIÃO / 11-PP)
2026;AM;VICE-GOVERNADOR;DC;#NULO;PDT / DC / AGIR / AVANTE / FEDERAÇÃO RENOVAÇÃO SOLIDÁRIA (25-PRD / 77-SOLIDARIEDADE)
2026;AC;DEPUTADO ESTADUAL;UNIÃO;44-UNIÃO/11-PP;FEDERAÇÃO UNIÃO PROGRESSISTA (44-UNIÃO / 11-PP)
2026;AM;DEPUTADO FEDERAL;PRD;25-PRD/77-SOLIDARIEDADE;FEDERAÇÃO RENOVAÇÃO SOLIDÁRIA (25-PRD / 77-SOLIDARIEDADE)
2026;PA;1º SUPLENTE;PSD;#NULO;PSD / FEDERAÇÃO UNIÃO PROGRESSISTA (44-UNIÃO / 11-PP) / PSB / REPUBLICANOS / FEDERAÇÃO BRASIL DA ESPERANÇA - FE BRASIL (13-PT / 65-PC do B / 43-PV) / FEDERAÇÃO PSDB CIDADANIA (45-PSDB / 23-CIDADANIA) / MDB / AVANTE
2026;MA;1º SUPLENTE;PDT;#NULO;REPUBLICANOS / PDT / MDB / PODE / FEDERAÇÃO RENOVAÇÃO SOLIDÁRIA (25-PRD / 77-SOLIDARIEDADE)
2026;DF;GOVERNADOR;DEMOCRATA;#NULO;REPUBLICANOS / MDB / PODE / PL / DC / MOBILIZA / DEMOCRATA / FEDERAÇÃO RENOVAÇÃO SOLIDÁRIA (25-PRD / 77-SOLIDARIEDADE) / FEDERAÇÃO UNIÃO PROGRESSISTA (44-UNIÃO / 11-PP)
2026;MT;VICE-GOVERNADOR;PL;#NULO;MDB / PL / NOVO / FEDERAÇÃO RENOVAÇÃO SOLIDÁRIA (25-PRD / 77-SOLIDARIEDADE)
2026;GO;2º SUPLENTE;PDT;#NULO;PDT / PSB / FEDERAÇÃO BRASIL DA ESPERANÇA - FE BRASIL (13-PT / 65-PC do B / 43-PV) / FEDERAÇÃO PSOL REDE (50-PSOL / 18-REDE)
2026;PA;GOVERNADOR;CIDADANIA;45-PSDB/23-CIDADANIA;REPUBLICANOS / MDB / PSB / PSD / AVANTE / FEDERAÇÃO PSDB CIDADANIA (45-PSDB / 23-CIDADANIA) / FEDERAÇÃO BRASIL DA ESPERANÇA - FE BRASIL (13-PT / 65-PC do B / 43-PV) / FEDERAÇÃO UNIÃO PROGRESSISTA (44-UNIÃO / 11-PP)
2026;RR;2º SUPLENTE;PSD;#NULO;REPUBLICANOS / PODE / AGIR / PSD / FEDERAÇÃO UNIÃO PROGRESSISTA (44-UNIÃO / 11-PP)
2026;MS;2º SUPLENTE;SOLIDARIEDADE;25-PRD/77-SOLIDARIEDADE;FEDERAÇÃO RENOVAÇÃO SOLIDÁRIA (25-PRD / 77-SOLIDARIEDADE)
2026;BA;DEPUTADO FEDERAL;DC;#NULO;DC
2026;PB;DEPUTADO FEDERAL;AVANTE;#NULO;AVANTE
2026;PE;DEPUTADO FEDERAL;UNIÃO;44-UNIÃO/11-PP;FEDERAÇÃO UNIÃO PROGRESSISTA (44-UNIÃO / 11-PP)
2026;RO;DEPUTADO FEDERAL;MISSÃO;#NULO;MISSÃO
2026;AL;VICE-GOVERNADOR;CIDADANIA;45-PSDB/23-CIDADANIA;PDT / PL / DC / FEDERAÇÃO PSDB CIDADANIA (45-PSDB / 23-CIDADANIA) / FEDERAÇÃO RENOVAÇÃO SOLIDÁRIA (25-PRD / 77-SOLIDARIEDADE) / FEDERAÇÃO UNIÃO PROGRESSISTA (44-UNIÃO / 11-PP)
2026;PR;1º SUPLENTE;PV;13-PT/65-PC do B/43-PV;PDT / FEDERAÇÃO BRASIL DA ESPERANÇA - FE BRASIL (13-PT / 65-PC do B / 43-PV) / FEDERAÇÃO PSOL REDE (50-PSOL / 18-REDE) / FEDERAÇÃO RENOVAÇÃO SOLIDÁRIA (25-PRD / 77-SOLIDARIEDADE)
2026;AM;SENADOR;PSB;#NULO;PSB / FEDERAÇÃO UNIÃO PROGRESSISTA (44-UNIÃO / 11-PP) / PODE
2026;CE;GOVERNADOR;PL;#NULO;PL / FEDERAÇÃO PSDB CIDADANIA (45-PSDB / 23-CIDADANIA) / FEDERAÇÃO UNIÃO PROGRESSISTA (44-UNIÃO / 11-PP) / DC / AVANTE
2026;PA;2º SUPLENTE;CIDADANIA;45-PSDB/23-CIDADANIA;PSD / FEDERAÇÃO UNIÃO PROGRESSISTA (44-UNIÃO / 11-PP) / PSB / REPUBLICANOS / FEDERAÇÃO BRASIL DA ESPERANÇA - FE BRASIL (13-PT / 65-PC do B / 43-PV) / FEDERAÇÃO PSDB CIDADANIA (45-PSDB / 23-CIDADANIA) / MDB / AVANTE
2026;RR;VICE-GOVERNADOR;PP;44-UNIÃO/11-PP;REPUBLICANOS / PODE / AGIR / PSD / FEDERAÇÃO UNIÃO PROGRESSISTA (44-UNIÃO / 11-PP)
2026;AP;SENADOR;SOLIDARIEDADE;25-PRD/77-SOLIDARIEDADE;REPUBLICANOS / PDT / AGIR / FEDERAÇÃO UNIÃO PROGRESSISTA (44-UNIÃO / 11-PP) / FEDERAÇÃO PSDB CIDADANIA (45-PSDB / 23-CIDADANIA) / FEDERAÇÃO BRASIL DA ESPERANÇA - FE BRASIL (13-PT / 65-PC do B / 43-PV) / FEDERAÇÃO RENOVAÇÃO SOLIDÁRIA (25-PRD / 77-SOLIDARIEDADE)
2026;DF;GOVERNADOR;PSTU;#NULO;PSTU
2026;ES;DEPUTADO FEDERAL;PRD;25-PRD/77-SOLIDARIEDADE;FEDERAÇÃO RENOVAÇÃO SOLIDÁRIA (25-PRD / 77-SOLIDARIEDADE)
2026;MG;VICE-GOVERNADOR;PSTU;#NULO;PSTU
2026;MG;1º SUPLENTE;MDB;#NULO;MDB
2026;SP;DEPUTADO FEDERAL;PSDB;45-PSDB/23-CIDADANIA;FEDERAÇÃO PSDB CIDADANIA (45-PSDB / 23-CIDADANIA)
2026;MG;2º SUPLENTE;CIDADANIA;45-PSDB/23-CIDADANIA;PDT / FEDERAÇÃO PSDB CIDADANIA (45-PSDB / 23-CIDADANIA)
2026;SE;1º SUPLENTE;PCDOB;13-PT/65-PC do B/43-PV;PSB / PSD / FEDERAÇÃO BRASIL DA ESPERANÇA - FE BRASIL (13-PT / 65-PC do B / 43-PV) / FEDERAÇÃO UNIÃO PROGRESSISTA (44-UNIÃO / 11-PP)
2026;AC;VICE-GOVERNADOR;NOVO;#NULO;REPUBLICANOS / NOVO / PSD / AVANTE
2026;MG;GOVERNADOR;PRD;25-PRD/77-SOLIDARIEDADE;PSD / FEDERAÇÃO UNIÃO PROGRESSISTA (44-UNIÃO / 11-PP) / NOVO / AVANTE / FEDERAÇÃO RENOVAÇÃO SOLIDÁRIA (25-PRD / 77-SOLIDARIEDADE) / MOBILIZA / DC / AGIR
2026;DF;2º SUPLENTE;PCDOB;13-PT/65-PC do B/43-PV;PDT / FEDERAÇÃO BRASIL DA ESPERANÇA - FE BRASIL (13-PT / 65-PC do B / 43-PV) / FEDERAÇÃO PSOL REDE (50-PSOL / 18-REDE)
2026;MA;SENADOR;PSD;#NULO;NOVO / PSD
2026;MT;GOVERNADOR;PSD;#NULO;PDT / PSB / PSD / FEDERAÇÃO BRASIL DA ESPERANÇA - FE BRASIL (13-PT / 65-PC do B / 43-PV) / FEDERAÇÃO PSOL REDE (50-PSOL / 18-REDE)
2026;PB;1º SUPLENTE;PV;13-PT/65-PC do B/43-PV;REPUBLICANOS / PODE / MOBILIZA / AGIR / PSB / FEDERAÇÃO BRASIL DA ESPERANÇA - FE BRASIL (13-PT / 65-PC do B / 43-PV) / FEDERAÇÃO RENOVAÇÃO SOLIDÁRIA (25-PRD / 77-SOLIDARIEDADE) / FEDERAÇÃO UNIÃO PROGRESSISTA (44-UNIÃO / 11-PP)
2026;MG;VICE-GOVERNADOR;CIDADANIA;45-PSDB/23-CIDADANIA;PDT / FEDERAÇÃO PSDB CIDADANIA (45-PSDB / 23-CIDADANIA)
2026;PE;GOVERNADOR;PCDOB;13-PT/65-PC do B/43-PV;REPUBLICANOS / PDT / MDB / PSB / FEDERAÇÃO BRASIL DA ESPERANÇA - FE BRASIL (13-PT / 65-PC do B / 43-PV) / FEDERAÇÃO RENOVAÇÃO SOLIDÁRIA (25-PRD / 77-SOLIDARIEDADE) / DC
2026;RO;1º SUPLENTE;MDB;#NULO;PDT / MDB
2026;AL;SENADOR;SOLIDARIEDADE;25-PRD/77-SOLIDARIEDADE;PDT / PL / FEDERAÇÃO PSDB CIDADANIA (45-PSDB / 23-CIDADANIA) / FEDERAÇÃO RENOVAÇÃO SOLIDÁRIA (25-PRD / 77-SOLIDARIEDADE) / FEDERAÇÃO UNIÃO PROGRESSISTA (44-UNIÃO / 11-PP) / DC
2026;DF;1º SUPLENTE;DC;#NULO;REPUBLICANOS / MDB / PODE / PL / FEDERAÇÃO RENOVAÇÃO SOLIDÁRIA (25-PRD / 77-SOLIDARIEDADE) / FEDERAÇÃO UNIÃO PROGRESSISTA (44-UNIÃO / 11-PP) / DC / MOBILIZA / DEMOCRATA
2026;AP;VICE-GOVERNADOR;PSTU;#NULO;PSTU
2026;RO;DEPUTADO FEDERAL;UNIÃO;44-UNIÃO/11-PP;FEDERAÇÃO UNIÃO PROGRESSISTA (44-UNIÃO / 11-PP)
2026;TO;1º SUPLENTE;PL;#NULO;PL
2026;MS;VICE-GOVERNADOR;SOLIDARIEDADE;25-PRD/77-SOLIDARIEDADE;FEDERAÇÃO RENOVAÇÃO SOLIDÁRIA (25-PRD / 77-SOLIDARIEDADE)
2026;SP;DEPUTADO ESTADUAL;AVANTE;#NULO;AVANTE
2026;BA;GOVERNADOR;CIDADANIA;45-PSDB/23-CIDADANIA;REPUBLICANOS / PODE / PL / FEDERAÇÃO PSDB CIDADANIA (45-PSDB / 23-CIDADANIA) / FEDERAÇÃO RENOVAÇÃO SOLIDÁRIA (25-PRD / 77-SOLIDARIEDADE) / FEDERAÇÃO UNIÃO PROGRESSISTA (44-UNIÃO / 11-PP) / NOVO
2026;CE;2º SUPLENTE;AVANTE;#NULO;PL / DC / AVANTE / FEDERAÇÃO PSDB CIDADANIA (45-PSDB / 23-CIDADANIA) / FEDERAÇÃO UNIÃO PROGRESSISTA (44-UNIÃO / 11-PP)
2026;CE;VICE-GOVERNADOR;NOVO;#NULO;NOVO
2026;RR;1º SUPLENTE;AVANTE;#NULO;AVANTE / FEDERAÇÃO RENOVAÇÃO SOLIDÁRIA (25-PRD / 77-SOLIDARIEDADE)
2026;ES;2º SUPLENTE;PSDB;45-PSDB/23-CIDADANIA;PDT / MDB / PODE / AGIR / PSB / FEDERAÇÃO PSDB CIDADANIA (45-PSDB / 23-CIDADANIA) / FEDERAÇÃO UNIÃO PROGRESSISTA (44-UNIÃO / 11-PP)
2026;CE;2º SUPLENTE;DC;#NULO;PL / DC / AVANTE / FEDERAÇÃO PSDB CIDADANIA (45-PSDB / 23-CIDADANIA) / FEDERAÇÃO UNIÃO PROGRESSISTA (44-UNIÃO / 11-PP)
2026;RN;VICE-GOVERNADOR;CIDADANIA;45-PSDB/23-CIDADANIA;PODE / PL / NOVO / FEDERAÇÃO PSDB CIDADANIA (45-PSDB / 23-CIDADANIA) / MOBILIZA
2026;RN;GOVERNADOR;UP;#NULO;UP
2026;DF;DEPUTADO FEDERAL;DC;#NULO;DC
2026;AM;DEPUTADO FEDERAL;PSB;#NULO;PSB
2026;PB;DEPUTADO FEDERAL;NOVO;#NULO;NOVO
2026;TO;2º SUPLENTE;DC;#NULO;DC
2026;PR;DEPUTADO FEDERAL;PODE;#NULO;PODE
2026;RJ;GOVERNADOR;NOVO;#NULO;NOVO
2026;AL;DEPUTADO FEDERAL;NOVO;#NULO;NOVO
2026;RJ;DEPUTADO ESTADUAL;AVANTE;#NULO;AVANTE
2026;PA;DEPUTADO ESTADUAL;MDB;#NULO;MDB
2026;RR;GOVERNADOR;PODE;#NULO;REPUBLICANOS / PODE / AGIR / PSD / FEDERAÇÃO UNIÃO PROGRESSISTA (44-UNIÃO / 11-PP)
2026;PR;VICE-GOVERNADOR;SOLIDARIEDADE;25-PRD/77-SOLIDARIEDADE;PDT / FEDERAÇÃO BRASIL DA ESPERANÇA - FE BRASIL (13-PT / 65-PC do B / 43-PV) / FEDERAÇÃO PSOL REDE (50-PSOL / 18-REDE) / FEDERAÇÃO RENOVAÇÃO SOLIDÁRIA (25-PRD / 77-SOLIDARIEDADE)
2026;MG;DEPUTADO ESTADUAL;DEMOCRATA;#NULO;DEMOCRATA
2026;AC;DEPUTADO ESTADUAL;SOLIDARIEDADE;25-PRD/77-SOLIDARIEDADE;FEDERAÇÃO RENOVAÇÃO SOLIDÁRIA (25-PRD / 77-SOLIDARIEDADE)
2026;GO;2º SUPLENTE;PCDOB;13-PT/65-PC do B/43-PV;PDT / PSB / FEDERAÇÃO BRASIL DA ESPERANÇA - FE BRASIL (13-PT / 65-PC do B / 43-PV) / FEDERAÇÃO PSOL REDE (50-PSOL / 18-REDE)
2026;MT;DEPUTADO FEDERAL;PT;13-PT/65-PC do B/43-PV;FEDERAÇÃO BRASIL DA ESPERANÇA - FE BRASIL (13-PT / 65-PC do B / 43-PV)
2026;BA;DEPUTADO FEDERAL;PSDB;45-PSDB/23-CIDADANIA;FEDERAÇÃO PSDB CIDADANIA (45-PSDB / 23-CIDADANIA)
2026;MG;DEPUTADO FEDERAL;PODE;#NULO;PODE
2026;RJ;VICE-GOVERNADOR;DEMOCRATA;#NULO;REPUBLICANOS / DEMOCRATA
2026;PE;2º SUPLENTE;UNIÃO;44-UNIÃO/11-PP;PODE / PSD / AVANTE / FEDERAÇÃO PSDB CIDADANIA (45-PSDB / 23-CIDADANIA) / FEDERAÇÃO UNIÃO PROGRESSISTA (44-UNIÃO / 11-PP)
2026;PA;VICE-GOVERNADOR;NOVO;#NULO;PODE / PL / DC / NOVO / FEDERAÇÃO RENOVAÇÃO SOLIDÁRIA (25-PRD / 77-SOLIDARIEDADE)
2026;TO;DEPUTADO ESTADUAL;CIDADANIA;45-PSDB/23-CIDADANIA;FEDERAÇÃO PSDB CIDADANIA (45-PSDB / 23-CIDADANIA)
2026;ES;1º SUPLENTE;NOVO;#NULO;NOVO
2026;PI;DEPUTADO ESTADUAL;AVANTE;#NULO;AVANTE
2026;GO;SENADOR;PRD;25-PRD/77-SOLIDARIEDADE;FEDERAÇÃO RENOVAÇÃO SOLIDÁRIA (25-PRD / 77-SOLIDARIEDADE)
2026;BA;GOVERNADOR;UNIÃO;44-UNIÃO/11-PP;REPUBLICANOS / PODE / PL / FEDERAÇÃO PSDB CIDADANIA (45-PSDB / 23-CIDADANIA) / FEDERAÇÃO RENOVAÇÃO SOLIDÁRIA (25-PRD / 77-SOLIDARIEDADE) / FEDERAÇÃO UNIÃO PROGRESSISTA (44-UNIÃO / 11-PP) / NOVO
2026;RN;VICE-GOVERNADOR;PT;13-PT/65-PC do B/43-PV;PDT / PSB / FEDERAÇÃO BRASIL DA ESPERANÇA - FE BRASIL (13-PT / 65-PC do B / 43-PV)
2026;ES;VICE-GOVERNADOR;PSDB;45-PSDB/23-CIDADANIA;PODE / MDB / AGIR / PSB / PDT / FEDERAÇÃO PSDB CIDADANIA (45-PSDB / 23-CIDADANIA) / FEDERAÇÃO UNIÃO PROGRESSISTA (44-UNIÃO / 11-PP)
2026;RJ;SENADOR;PSDB;45-PSDB/23-CIDADANIA;PDT / MDB / DC / FEDERAÇÃO BRASIL DA ESPERANÇA - FE BRASIL (13-PT / 65-PC do B / 43-PV) / PSB / PSD / FEDERAÇÃO PSDB CIDADANIA (45-PSDB / 23-CIDADANIA) / FEDERAÇÃO RENOVAÇÃO SOLIDÁRIA (25-PRD / 77-SOLIDARIEDADE)
2026;SP;VICE-GOVERNADOR;PDT;#NULO;PDT / PSB / FEDERAÇÃO BRASIL DA ESPERANÇA - FE BRASIL (13-PT / 65-PC do B / 43-PV) / FEDERAÇÃO PSOL REDE (50-PSOL / 18-REDE)
2026;GO;GOVERNADOR;PSOL;50-PSOL/18-REDE;PDT / PSB / FEDERAÇÃO BRASIL DA ESPERANÇA - FE BRASIL (13-PT / 65-PC do B / 43-PV) / FEDERAÇÃO PSOL REDE (50-PSOL / 18-REDE)
2026;TO;SENADOR;PSB;#NULO;FEDERAÇÃO BRASIL DA ESPERANÇA - FE BRASIL (13-PT / 65-PC do B / 43-PV) / PDT / PSB / PSD
2026;PR;GOVERNADOR;PV;13-PT/65-PC do B/43-PV;PDT / FEDERAÇÃO BRASIL DA ESPERANÇA - FE BRASIL (13-PT / 65-PC do B / 43-PV) / FEDERAÇÃO PSOL REDE (50-PSOL / 18-REDE) / FEDERAÇÃO RENOVAÇÃO SOLIDÁRIA (25-PRD / 77-SOLIDARIEDADE)
2026;GO;GOVERNADOR;MOBILIZA;#NULO;REPUBLICANOS / MDB / PODE / MOBILIZA / DEMOCRATA / AGIR / PSD / AVANTE / FEDERAÇÃO RENOVAÇÃO SOLIDÁRIA (25-PRD / 77-SOLIDARIEDADE) / FEDERAÇÃO UNIÃO PROGRESSISTA (44-UNIÃO / 11-PP)
2026;MS;DEPUTADO ESTADUAL;PT;13-PT/65-PC do B/43-PV;FEDERAÇÃO BRASIL DA ESPERANÇA - FE BRASIL (13-PT / 65-PC do B / 43-PV)
2026;MS;DEPUTADO ESTADUAL;PSDB;45-PSDB/23-CIDADANIA;FEDERAÇÃO PSDB CIDADANIA (45-PSDB / 23-CIDADANIA)
2026;BA;DEPUTADO FEDERAL;PL;#NULO;PL
2026;RS;VICE-GOVERNADOR;CIDADANIA;45-PSDB/23-CIDADANIA;FEDERAÇÃO PSDB CIDADANIA (45-PSDB / 23-CIDADANIA)
2026;ES;2º SUPLENTE;DEMOCRATA;#NULO;REPUBLICANOS / PL / DEMOCRATA
2026;ES;GOVERNADOR;CIDADANIA;45-PSDB/23-CIDADANIA;PODE / MDB / AGIR / PSB / PDT / FEDERAÇÃO PSDB CIDADANIA (45-PSDB / 23-CIDADANIA) / FEDERAÇÃO UNIÃO PROGRESSISTA (44-UNIÃO / 11-PP)
2026;PR;SENADOR;PRD;25-PRD/77-SOLIDARIEDADE;PDT / FEDERAÇÃO BRASIL DA ESPERANÇA - FE BRASIL (13-PT / 65-PC do B / 43-PV) / FEDERAÇÃO PSOL REDE (50-PSOL / 18-REDE) / FEDERAÇÃO RENOVAÇÃO SOLIDÁRIA (25-PRD / 77-SOLIDARIEDADE)
2026;AP;VICE-GOVERNADOR;REPUBLICANOS;#NULO;REPUBLICANOS / PDT / AGIR / FEDERAÇÃO UNIÃO PROGRESSISTA (44-UNIÃO / 11-PP) / FEDERAÇÃO PSDB CIDADANIA (45-PSDB / 23-CIDADANIA) / FEDERAÇÃO BRASIL DA ESPERANÇA - FE BRASIL (13-PT / 65-PC do B / 43-PV) / FEDERAÇÃO RENOVAÇÃO SOLIDÁRIA (25-PRD / 77-SOLIDARIEDADE)
2026;TO;1º SUPLENTE;PT;13-PT/65-PC do B/43-PV;FEDERAÇÃO BRASIL DA ESPERANÇA - FE BRASIL (13-PT / 65-PC do B / 43-PV) / PDT / PSB / PSD
2026;MA;VICE-GOVERNADOR;MDB;#NULO;MDB / PDT / REPUBLICANOS / PODE / FEDERAÇÃO RENOVAÇÃO SOLIDÁRIA (25-PRD / 77-SOLIDARIEDADE)
2026;AL;DEPUTADO ESTADUAL;MISSÃO;#NULO;MISSÃO
2026;RN;2º SUPLENTE;PRD;25-PRD/77-SOLIDARIEDADE;REPUBLICANOS / MDB / PSD / FEDERAÇÃO RENOVAÇÃO SOLIDÁRIA (25-PRD / 77-SOLIDARIEDADE) / FEDERAÇÃO UNIÃO PROGRESSISTA (44-UNIÃO / 11-PP) / AVANTE
2026;RO;VICE-GOVERNADOR;PP;44-UNIÃO/11-PP;REPUBLICANOS / FEDERAÇÃO UNIÃO PROGRESSISTA (44-UNIÃO / 11-PP)
2026;PR;GOVERNADOR;DEMOCRATA;#NULO;REPUBLICANOS / MDB / DEMOCRATA / PSD / AVANTE / FEDERAÇÃO PSDB CIDADANIA (45-PSDB / 23-CIDADANIA) / FEDERAÇÃO UNIÃO PROGRESSISTA (44-UNIÃO / 11-PP)
2026;PI;VICE-GOVERNADOR;DC;#NULO;DC
2026;RO;DEPUTADO ESTADUAL;PCDOB;13-PT/65-PC do B/43-PV;FEDERAÇÃO BRASIL DA ESPERANÇA - FE BRASIL (13-PT / 65-PC do B / 43-PV)
2026;MA;DEPUTADO FEDERAL;AVANTE;#NULO;AVANTE
2026;BA;SENADOR;PSOL;50-PSOL/18-REDE;FEDERAÇÃO PSOL REDE (50-PSOL / 18-REDE)
2026;PI;DEPUTADO ESTADUAL;PSDB;45-PSDB/23-CIDADANIA;FEDERAÇÃO PSDB CIDADANIA (45-PSDB / 23-CIDADANIA)
2026;MS;SENADOR;SOLIDARIEDADE;25-PRD/77-SOLIDARIEDADE;FEDERAÇÃO RENOVAÇÃO SOLIDÁRIA (25-PRD / 77-SOLIDARIEDADE)
2026;AC;SENADOR;NOVO;#NULO;REPUBLICANOS / PSD / AVANTE / NOVO
2026;MA;VICE-GOVERNADOR;REPUBLICANOS;#NULO;MDB / PDT / REPUBLICANOS / PODE / FEDERAÇÃO RENOVAÇÃO SOLIDÁRIA (25-PRD / 77-SOLIDARIEDADE)
2026;PB;2º SUPLENTE;PDT;#NULO;MDB / DEMOCRATA / PSD / FEDERAÇÃO PSDB CIDADANIA (45-PSDB / 23-CIDADANIA) / PDT
2026;MG;2º SUPLENTE;PSB;#NULO;PSB / FEDERAÇÃO BRASIL DA ESPERANÇA - FE BRASIL (13-PT / 65-PC do B / 43-PV) / FEDERAÇÃO PSOL REDE (50-PSOL / 18-REDE)
2026;PR;GOVERNADOR;MDB;#NULO;REPUBLICANOS / MDB / DEMOCRATA / PSD / AVANTE / FEDERAÇÃO PSDB CIDADANIA (45-PSDB / 23-CIDADANIA) / FEDERAÇÃO UNIÃO PROGRESSISTA (44-UNIÃO / 11-PP)
2026;MA;VICE-GOVERNADOR;PCB;#NULO;PCB
2026;BA;DEPUTADO ESTADUAL;PL;#NULO;PL
2026;PI;DEPUTADO ESTADUAL;PSD;#NULO;PSD
2026;SE;2º SUPLENTE;MDB;#NULO;MDB
2026;PI;VICE-GOVERNADOR;PV;13-PT/65-PC do B/43-PV;REPUBLICANOS / PDT / MDB / PSD / FEDERAÇÃO BRASIL DA ESPERANÇA - FE BRASIL (13-PT / 65-PC do B / 43-PV)
2026;PI;GOVERNADOR;PT;13-PT/65-PC do B/43-PV;REPUBLICANOS / PDT / MDB / PSD / FEDERAÇÃO BRASIL DA ESPERANÇA - FE BRASIL (13-PT / 65-PC do B / 43-PV)
2026;PA;2º SUPLENTE;PV;13-PT/65-PC do B/43-PV;PSD / FEDERAÇÃO UNIÃO PROGRESSISTA (44-UNIÃO / 11-PP) / PSB / REPUBLICANOS / FEDERAÇÃO BRASIL DA ESPERANÇA - FE BRASIL (13-PT / 65-PC do B / 43-PV) / FEDERAÇÃO PSDB CIDADANIA (45-PSDB / 23-CIDADANIA) / MDB / AVANTE
2026;RJ;SENADOR;PT;13-PT/65-PC do B/43-PV;PDT / MDB / DC / FEDERAÇÃO BRASIL DA ESPERANÇA - FE BRASIL (13-PT / 65-PC do B / 43-PV) / PSB / PSD / FEDERAÇÃO PSDB CIDADANIA (45-PSDB / 23-CIDADANIA) / FEDERAÇÃO RENOVAÇÃO SOLIDÁRIA (25-PRD / 77-SOLIDARIEDADE)
2026;PI;GOVERNADOR;REPUBLICANOS;#NULO;REPUBLICANOS / PDT / MDB / PSD / FEDERAÇÃO BRASIL DA ESPERANÇA - FE BRASIL (13-PT / 65-PC do B / 43-PV)
2026;AC;1º SUPLENTE;REPUBLICANOS;#NULO;REPUBLICANOS / PSD / AVANTE / NOVO
2026;BA;2º SUPLENTE;MDB;#NULO;PDT / MDB / PSB / PSD / AVANTE / FEDERAÇÃO BRASIL DA ESPERANÇA - FE BRASIL (13-PT / 65-PC do B / 43-PV)
2026;RO;VICE-GOVERNADOR;PL;#NULO;PODE / PL / DC / NOVO / MOBILIZA
2026;SC;VICE-GOVERNADOR;AGIR;#NULO;AVANTE / AGIR / DC / FEDERAÇÃO PSDB CIDADANIA (45-PSDB / 23-CIDADANIA) / NOVO / REPUBLICANOS / PODE / PL
2026;RJ;SENADOR;PSTU;#NULO;PSTU
2026;BA;VICE-GOVERNADOR;PT;13-PT/65-PC do B/43-PV;PDT / MDB / PSB / PSD / AVANTE / FEDERAÇÃO BRASIL DA ESPERANÇA - FE BRASIL (13-PT / 65-PC do B / 43-PV)
2026;PR;VICE-GOVERNADOR;PSD;#NULO;REPUBLICANOS / MDB / DEMOCRATA / PSD / AVANTE / FEDERAÇÃO PSDB CIDADANIA (45-PSDB / 23-CIDADANIA) / FEDERAÇÃO UNIÃO PROGRESSISTA (44-UNIÃO / 11-PP)
2026;MT;SENADOR;UNIÃO;44-UNIÃO/11-PP;REPUBLICANOS / PODE / FEDERAÇÃO PSDB CIDADANIA (45-PSDB / 23-CIDADANIA) / FEDERAÇÃO UNIÃO PROGRESSISTA (44-UNIÃO / 11-PP)
2026;PR;DEPUTADO ESTADUAL;PSTU;#NULO;PSTU
2026;CE;2º SUPLENTE;REDE;50-PSOL/18-REDE;PDT / PODE / PSB / PSD / FEDERAÇÃO BRASIL DA ESPERANÇA - FE BRASIL (13-PT / 65-PC do B / 43-PV) / FEDERAÇÃO PSOL REDE (50-PSOL / 18-REDE) / FEDERAÇÃO RENOVAÇÃO SOLIDÁRIA (25-PRD / 77-SOLIDARIEDADE) / REPUBLICANOS / MDB / MOBILIZA
2026;MG;SENADOR;PV;13-PT/65-PC do B/43-PV;PSB / FEDERAÇÃO BRASIL DA ESPERANÇA - FE BRASIL (13-PT / 65-PC do B / 43-PV) / FEDERAÇÃO PSOL REDE (50-PSOL / 18-REDE)
2026;MS;DEPUTADO FEDERAL;PDT;#NULO;PDT
2026;AP;2º SUPLENTE;PCO;#NULO;PCO
2026;AL;GOVERNADOR;PODE;#NULO;MDB / PODE / AGIR / PSB / PSD / AVANTE / FEDERAÇÃO BRASIL DA ESPERANÇA - FE BRASIL (13-PT / 65-PC do B / 43-PV)
2026;PE;1º SUPLENTE;PCDOB;13-PT/65-PC do B/43-PV;REPUBLICANOS / PDT / MDB / DC / PSB / FEDERAÇÃO BRASIL DA ESPERANÇA - FE BRASIL (13-PT / 65-PC do B / 43-PV) / FEDERAÇÃO RENOVAÇÃO SOLIDÁRIA (25-PRD / 77-SOLIDARIEDADE)
2026;CE;VICE-GOVERNADOR;PCDOB;13-PT/65-PC do B/43-PV;PSB / PDT / PODE / MOBILIZA / FEDERAÇÃO BRASIL DA ESPERANÇA - FE BRASIL (13-PT / 65-PC do B / 43-PV) / REPUBLICANOS / PSD / MDB / FEDERAÇÃO RENOVAÇÃO SOLIDÁRIA (25-PRD / 77-SOLIDARIEDADE) / FEDERAÇÃO PSOL REDE (50-PSOL / 18-REDE)
2026;PI;1º SUPLENTE;AVANTE;#NULO;NOVO / AVANTE
2026;RS;1º SUPLENTE;MDB;#NULO;MDB / PSD / FEDERAÇÃO RENOVAÇÃO SOLIDÁRIA (25-PRD / 77-SOLIDARIEDADE)
2026;RO;1º SUPLENTE;SOLIDARIEDADE;25-PRD/77-SOLIDARIEDADE;PSD / AVANTE / FEDERAÇÃO RENOVAÇÃO SOLIDÁRIA (25-PRD / 77-SOLIDARIEDADE)
2026;DF;VICE-GOVERNADOR;AVANTE;#NULO;PSD / AVANTE
2026;AC;DEPUTADO ESTADUAL;PL;#NULO;PL
2026;MA;DEPUTADO FEDERAL;REPUBLICANOS;#NULO;REPUBLICANOS
2026;SP;1º SUPLENTE;MISSÃO;#NULO;MISSÃO
2026;SC;DEPUTADO ESTADUAL;PV;13-PT/65-PC do B/43-PV;FEDERAÇÃO BRASIL DA ESPERANÇA - FE BRASIL (13-PT / 65-PC do B / 43-PV)
2026;AC;DEPUTADO FEDERAL;PL;#NULO;PL
2026;AC;DEPUTADO FEDERAL;PSB;#NULO;PSB
2026;AP;DEPUTADO ESTADUAL;NOVO;#NULO;NOVO
2026;SC;DEPUTADO FEDERAL;PSDB;45-PSDB/23-CIDADANIA;FEDERAÇÃO PSDB CIDADANIA (45-PSDB / 23-CIDADANIA)
2026;RO;DEPUTADO ESTADUAL;REDE;50-PSOL/18-REDE;FEDERAÇÃO PSOL REDE (50-PSOL / 18-REDE)
2026;AM;1º SUPLENTE;MOBILIZA;#NULO;MOBILIZA
2026;MS;2º SUPLENTE;NOVO;#NULO;NOVO
2026;PI;SENADOR;CIDADANIA;45-PSDB/23-CIDADANIA;FEDERAÇÃO PSDB CIDADANIA (45-PSDB / 23-CIDADANIA)
2026;SC;DEPUTADO FEDERAL;MDB;#NULO;MDB
2026;MT;GOVERNADOR;REPUBLICANOS;#NULO;FEDERAÇÃO PSDB CIDADANIA (45-PSDB / 23-CIDADANIA) / REPUBLICANOS / FEDERAÇÃO UNIÃO PROGRESSISTA (44-UNIÃO / 11-PP) / PODE
2026;PA;GOVERNADOR;PRD;25-PRD/77-SOLIDARIEDADE;PODE / PL / DC / NOVO / FEDERAÇÃO RENOVAÇÃO SOLIDÁRIA (25-PRD / 77-SOLIDARIEDADE)
2026;RO;GOVERNADOR;PDT;#NULO;PDT / MDB
2026;SP;1º SUPLENTE;PDT;#NULO;PDT / PSB / FEDERAÇÃO BRASIL DA ESPERANÇA - FE BRASIL (13-PT / 65-PC do B / 43-PV) / FEDERAÇÃO PSOL REDE (50-PSOL / 18-REDE)
2026;GO;1º SUPLENTE;CIDADANIA;45-PSDB/23-CIDADANIA;DC / FEDERAÇÃO PSDB CIDADANIA (45-PSDB / 23-CIDADANIA)
2026;RJ;VICE-GOVERNADOR;AVANTE;#NULO;PL / MOBILIZA / AGIR / AVANTE
2026;RN;2º SUPLENTE;AVANTE;#NULO;REPUBLICANOS / MDB / PSD / FEDERAÇÃO RENOVAÇÃO SOLIDÁRIA (25-PRD / 77-SOLIDARIEDADE) / FEDERAÇÃO UNIÃO PROGRESSISTA (44-UNIÃO / 11-PP) / AVANTE
2026;MG;SENADOR;AVANTE;#NULO;AVANTE
2026;PE;GOVERNADOR;REPUBLICANOS;#NULO;REPUBLICANOS / PDT / MDB / PSB / FEDERAÇÃO BRASIL DA ESPERANÇA - FE BRASIL (13-PT / 65-PC do B / 43-PV) / FEDERAÇÃO RENOVAÇÃO SOLIDÁRIA (25-PRD / 77-SOLIDARIEDADE) / DC
2026;PE;SENADOR;AVANTE;#NULO;PODE / PSD / AVANTE / FEDERAÇÃO PSDB CIDADANIA (45-PSDB / 23-CIDADANIA) / FEDERAÇÃO UNIÃO PROGRESSISTA (44-UNIÃO / 11-PP)
2026;SC;VICE-GOVERNADOR;NOVO;#NULO;AVANTE / AGIR / DC / FEDERAÇÃO PSDB CIDADANIA (45-PSDB / 23-CIDADANIA) / NOVO / REPUBLICANOS / PODE / PL
2026;SP;SENADOR;PSB;#NULO;PDT / PSB / FEDERAÇÃO BRASIL DA ESPERANÇA - FE BRASIL (13-PT / 65-PC do B / 43-PV) / FEDERAÇÃO PSOL REDE (50-PSOL / 18-REDE)
2026;AM;GOVERNADOR;AGIR;#NULO;PDT / DC / AGIR / AVANTE / FEDERAÇÃO RENOVAÇÃO SOLIDÁRIA (25-PRD / 77-SOLIDARIEDADE)
2026;BA;2º SUPLENTE;PSB;#NULO;PDT / MDB / PSB / PSD / AVANTE / FEDERAÇÃO BRASIL DA ESPERANÇA - FE BRASIL (13-PT / 65-PC do B / 43-PV)
2026;PR;1º SUPLENTE;REPUBLICANOS;#NULO;REPUBLICANOS / MDB / DEMOCRATA / PSD / AVANTE / FEDERAÇÃO PSDB CIDADANIA (45-PSDB / 23-CIDADANIA) / FEDERAÇÃO UNIÃO PROGRESSISTA (44-UNIÃO / 11-PP)
2026;AC;SENADOR;PSB;#NULO;PODE / PSB / FEDERAÇÃO BRASIL DA ESPERANÇA - FE BRASIL (13-PT / 65-PC do B / 43-PV)
2026;MA;GOVERNADOR;PODE;#NULO;MDB / PDT / REPUBLICANOS / PODE / FEDERAÇÃO RENOVAÇÃO SOLIDÁRIA (25-PRD / 77-SOLIDARIEDADE)
2026;RJ;SENADOR;MISSÃO;#NULO;MISSÃO
2026;ES;DEPUTADO ESTADUAL;PV;13-PT/65-PC do B/43-PV;FEDERAÇÃO BRASIL DA ESPERANÇA - FE BRASIL (13-PT / 65-PC do B / 43-PV)
2026;GO;DEPUTADO FEDERAL;PSOL;50-PSOL/18-REDE;FEDERAÇÃO PSOL REDE (50-PSOL / 18-REDE)
2026;MG;SENADOR;UNIÃO;44-UNIÃO/11-PP;FEDERAÇÃO UNIÃO PROGRESSISTA (44-UNIÃO / 11-PP)
2026;SC;SENADOR;REDE;50-PSOL/18-REDE;PDT / PSB / FEDERAÇÃO BRASIL DA ESPERANÇA - FE BRASIL (13-PT / 65-PC do B / 43-PV) / FEDERAÇÃO PSOL REDE (50-PSOL / 18-REDE)
2026;MT;2º SUPLENTE;PODE;#NULO;REPUBLICANOS / PODE / FEDERAÇÃO PSDB CIDADANIA (45-PSDB / 23-CIDADANIA) / FEDERAÇÃO UNIÃO PROGRESSISTA (44-UNIÃO / 11-PP)
2026;AL;GOVERNADOR;SOLIDARIEDADE;25-PRD/77-SOLIDARIEDADE;PDT / PL / DC / FEDERAÇÃO PSDB CIDADANIA (45-PSDB / 23-CIDADANIA) / FEDERAÇÃO RENOVAÇÃO SOLIDÁRIA (25-PRD / 77-SOLIDARIEDADE) / FEDERAÇÃO UNIÃO PROGRESSISTA (44-UNIÃO / 11-PP)
2026;CE;GOVERNADOR;UNIÃO;44-UNIÃO/11-PP;PL / FEDERAÇÃO PSDB CIDADANIA (45-PSDB / 23-CIDADANIA) / FEDERAÇÃO UNIÃO PROGRESSISTA (44-UNIÃO / 11-PP) / DC / AVANTE
2026;AL;DEPUTADO FEDERAL;MISSÃO;#NULO;MISSÃO
2026;ES;DEPUTADO FEDERAL;PODE;#NULO;PODE
2026;AL;2º SUPLENTE;PODE;#NULO;MDB / PODE / AGIR / PSB / PSD / AVANTE / FEDERAÇÃO BRASIL DA ESPERANÇA - FE BRASIL (13-PT / 65-PC do B / 43-PV)
2026;AM;2º SUPLENTE;PSOL;50-PSOL/18-REDE;FEDERAÇÃO PSOL REDE (50-PSOL / 18-REDE)
2026;SC;DEPUTADO ESTADUAL;PDT;#NULO;PDT
2026;RJ;2º SUPLENTE;PL;#NULO;PL
2026;RS;DEPUTADO ESTADUAL;PSTU;#NULO;PSTU
2026;DF;VICE-GOVERNADOR;PSB;#NULO;PSB
2026;MS;SENADOR;REDE;50-PSOL/18-REDE;FEDERAÇÃO PSOL REDE (50-PSOL / 18-REDE)
2026;PB;1º SUPLENTE;UNIÃO;44-UNIÃO/11-PP;REPUBLICANOS / PODE / MOBILIZA / AGIR / PSB / FEDERAÇÃO BRASIL DA ESPERANÇA - FE BRASIL (13-PT / 65-PC do B / 43-PV) / FEDERAÇÃO RENOVAÇÃO SOLIDÁRIA (25-PRD / 77-SOLIDARIEDADE) / FEDERAÇÃO UNIÃO PROGRESSISTA (44-UNIÃO / 11-PP)
2026;PB;VICE-GOVERNADOR;SOLIDARIEDADE;25-PRD/77-SOLIDARIEDADE;PODE / MOBILIZA / FEDERAÇÃO BRASIL DA ESPERANÇA - FE BRASIL (13-PT / 65-PC do B / 43-PV) / AGIR / FEDERAÇÃO RENOVAÇÃO SOLIDÁRIA (25-PRD / 77-SOLIDARIEDADE) / FEDERAÇÃO UNIÃO PROGRESSISTA (44-UNIÃO / 11-PP) / REPUBLICANOS / PSB
2026;RO;2º SUPLENTE;AVANTE;#NULO;PSD / AVANTE / FEDERAÇÃO RENOVAÇÃO SOLIDÁRIA (25-PRD / 77-SOLIDARIEDADE)
2026;RS;VICE-GOVERNADOR;PSD;#NULO;MDB / PSD / FEDERAÇÃO RENOVAÇÃO SOLIDÁRIA (25-PRD / 77-SOLIDARIEDADE)
2026;BR;PRESIDENTE;PCDOB;13-PT/65-PC do B/43-PV;PSB / PDT / FEDERAÇÃO BRASIL DA ESPERANÇA - FE BRASIL (13-PT / 65-PC do B / 43-PV) / FEDERAÇÃO PSOL REDE (50-PSOL / 18-REDE)
2026;CE;1º SUPLENTE;PSOL;50-PSOL/18-REDE;PDT / PODE / PSB / PSD / FEDERAÇÃO BRASIL DA ESPERANÇA - FE BRASIL (13-PT / 65-PC do B / 43-PV) / FEDERAÇÃO PSOL REDE (50-PSOL / 18-REDE) / FEDERAÇÃO RENOVAÇÃO SOLIDÁRIA (25-PRD / 77-SOLIDARIEDADE) / REPUBLICANOS / MDB / MOBILIZA
2026;SE;VICE-GOVERNADOR;CIDADANIA;45-PSDB/23-CIDADANIA;FEDERAÇÃO PSDB CIDADANIA (45-PSDB / 23-CIDADANIA)
2026;RR;1º SUPLENTE;MDB;#NULO;PDT / MDB
2026;GO;GOVERNADOR;PL;#NULO;PL / NOVO
2026;MG;GOVERNADOR;PDT;#NULO;PDT / FEDERAÇÃO PSDB CIDADANIA (45-PSDB / 23-CIDADANIA)
2026;MS;GOVERNADOR;PDT;#NULO;PDT / PSB / FEDERAÇÃO BRASIL DA ESPERANÇA - FE BRASIL (13-PT / 65-PC do B / 43-PV)
2026;PI;SENADOR;REPUBLICANOS;#NULO;REPUBLICANOS / PDT / MDB / PSD / FEDERAÇÃO BRASIL DA ESPERANÇA - FE BRASIL (13-PT / 65-PC do B / 43-PV)
2026;PB;VICE-GOVERNADOR;PL;#NULO;PL
2026;PR;2º SUPLENTE;DEMOCRATA;#NULO;REPUBLICANOS / MDB / DEMOCRATA / PSD / AVANTE / FEDERAÇÃO PSDB CIDADANIA (45-PSDB / 23-CIDADANIA) / FEDERAÇÃO UNIÃO PROGRESSISTA (44-UNIÃO / 11-PP)
2026;PR;GOVERNADOR;AVANTE;#NULO;REPUBLICANOS / MDB / DEMOCRATA / PSD / AVANTE / FEDERAÇÃO PSDB CIDADANIA (45-PSDB / 23-CIDADANIA) / FEDERAÇÃO UNIÃO PROGRESSISTA (44-UNIÃO / 11-PP)
2026;RN;SENADOR;PT;13-PT/65-PC do B/43-PV;PDT / PSB / FEDERAÇÃO BRASIL DA ESPERANÇA - FE BRASIL (13-PT / 65-PC do B / 43-PV)
2026;PA;GOVERNADOR;PSD;#NULO;REPUBLICANOS / MDB / PSB / PSD / AVANTE / FEDERAÇÃO PSDB CIDADANIA (45-PSDB / 23-CIDADANIA) / FEDERAÇÃO BRASIL DA ESPERANÇA - FE BRASIL (13-PT / 65-PC do B / 43-PV) / FEDERAÇÃO UNIÃO PROGRESSISTA (44-UNIÃO / 11-PP)
2026;DF;SENADOR;PL;#NULO;REPUBLICANOS / MDB / PODE / PL / FEDERAÇÃO RENOVAÇÃO SOLIDÁRIA (25-PRD / 77-SOLIDARIEDADE) / FEDERAÇÃO UNIÃO PROGRESSISTA (44-UNIÃO / 11-PP) / DC / MOBILIZA / DEMOCRATA
2026;DF;GOVERNADOR;REDE;50-PSOL/18-REDE;PDT / FEDERAÇÃO BRASIL DA ESPERANÇA - FE BRASIL (13-PT / 65-PC do B / 43-PV) / FEDERAÇÃO PSOL REDE (50-PSOL / 18-REDE)
2026;BA;2º SUPLENTE;PV;13-PT/65-PC do B/43-PV;PDT / MDB / PSB / PSD / AVANTE / FEDERAÇÃO BRASIL DA ESPERANÇA - FE BRASIL (13-PT / 65-PC do B / 43-PV)
2026;SP;SENADOR;REPUBLICANOS;#NULO;FEDERAÇÃO UNIÃO PROGRESSISTA (44-UNIÃO / 11-PP) / REPUBLICANOS / PL / MDB / DEMOCRATA / PSD / FEDERAÇÃO RENOVAÇÃO SOLIDÁRIA (25-PRD / 77-SOLIDARIEDADE) / AVANTE
2026;BA;DEPUTADO ESTADUAL;MDB;#NULO;MDB
2026;BA;DEPUTADO FEDERAL;AVANTE;#NULO;AVANTE
2026;PE;VICE-GOVERNADOR;PSTU;#NULO;PSTU
2026;RR;DEPUTADO ESTADUAL;PDT;#NULO;PDT
2026;DF;DEPUTADO DISTRITAL;NOVO;#NULO;NOVO
2026;DF;2º SUPLENTE;MDB;#NULO;REPUBLICANOS / MDB / PODE / PL / FEDERAÇÃO RENOVAÇÃO SOLIDÁRIA (25-PRD / 77-SOLIDARIEDADE) / FEDERAÇÃO UNIÃO PROGRESSISTA (44-UNIÃO / 11-PP) / DC / MOBILIZA / DEMOCRATA
2026;RJ;VICE-GOVERNADOR;SOLIDARIEDADE;25-PRD/77-SOLIDARIEDADE;PDT / MDB / DC / PSB / PSD / FEDERAÇÃO PSDB CIDADANIA (45-PSDB / 23-CIDADANIA) / FEDERAÇÃO BRASIL DA ESPERANÇA - FE BRASIL (13-PT / 65-PC do B / 43-PV) / FEDERAÇÃO RENOVAÇÃO SOLIDÁRIA (25-PRD / 77-SOLIDARIEDADE)
2026;RO;SENADOR;PODE;#NULO;PODE / PL / DC / NOVO / MOBILIZA
2026;SP;GOVERNADOR;DEMOCRATA;#NULO;REPUBLICANOS / PL / MDB / DEMOCRATA / AVANTE / PSD / FEDERAÇÃO RENOVAÇÃO SOLIDÁRIA (25-PRD / 77-SOLIDARIEDADE) / FEDERAÇÃO UNIÃO PROGRESSISTA (44-UNIÃO / 11-PP)
2026;RJ;DEPUTADO FEDERAL;CIDADANIA;45-PSDB/23-CIDADANIA;FEDERAÇÃO PSDB CIDADANIA (45-PSDB / 23-CIDADANIA)
2026;GO;DEPUTADO ESTADUAL;AGIR;#NULO;AGIR
2026;MS;VICE-GOVERNADOR;DC;#NULO;DC
2026;TO;GOVERNADOR;DEMOCRATA;#NULO;DEMOCRATA
2026;PI;VICE-GOVERNADOR;PDT;#NULO;REPUBLICANOS / PDT / MDB / PSD / FEDERAÇÃO BRASIL DA ESPERANÇA - FE BRASIL (13-PT / 65-PC do B / 43-PV)
2026;SC;2º SUPLENTE;PCDOB;13-PT/65-PC do B/43-PV;PDT / PSB / FEDERAÇÃO BRASIL DA ESPERANÇA - FE BRASIL (13-PT / 65-PC do B / 43-PV) / FEDERAÇÃO PSOL REDE (50-PSOL / 18-REDE)
2026;RS;DEPUTADO ESTADUAL;PSB;#NULO;PSB
2026;SP;DEPUTADO FEDERAL;DC;#NULO;DC
2026;ES;SENADOR;PV;13-PT/65-PC do B/43-PV;FEDERAÇÃO BRASIL DA ESPERANÇA - FE BRASIL (13-PT / 65-PC do B / 43-PV)
2026;RN;DEPUTADO ESTADUAL;UP;#NULO;UP
2026;AL;VICE-GOVERNADOR;DEMOCRATA;#NULO;DEMOCRATA
2026;RR;GOVERNADOR;PL;#NULO;PL / NOVO
2026;AC;1º SUPLENTE;AVANTE;#NULO;REPUBLICANOS / PSD / AVANTE / NOVO
2026;RS;SENADOR;PL;#NULO;REPUBLICANOS / PODE / DC / NOVO / PL / FEDERAÇÃO UNIÃO PROGRESSISTA (44-UNIÃO / 11-PP)
2026;MA;GOVERNADOR;MDB;#NULO;MDB / PDT / REPUBLICANOS / PODE / FEDERAÇÃO RENOVAÇÃO SOLIDÁRIA (25-PRD / 77-SOLIDARIEDADE)
2026;SE;2º SUPLENTE;PODE;#NULO;PODE / PL / NOVO
2026;SC;GOVERNADOR;PV;13-PT/65-PC do B/43-PV;PDT / PSB / FEDERAÇÃO PSOL REDE (50-PSOL / 18-REDE) / FEDERAÇÃO BRASIL DA ESPERANÇA - FE BRASIL (13-PT / 65-PC do B / 43-PV)
2026;RN;1º SUPLENTE;PL;#NULO;PODE / PL / NOVO / FEDERAÇÃO PSDB CIDADANIA (45-PSDB / 23-CIDADANIA) / MOBILIZA
2026;MS;VICE-GOVERNADOR;PSB;#NULO;PDT / PSB / FEDERAÇÃO BRASIL DA ESPERANÇA - FE BRASIL (13-PT / 65-PC do B / 43-PV)
2026;AM;DEPUTADO FEDERAL;UP;#NULO;UP
2026;MS;VICE-GOVERNADOR;PSOL;50-PSOL/18-REDE;FEDERAÇÃO PSOL REDE (50-PSOL / 18-REDE)
2026;RR;1º SUPLENTE;PCDOB;13-PT/65-PC do B/43-PV;FEDERAÇÃO BRASIL DA ESPERANÇA - FE BRASIL (13-PT / 65-PC do B / 43-PV)
2026;TO;2º SUPLENTE;PL;#NULO;PL
2026;BA;2º SUPLENTE;PL;#NULO;REPUBLICANOS / PODE / PL / FEDERAÇÃO PSDB CIDADANIA (45-PSDB / 23-CIDADANIA) / FEDERAÇÃO UNIÃO PROGRESSISTA (44-UNIÃO / 11-PP) / FEDERAÇÃO RENOVAÇÃO SOLIDÁRIA (25-PRD / 77-SOLIDARIEDADE) / NOVO
2026;SC;DEPUTADO ESTADUAL;CIDADANIA;45-PSDB/23-CIDADANIA;FEDERAÇÃO PSDB CIDADANIA (45-PSDB / 23-CIDADANIA)
2026;MG;GOVERNADOR;PSOL;50-PSOL/18-REDE;PSB / FEDERAÇÃO BRASIL DA ESPERANÇA - FE BRASIL (13-PT / 65-PC do B / 43-PV) / FEDERAÇÃO PSOL REDE (50-PSOL / 18-REDE)
2026;AM;SENADOR;PT;13-PT/65-PC do B/43-PV;REPUBLICANOS / MDB / PSD / FEDERAÇÃO BRASIL DA ESPERANÇA - FE BRASIL (13-PT / 65-PC do B / 43-PV)
2026;PI;GOVERNADOR;PL;#NULO;PODE / FEDERAÇÃO RENOVAÇÃO SOLIDÁRIA (25-PRD / 77-SOLIDARIEDADE) / FEDERAÇÃO UNIÃO PROGRESSISTA (44-UNIÃO / 11-PP) / PL
2026;PI;2º SUPLENTE;PSD;#NULO;REPUBLICANOS / PDT / MDB / PSD / FEDERAÇÃO BRASIL DA ESPERANÇA - FE BRASIL (13-PT / 65-PC do B / 43-PV)
2026;RN;DEPUTADO FEDERAL;PCDOB;13-PT/65-PC do B/43-PV;FEDERAÇÃO BRASIL DA ESPERANÇA - FE BRASIL (13-PT / 65-PC do B / 43-PV)
2026;DF;DEPUTADO DISTRITAL;PODE;#NULO;PODE
2026;MT;DEPUTADO ESTADUAL;PSD;#NULO;PSD
2026;PA;GOVERNADOR;PSOL;50-PSOL/18-REDE;FEDERAÇÃO PSOL REDE (50-PSOL / 18-REDE)
2026;MS;GOVERNADOR;PODE;#NULO;FEDERAÇÃO UNIÃO PROGRESSISTA (44-UNIÃO / 11-PP) / PL / FEDERAÇÃO PSDB CIDADANIA (45-PSDB / 23-CIDADANIA) / PODE / AVANTE / REPUBLICANOS / PSD / MDB
2026;PE;SENADOR;PCB;#NULO;PCB / FEDERAÇÃO PSOL REDE (50-PSOL / 18-REDE)
2026;MS;2º SUPLENTE;REPUBLICANOS;#NULO;PL / FEDERAÇÃO UNIÃO PROGRESSISTA (44-UNIÃO / 11-PP) / REPUBLICANOS / FEDERAÇÃO PSDB CIDADANIA (45-PSDB / 23-CIDADANIA) / PSD / MDB / PODE / AVANTE
2026;SC;DEPUTADO ESTADUAL;PP;44-UNIÃO/11-PP;FEDERAÇÃO UNIÃO PROGRESSISTA (44-UNIÃO / 11-PP)
2026;SP;SENADOR;MISSÃO;#NULO;MISSÃO
2026;PA;DEPUTADO ESTADUAL;AVANTE;#NULO;AVANTE
2026;ES;VICE-GOVERNADOR;PODE;#NULO;PODE / MDB / AGIR / PSB / PDT / FEDERAÇÃO PSDB CIDADANIA (45-PSDB / 23-CIDADANIA) / FEDERAÇÃO UNIÃO PROGRESSISTA (44-UNIÃO / 11-PP)
2026;GO;1º SUPLENTE;PL;#NULO;PL / NOVO
2026;PR;1º SUPLENTE;PSD;#NULO;REPUBLICANOS / MDB / DEMOCRATA / PSD / AVANTE / FEDERAÇÃO PSDB CIDADANIA (45-PSDB / 23-CIDADANIA) / FEDERAÇÃO UNIÃO PROGRESSISTA (44-UNIÃO / 11-PP)
2026;SE;DEPUTADO FEDERAL;SOLIDARIEDADE;25-PRD/77-SOLIDARIEDADE;FEDERAÇÃO RENOVAÇÃO SOLIDÁRIA (25-PRD / 77-SOLIDARIEDADE)
2026;PA;DEPUTADO ESTADUAL;PSDB;45-PSDB/23-CIDADANIA;FEDERAÇÃO PSDB CIDADANIA (45-PSDB / 23-CIDADANIA)
2026;ES;1º SUPLENTE;PL;#NULO;REPUBLICANOS / PL / DEMOCRATA
2026;RN;SENADOR;PCDOB;13-PT/65-PC do B/43-PV;PDT / PSB / FEDERAÇÃO BRASIL DA ESPERANÇA - FE BRASIL (13-PT / 65-PC do B / 43-PV)
2026;SP;2º SUPLENTE;PV;13-PT/65-PC do B/43-PV;PDT / PSB / FEDERAÇÃO BRASIL DA ESPERANÇA - FE BRASIL (13-PT / 65-PC do B / 43-PV) / FEDERAÇÃO PSOL REDE (50-PSOL / 18-REDE)
2026;GO;1º SUPLENTE;PV;13-PT/65-PC do B/43-PV;PDT / PSB / FEDERAÇÃO BRASIL DA ESPERANÇA - FE BRASIL (13-PT / 65-PC do B / 43-PV) / FEDERAÇÃO PSOL REDE (50-PSOL / 18-REDE)
2026;CE;SENADOR;PDT;#NULO;PDT / PODE / PSB / PSD / FEDERAÇÃO BRASIL DA ESPERANÇA - FE BRASIL (13-PT / 65-PC do B / 43-PV) / FEDERAÇÃO PSOL REDE (50-PSOL / 18-REDE) / FEDERAÇÃO RENOVAÇÃO SOLIDÁRIA (25-PRD / 77-SOLIDARIEDADE) / REPUBLICANOS / MDB / MOBILIZA
2026;CE;DEPUTADO FEDERAL;PODE;#NULO;PODE
2026;MS;VICE-GOVERNADOR;REDE;50-PSOL/18-REDE;FEDERAÇÃO PSOL REDE (50-PSOL / 18-REDE)
2026;TO;2º SUPLENTE;PP;44-UNIÃO/11-PP;FEDERAÇÃO UNIÃO PROGRESSISTA (44-UNIÃO / 11-PP)
2026;AP;1º SUPLENTE;PT;13-PT/65-PC do B/43-PV;REPUBLICANOS / PDT / AGIR / FEDERAÇÃO UNIÃO PROGRESSISTA (44-UNIÃO / 11-PP) / FEDERAÇÃO PSDB CIDADANIA (45-PSDB / 23-CIDADANIA) / FEDERAÇÃO BRASIL DA ESPERANÇA - FE BRASIL (13-PT / 65-PC do B / 43-PV) / FEDERAÇÃO RENOVAÇÃO SOLIDÁRIA (25-PRD / 77-SOLIDARIEDADE)
2026;RO;GOVERNADOR;PSOL;50-PSOL/18-REDE;FEDERAÇÃO BRASIL DA ESPERANÇA - FE BRASIL (13-PT / 65-PC do B / 43-PV) / FEDERAÇÃO PSOL REDE (50-PSOL / 18-REDE)
2026;PI;SENADOR;PL;#NULO;PODE / PL / FEDERAÇÃO RENOVAÇÃO SOLIDÁRIA (25-PRD / 77-SOLIDARIEDADE) / FEDERAÇÃO UNIÃO PROGRESSISTA (44-UNIÃO / 11-PP)
2026;RN;GOVERNADOR;SOLIDARIEDADE;25-PRD/77-SOLIDARIEDADE;REPUBLICANOS / MDB / PSD / AVANTE / FEDERAÇÃO RENOVAÇÃO SOLIDÁRIA (25-PRD / 77-SOLIDARIEDADE) / FEDERAÇÃO UNIÃO PROGRESSISTA (44-UNIÃO / 11-PP)
2026;DF;2º SUPLENTE;PODE;#NULO;REPUBLICANOS / MDB / PODE / PL / FEDERAÇÃO RENOVAÇÃO SOLIDÁRIA (25-PRD / 77-SOLIDARIEDADE) / FEDERAÇÃO UNIÃO PROGRESSISTA (44-UNIÃO / 11-PP) / DC / MOBILIZA / DEMOCRATA
2026;DF;DEPUTADO FEDERAL;PODE;#NULO;PODE
2026;GO;DEPUTADO ESTADUAL;UP;#NULO;UP
2026;MA;SENADOR;DC;#NULO;DC
2026;BA;DEPUTADO ESTADUAL;PT;13-PT/65-PC do B/43-PV;FEDERAÇÃO BRASIL DA ESPERANÇA - FE BRASIL (13-PT / 65-PC do B / 43-PV)
2026;PR;DEPUTADO FEDERAL;CIDADANIA;45-PSDB/23-CIDADANIA;FEDERAÇÃO PSDB CIDADANIA (45-PSDB / 23-CIDADANIA)
2026;RR;DEPUTADO ESTADUAL;PODE;#NULO;PODE
2026;AC;2º SUPLENTE;DC;#NULO;DC
2026;AM;2º SUPLENTE;MDB;#NULO;REPUBLICANOS / MDB / PSD / FEDERAÇÃO BRASIL DA ESPERANÇA - FE BRASIL (13-PT / 65-PC do B / 43-PV)
2026;AL;2º SUPLENTE;PSD;#NULO;MDB / PODE / AGIR / PSB / PSD / AVANTE / FEDERAÇÃO BRASIL DA ESPERANÇA - FE BRASIL (13-PT / 65-PC do B / 43-PV)
2026;AC;1º SUPLENTE;PRD;25-PRD/77-SOLIDARIEDADE;FEDERAÇÃO PSDB CIDADANIA (45-PSDB / 23-CIDADANIA) / FEDERAÇÃO RENOVAÇÃO SOLIDÁRIA (25-PRD / 77-SOLIDARIEDADE)
2026;PA;VICE-GOVERNADOR;UNIÃO;44-UNIÃO/11-PP;REPUBLICANOS / MDB / PSB / PSD / AVANTE / FEDERAÇÃO PSDB CIDADANIA (45-PSDB / 23-CIDADANIA) / FEDERAÇÃO BRASIL DA ESPERANÇA - FE BRASIL (13-PT / 65-PC do B / 43-PV) / FEDERAÇÃO UNIÃO PROGRESSISTA (44-UNIÃO / 11-PP)
2026;MA;1º SUPLENTE;REDE;50-PSOL/18-REDE;PSB / FEDERAÇÃO BRASIL DA ESPERANÇA - FE BRASIL (13-PT / 65-PC do B / 43-PV) / FEDERAÇÃO PSOL REDE (50-PSOL / 18-REDE)
2026;PA;GOVERNADOR;SOLIDARIEDADE;25-PRD/77-SOLIDARIEDADE;PODE / PL / DC / NOVO / FEDERAÇÃO RENOVAÇÃO SOLIDÁRIA (25-PRD / 77-SOLIDARIEDADE)
2026;RO;2º SUPLENTE;MOBILIZA;#NULO;PODE / PL / DC / NOVO / MOBILIZA
2026;MG;VICE-GOVERNADOR;PRD;25-PRD/77-SOLIDARIEDADE;PSD / FEDERAÇÃO UNIÃO PROGRESSISTA (44-UNIÃO / 11-PP) / NOVO / AVANTE / FEDERAÇÃO RENOVAÇÃO SOLIDÁRIA (25-PRD / 77-SOLIDARIEDADE) / MOBILIZA / DC / AGIR
2026;PI;GOVERNADOR;PP;44-UNIÃO/11-PP;PODE / FEDERAÇÃO RENOVAÇÃO SOLIDÁRIA (25-PRD / 77-SOLIDARIEDADE) / FEDERAÇÃO UNIÃO PROGRESSISTA (44-UNIÃO / 11-PP) / PL
2026;AM;1º SUPLENTE;PSD;#NULO;REPUBLICANOS / MDB / PSD / FEDERAÇÃO BRASIL DA ESPERANÇA - FE BRASIL (13-PT / 65-PC do B / 43-PV)
2026;AC;1º SUPLENTE;PCDOB;13-PT/65-PC do B/43-PV;PODE / PSB / FEDERAÇÃO BRASIL DA ESPERANÇA - FE BRASIL (13-PT / 65-PC do B / 43-PV)
2026;GO;DEPUTADO FEDERAL;PCDOB;13-PT/65-PC do B/43-PV;FEDERAÇÃO BRASIL DA ESPERANÇA - FE BRASIL (13-PT / 65-PC do B / 43-PV)
2026;SE;DEPUTADO FEDERAL;PSD;#NULO;PSD
2026;MA;DEPUTADO FEDERAL;MDB;#NULO;MDB
2026;PE;DEPUTADO ESTADUAL;PDT;#NULO;PDT
2026;RN;1º SUPLENTE;SOLIDARIEDADE;25-PRD/77-SOLIDARIEDADE;REPUBLICANOS / MDB / PSD / FEDERAÇÃO RENOVAÇÃO SOLIDÁRIA (25-PRD / 77-SOLIDARIEDADE) / FEDERAÇÃO UNIÃO PROGRESSISTA (44-UNIÃO / 11-PP) / AVANTE
2026;PR;1º SUPLENTE;SOLIDARIEDADE;25-PRD/77-SOLIDARIEDADE;PDT / FEDERAÇÃO BRASIL DA ESPERANÇA - FE BRASIL (13-PT / 65-PC do B / 43-PV) / FEDERAÇÃO PSOL REDE (50-PSOL / 18-REDE) / FEDERAÇÃO RENOVAÇÃO SOLIDÁRIA (25-PRD / 77-SOLIDARIEDADE)
2026;PR;GOVERNADOR;PODE;#NULO;PODE / PL / NOVO
2026;PE;1º SUPLENTE;PDT;#NULO;REPUBLICANOS / PDT / MDB / DC / PSB / FEDERAÇÃO BRASIL DA ESPERANÇA - FE BRASIL (13-PT / 65-PC do B / 43-PV) / FEDERAÇÃO RENOVAÇÃO SOLIDÁRIA (25-PRD / 77-SOLIDARIEDADE)
2026;RJ;DEPUTADO FEDERAL;PL;#NULO;PL
2026;AL;DEPUTADO FEDERAL;AVANTE;#NULO;AVANTE
2026;PB;SENADOR;PSD;#NULO;MDB / DEMOCRATA / PSD / FEDERAÇÃO PSDB CIDADANIA (45-PSDB / 23-CIDADANIA) / PDT
2026;MG;DEPUTADO ESTADUAL;AVANTE;#NULO;AVANTE
2026;RR;1º SUPLENTE;UNIÃO;44-UNIÃO/11-PP;REPUBLICANOS / PODE / AGIR / PSD / FEDERAÇÃO UNIÃO PROGRESSISTA (44-UNIÃO / 11-PP)
2026;SP;GOVERNADOR;UNIÃO;44-UNIÃO/11-PP;REPUBLICANOS / PL / MDB / DEMOCRATA / AVANTE / PSD / FEDERAÇÃO RENOVAÇÃO SOLIDÁRIA (25-PRD / 77-SOLIDARIEDADE) / FEDERAÇÃO UNIÃO PROGRESSISTA (44-UNIÃO / 11-PP)
2026;MA;DEPUTADO FEDERAL;PP;44-UNIÃO/11-PP;FEDERAÇÃO UNIÃO PROGRESSISTA (44-UNIÃO / 11-PP)
2026;TO;SENADOR;PSOL;50-PSOL/18-REDE;FEDERAÇÃO PSOL REDE (50-PSOL / 18-REDE)
2026;RJ;DEPUTADO ESTADUAL;REPUBLICANOS;#NULO;REPUBLICANOS
2026;CE;DEPUTADO FEDERAL;MOBILIZA;#NULO;MOBILIZA
2026;DF;SENADOR;PSOL;50-PSOL/18-REDE;PDT / FEDERAÇÃO BRASIL DA ESPERANÇA - FE BRASIL (13-PT / 65-PC do B / 43-PV) / FEDERAÇÃO PSOL REDE (50-PSOL / 18-REDE)
2026;ES;VICE-GOVERNADOR;PSB;#NULO;PODE / MDB / AGIR / PSB / PDT / FEDERAÇÃO PSDB CIDADANIA (45-PSDB / 23-CIDADANIA) / FEDERAÇÃO UNIÃO PROGRESSISTA (44-UNIÃO / 11-PP)
2026;MG;GOVERNADOR;MOBILIZA;#NULO;PSD / FEDERAÇÃO UNIÃO PROGRESSISTA (44-UNIÃO / 11-PP) / NOVO / AVANTE / FEDERAÇÃO RENOVAÇÃO SOLIDÁRIA (25-PRD / 77-SOLIDARIEDADE) / MOBILIZA / DC / AGIR
2026;RO;VICE-GOVERNADOR;PODE;#NULO;PODE / PL / DC / NOVO / MOBILIZA
2026;BA;2º SUPLENTE;PDT;#NULO;PDT / MDB / PSB / PSD / AVANTE / FEDERAÇÃO BRASIL DA ESPERANÇA - FE BRASIL (13-PT / 65-PC do B / 43-PV)
2026;SE;VICE-GOVERNADOR;PP;44-UNIÃO/11-PP;PSB / PSD / FEDERAÇÃO UNIÃO PROGRESSISTA (44-UNIÃO / 11-PP) / FEDERAÇÃO BRASIL DA ESPERANÇA - FE BRASIL (13-PT / 65-PC do B / 43-PV)
2026;PE;DEPUTADO FEDERAL;UP;#NULO;UP
2026;PA;GOVERNADOR;REPUBLICANOS;#NULO;REPUBLICANOS / MDB / PSB / PSD / AVANTE / FEDERAÇÃO PSDB CIDADANIA (45-PSDB / 23-CIDADANIA) / FEDERAÇÃO BRASIL DA ESPERANÇA - FE BRASIL (13-PT / 65-PC do B / 43-PV) / FEDERAÇÃO UNIÃO PROGRESSISTA (44-UNIÃO / 11-PP)
2026;TO;GOVERNADOR;PSOL;50-PSOL/18-REDE;FEDERAÇÃO PSOL REDE (50-PSOL / 18-REDE)
2026;SC;DEPUTADO ESTADUAL;PSOL;50-PSOL/18-REDE;FEDERAÇÃO PSOL REDE (50-PSOL / 18-REDE)
2026;MG;DEPUTADO FEDERAL;PDT;#NULO;PDT
2026;RO;DEPUTADO FEDERAL;NOVO;#NULO;NOVO
2026;CE;VICE-GOVERNADOR;DEMOCRATA;#NULO;DEMOCRATA
2026;AC;VICE-GOVERNADOR;MDB;#NULO;PDT / MDB / PL / DEMOCRATA / FEDERAÇÃO UNIÃO PROGRESSISTA (44-UNIÃO / 11-PP)
2026;RR;1º SUPLENTE;PSB;#NULO;PSB / FEDERAÇÃO PSDB CIDADANIA (45-PSDB / 23-CIDADANIA)
2026;PR;GOVERNADOR;PSDB;45-PSDB/23-CIDADANIA;REPUBLICANOS / MDB / DEMOCRATA / PSD / AVANTE / FEDERAÇÃO PSDB CIDADANIA (45-PSDB / 23-CIDADANIA) / FEDERAÇÃO UNIÃO PROGRESSISTA (44-UNIÃO / 11-PP)
2026;MS;2º SUPLENTE;PT;13-PT/65-PC do B/43-PV;PDT / PSB / FEDERAÇÃO BRASIL DA ESPERANÇA - FE BRASIL (13-PT / 65-PC do B / 43-PV)
2026;CE;GOVERNADOR;PDT;#NULO;PSB / PDT / PODE / MOBILIZA / FEDERAÇÃO BRASIL DA ESPERANÇA - FE BRASIL (13-PT / 65-PC do B / 43-PV) / REPUBLICANOS / PSD / MDB / FEDERAÇÃO RENOVAÇÃO SOLIDÁRIA (25-PRD / 77-SOLIDARIEDADE) / FEDERAÇÃO PSOL REDE (50-PSOL / 18-REDE)
2026;MT;VICE-GOVERNADOR;PT;13-PT/65-PC do B/43-PV;PDT / PSB / PSD / FEDERAÇÃO BRASIL DA ESPERANÇA - FE BRASIL (13-PT / 65-PC do B / 43-PV) / FEDERAÇÃO PSOL REDE (50-PSOL / 18-REDE)
2026;RJ;SENADOR;DC;#NULO;PDT / MDB / DC / FEDERAÇÃO BRASIL DA ESPERANÇA - FE BRASIL (13-PT / 65-PC do B / 43-PV) / PSB / PSD / FEDERAÇÃO PSDB CIDADANIA (45-PSDB / 23-CIDADANIA) / FEDERAÇÃO RENOVAÇÃO SOLIDÁRIA (25-PRD / 77-SOLIDARIEDADE)
2026;RN;1º SUPLENTE;PT;13-PT/65-PC do B/43-PV;PDT / PSB / FEDERAÇÃO BRASIL DA ESPERANÇA - FE BRASIL (13-PT / 65-PC do B / 43-PV)
2026;DF;GOVERNADOR;PRD;25-PRD/77-SOLIDARIEDADE;REPUBLICANOS / MDB / PODE / PL / DC / MOBILIZA / DEMOCRATA / FEDERAÇÃO RENOVAÇÃO SOLIDÁRIA (25-PRD / 77-SOLIDARIEDADE) / FEDERAÇÃO UNIÃO PROGRESSISTA (44-UNIÃO / 11-PP)
2026;MS;GOVERNADOR;PCO;#NULO;PCO
2026;SE;DEPUTADO FEDERAL;PCDOB;13-PT/65-PC do B/43-PV;FEDERAÇÃO BRASIL DA ESPERANÇA - FE BRASIL (13-PT / 65-PC do B / 43-PV)
2026;AL;2º SUPLENTE;PDT;#NULO;PDT / PL / FEDERAÇÃO PSDB CIDADANIA (45-PSDB / 23-CIDADANIA) / FEDERAÇÃO RENOVAÇÃO SOLIDÁRIA (25-PRD / 77-SOLIDARIEDADE) / FEDERAÇÃO UNIÃO PROGRESSISTA (44-UNIÃO / 11-PP) / DC
2026;SC;2º SUPLENTE;PSB;#NULO;PDT / PSB / FEDERAÇÃO BRASIL DA ESPERANÇA - FE BRASIL (13-PT / 65-PC do B / 43-PV) / FEDERAÇÃO PSOL REDE (50-PSOL / 18-REDE)
2026;RO;SENADOR;PP;44-UNIÃO/11-PP;REPUBLICANOS / FEDERAÇÃO UNIÃO PROGRESSISTA (44-UNIÃO / 11-PP)
2026;RS;GOVERNADOR;UP;#NULO;UP
2026;AL;DEPUTADO ESTADUAL;PRD;25-PRD/77-SOLIDARIEDADE;FEDERAÇÃO RENOVAÇÃO SOLIDÁRIA (25-PRD / 77-SOLIDARIEDADE)
2026;SP;GOVERNADOR;PV;13-PT/65-PC do B/43-PV;PDT / PSB / FEDERAÇÃO BRASIL DA ESPERANÇA - FE BRASIL (13-PT / 65-PC do B / 43-PV) / FEDERAÇÃO PSOL REDE (50-PSOL / 18-REDE)
2026;TO;2º SUPLENTE;PT;13-PT/65-PC do B/43-PV;FEDERAÇÃO BRASIL DA ESPERANÇA - FE BRASIL (13-PT / 65-PC do B / 43-PV) / PDT / PSB / PSD
2026;PR;1º SUPLENTE;PDT;#NULO;PDT / FEDERAÇÃO BRASIL DA ESPERANÇA - FE BRASIL (13-PT / 65-PC do B / 43-PV) / FEDERAÇÃO PSOL REDE (50-PSOL / 18-REDE) / FEDERAÇÃO RENOVAÇÃO SOLIDÁRIA (25-PRD / 77-SOLIDARIEDADE)
2026;AL;2º SUPLENTE;CIDADANIA;45-PSDB/23-CIDADANIA;PDT / PL / FEDERAÇÃO PSDB CIDADANIA (45-PSDB / 23-CIDADANIA) / FEDERAÇÃO RENOVAÇÃO SOLIDÁRIA (25-PRD / 77-SOLIDARIEDADE) / FEDERAÇÃO UNIÃO PROGRESSISTA (44-UNIÃO / 11-PP) / DC
2026;MA;1º SUPLENTE;PCDOB;13-PT/65-PC do B/43-PV;PSB / FEDERAÇÃO BRASIL DA ESPERANÇA - FE BRASIL (13-PT / 65-PC do B / 43-PV) / FEDERAÇÃO PSOL REDE (50-PSOL / 18-REDE)
2026;PE;SENADOR;PSDB;45-PSDB/23-CIDADANIA;PODE / PSD / AVANTE / FEDERAÇÃO PSDB CIDADANIA (45-PSDB / 23-CIDADANIA) / FEDERAÇÃO UNIÃO PROGRESSISTA (44-UNIÃO / 11-PP)
2026;PR;1º SUPLENTE;MISSÃO;#NULO;MISSÃO
2026;DF;DEPUTADO FEDERAL;PSOL;50-PSOL/18-REDE;FEDERAÇÃO PSOL REDE (50-PSOL / 18-REDE)
2026;AC;DEPUTADO ESTADUAL;NOVO;#NULO;NOVO
2026;RN;SENADOR;REDE;50-PSOL/18-REDE;FEDERAÇÃO PSOL REDE (50-PSOL / 18-REDE)
2026;MT;DEPUTADO ESTADUAL;PT;13-PT/65-PC do B/43-PV;FEDERAÇÃO BRASIL DA ESPERANÇA - FE BRASIL (13-PT / 65-PC do B / 43-PV)
2026;AC;VICE-GOVERNADOR;PV;13-PT/65-PC do B/43-PV;PODE / PSB / FEDERAÇÃO BRASIL DA ESPERANÇA - FE BRASIL (13-PT / 65-PC do B / 43-PV)
2026;MG;DEPUTADO ESTADUAL;PL;#NULO;PL
2026;PR;VICE-GOVERNADOR;PCO;#NULO;PCO
2026;RN;DEPUTADO FEDERAL;PSDB;45-PSDB/23-CIDADANIA;FEDERAÇÃO PSDB CIDADANIA (45-PSDB / 23-CIDADANIA)
2026;AC;VICE-GOVERNADOR;AGIR;#NULO;AGIR
2026;PI;2º SUPLENTE;REPUBLICANOS;#NULO;REPUBLICANOS / PDT / MDB / PSD / FEDERAÇÃO BRASIL DA ESPERANÇA - FE BRASIL (13-PT / 65-PC do B / 43-PV)
2026;GO;GOVERNADOR;DC;#NULO;DC / FEDERAÇÃO PSDB CIDADANIA (45-PSDB / 23-CIDADANIA)
2026;SP;SENADOR;SOLIDARIEDADE;25-PRD/77-SOLIDARIEDADE;FEDERAÇÃO UNIÃO PROGRESSISTA (44-UNIÃO / 11-PP) / REPUBLICANOS / PL / MDB / DEMOCRATA / PSD / FEDERAÇÃO RENOVAÇÃO SOLIDÁRIA (25-PRD / 77-SOLIDARIEDADE) / AVANTE
2026;TO;2º SUPLENTE;NOVO;#NULO;NOVO
2026;SC;DEPUTADO FEDERAL;SOLIDARIEDADE;25-PRD/77-SOLIDARIEDADE;FEDERAÇÃO RENOVAÇÃO SOLIDÁRIA (25-PRD / 77-SOLIDARIEDADE)
2026;DF;1º SUPLENTE;SOLIDARIEDADE;25-PRD/77-SOLIDARIEDADE;REPUBLICANOS / MDB / PODE / PL / FEDERAÇÃO RENOVAÇÃO SOLIDÁRIA (25-PRD / 77-SOLIDARIEDADE) / FEDERAÇÃO UNIÃO PROGRESSISTA (44-UNIÃO / 11-PP) / DC / MOBILIZA / DEMOCRATA
2026;PR;1º SUPLENTE;REDE;50-PSOL/18-REDE;PDT / FEDERAÇÃO BRASIL DA ESPERANÇA - FE BRASIL (13-PT / 65-PC do B / 43-PV) / FEDERAÇÃO PSOL REDE (50-PSOL / 18-REDE) / FEDERAÇÃO RENOVAÇÃO SOLIDÁRIA (25-PRD / 77-SOLIDARIEDADE)
2026;SP;GOVERNADOR;PP;44-UNIÃO/11-PP;REPUBLICANOS / PL / MDB / DEMOCRATA / AVANTE / PSD / FEDERAÇÃO RENOVAÇÃO SOLIDÁRIA (25-PRD / 77-SOLIDARIEDADE) / FEDERAÇÃO UNIÃO PROGRESSISTA (44-UNIÃO / 11-PP)
2026;MT;SENADOR;MDB;#NULO;MDB / PL / NOVO / FEDERAÇÃO RENOVAÇÃO SOLIDÁRIA (25-PRD / 77-SOLIDARIEDADE)
2026;PR;DEPUTADO ESTADUAL;UNIÃO;44-UNIÃO/11-PP;FEDERAÇÃO UNIÃO PROGRESSISTA (44-UNIÃO / 11-PP)
2026;RJ;1º SUPLENTE;CIDADANIA;45-PSDB/23-CIDADANIA;PDT / MDB / DC / FEDERAÇÃO BRASIL DA ESPERANÇA - FE BRASIL (13-PT / 65-PC do B / 43-PV) / PSB / PSD / FEDERAÇÃO PSDB CIDADANIA (45-PSDB / 23-CIDADANIA) / FEDERAÇÃO RENOVAÇÃO SOLIDÁRIA (25-PRD / 77-SOLIDARIEDADE)
2026;CE;DEPUTADO ESTADUAL;PDT;#NULO;PDT
2026;AC;GOVERNADOR;UNIÃO;44-UNIÃO/11-PP;PDT / MDB / PL / DEMOCRATA / FEDERAÇÃO UNIÃO PROGRESSISTA (44-UNIÃO / 11-PP)
2026;PR;2º SUPLENTE;SOLIDARIEDADE;25-PRD/77-SOLIDARIEDADE;PDT / FEDERAÇÃO BRASIL DA ESPERANÇA - FE BRASIL (13-PT / 65-PC do B / 43-PV) / FEDERAÇÃO PSOL REDE (50-PSOL / 18-REDE) / FEDERAÇÃO RENOVAÇÃO SOLIDÁRIA (25-PRD / 77-SOLIDARIEDADE)
2026;PE;VICE-GOVERNADOR;PCO;#NULO;PCO
2026;RR;GOVERNADOR;PV;13-PT/65-PC do B/43-PV;FEDERAÇÃO BRASIL DA ESPERANÇA - FE BRASIL (13-PT / 65-PC do B / 43-PV) / FEDERAÇÃO PSOL REDE (50-PSOL / 18-REDE)
2026;BA;1º SUPLENTE;SOLIDARIEDADE;25-PRD/77-SOLIDARIEDADE;REPUBLICANOS / PODE / PL / FEDERAÇÃO PSDB CIDADANIA (45-PSDB / 23-CIDADANIA) / FEDERAÇÃO UNIÃO PROGRESSISTA (44-UNIÃO / 11-PP) / FEDERAÇÃO RENOVAÇÃO SOLIDÁRIA (25-PRD / 77-SOLIDARIEDADE) / NOVO
2026;MG;DEPUTADO ESTADUAL;PSD;#NULO;PSD
2026;PR;DEPUTADO ESTADUAL;PP;44-UNIÃO/11-PP;FEDERAÇÃO UNIÃO PROGRESSISTA (44-UNIÃO / 11-PP)
2026;AP;DEPUTADO FEDERAL;PDT;#NULO;PDT
2026;MG;VICE-GOVERNADOR;MDB;#NULO;MDB
2026;PA;DEPUTADO FEDERAL;REDE;50-PSOL/18-REDE;FEDERAÇÃO PSOL REDE (50-PSOL / 18-REDE)
2026;SC;GOVERNADOR;PRD;25-PRD/77-SOLIDARIEDADE;FEDERAÇÃO RENOVAÇÃO SOLIDÁRIA (25-PRD / 77-SOLIDARIEDADE)
2026;PB;DEPUTADO ESTADUAL;PL;#NULO;PL
2026;AP;VICE-GOVERNADOR;PP;44-UNIÃO/11-PP;REPUBLICANOS / PDT / AGIR / FEDERAÇÃO UNIÃO PROGRESSISTA (44-UNIÃO / 11-PP) / FEDERAÇÃO PSDB CIDADANIA (45-PSDB / 23-CIDADANIA) / FEDERAÇÃO BRASIL DA ESPERANÇA - FE BRASIL (13-PT / 65-PC do B / 43-PV) / FEDERAÇÃO RENOVAÇÃO SOLIDÁRIA (25-PRD / 77-SOLIDARIEDADE)
2026;SE;2º SUPLENTE;NOVO;#NULO;PODE / PL / NOVO
2026;SP;VICE-GOVERNADOR;PSOL;50-PSOL/18-REDE;PDT / PSB / FEDERAÇÃO BRASIL DA ESPERANÇA - FE BRASIL (13-PT / 65-PC do B / 43-PV) / FEDERAÇÃO PSOL REDE (50-PSOL / 18-REDE)
2026;MA;DEPUTADO ESTADUAL;UNIÃO;44-UNIÃO/11-PP;FEDERAÇÃO UNIÃO PROGRESSISTA (44-UNIÃO / 11-PP)
2026;PB;DEPUTADO FEDERAL;PSD;#NULO;PSD
2026;RS;DEPUTADO ESTADUAL;PT;13-PT/65-PC do B/43-PV;FEDERAÇÃO BRASIL DA ESPERANÇA - FE BRASIL (13-PT / 65-PC do B / 43-PV)
2026;MT;DEPUTADO FEDERAL;AGIR;#NULO;AGIR
2026;MS;SENADOR;NOVO;#NULO;NOVO
2026;MS;2º SUPLENTE;AGIR;#NULO;AGIR
2026;AL;2º SUPLENTE;PSDB;45-PSDB/23-CIDADANIA;PDT / PL / FEDERAÇÃO PSDB CIDADANIA (45-PSDB / 23-CIDADANIA) / FEDERAÇÃO RENOVAÇÃO SOLIDÁRIA (25-PRD / 77-SOLIDARIEDADE) / FEDERAÇÃO UNIÃO PROGRESSISTA (44-UNIÃO / 11-PP) / DC
2026;PI;1º SUPLENTE;MOBILIZA;#NULO;MOBILIZA
2026;MT;1º SUPLENTE;REPUBLICANOS;#NULO;REPUBLICANOS / PODE / FEDERAÇÃO PSDB CIDADANIA (45-PSDB / 23-CIDADANIA) / FEDERAÇÃO UNIÃO PROGRESSISTA (44-UNIÃO / 11-PP)
2026;AM;DEPUTADO ESTADUAL;AGIR;#NULO;AGIR
2026;ES;GOVERNADOR;MISSÃO;#NULO;MISSÃO
2026;DF;1º SUPLENTE;PL;#NULO;REPUBLICANOS / MDB / PODE / PL / FEDERAÇÃO RENOVAÇÃO SOLIDÁRIA (25-PRD / 77-SOLIDARIEDADE) / FEDERAÇÃO UNIÃO PROGRESSISTA (44-UNIÃO / 11-PP) / DC / MOBILIZA / DEMOCRATA
2026;RS;SENADOR;SOLIDARIEDADE;25-PRD/77-SOLIDARIEDADE;MDB / PSD / FEDERAÇÃO RENOVAÇÃO SOLIDÁRIA (25-PRD / 77-SOLIDARIEDADE)
2026;PE;GOVERNADOR;DC;#NULO;REPUBLICANOS / PDT / MDB / PSB / FEDERAÇÃO BRASIL DA ESPERANÇA - FE BRASIL (13-PT / 65-PC do B / 43-PV) / FEDERAÇÃO RENOVAÇÃO SOLIDÁRIA (25-PRD / 77-SOLIDARIEDADE) / DC
2026;RR;SENADOR;AVANTE;#NULO;AVANTE / FEDERAÇÃO RENOVAÇÃO SOLIDÁRIA (25-PRD / 77-SOLIDARIEDADE)
2026;AC;GOVERNADOR;PODE;#NULO;PODE / PSB / FEDERAÇÃO BRASIL DA ESPERANÇA - FE BRASIL (13-PT / 65-PC do B / 43-PV)
2026;AC;SENADOR;PV;13-PT/65-PC do B/43-PV;PODE / PSB / FEDERAÇÃO BRASIL DA ESPERANÇA - FE BRASIL (13-PT / 65-PC do B / 43-PV)
2026;MG;DEPUTADO FEDERAL;MISSÃO;#NULO;MISSÃO
2026;RJ;GOVERNADOR;REDE;50-PSOL/18-REDE;FEDERAÇÃO PSOL REDE (50-PSOL / 18-REDE)
2026;PA;DEPUTADO ESTADUAL;SOLIDARIEDADE;25-PRD/77-SOLIDARIEDADE;FEDERAÇÃO RENOVAÇÃO SOLIDÁRIA (25-PRD / 77-SOLIDARIEDADE)
2026;SC;2º SUPLENTE;PRD;25-PRD/77-SOLIDARIEDADE;FEDERAÇÃO RENOVAÇÃO SOLIDÁRIA (25-PRD / 77-SOLIDARIEDADE)
2026;RS;1º SUPLENTE;PL;#NULO;REPUBLICANOS / PODE / DC / NOVO / PL / FEDERAÇÃO UNIÃO PROGRESSISTA (44-UNIÃO / 11-PP)
2026;SP;2º SUPLENTE;PP;44-UNIÃO/11-PP;FEDERAÇÃO UNIÃO PROGRESSISTA (44-UNIÃO / 11-PP) / REPUBLICANOS / PL / MDB / DEMOCRATA / PSD / FEDERAÇÃO RENOVAÇÃO SOLIDÁRIA (25-PRD / 77-SOLIDARIEDADE) / AVANTE
2026;GO;SENADOR;PDT;#NULO;PDT / PSB / FEDERAÇÃO BRASIL DA ESPERANÇA - FE BRASIL (13-PT / 65-PC do B / 43-PV) / FEDERAÇÃO PSOL REDE (50-PSOL / 18-REDE)
2026;AM;VICE-GOVERNADOR;PDT;#NULO;PDT / DC / AGIR / AVANTE / FEDERAÇÃO RENOVAÇÃO SOLIDÁRIA (25-PRD / 77-SOLIDARIEDADE)
2026;RS;VICE-GOVERNADOR;UNIÃO;44-UNIÃO/11-PP;REPUBLICANOS / PODE / PL / DC / NOVO / FEDERAÇÃO UNIÃO PROGRESSISTA (44-UNIÃO / 11-PP)
2026;PA;SENADOR;PSB;#NULO;PSD / FEDERAÇÃO UNIÃO PROGRESSISTA (44-UNIÃO / 11-PP) / PSB / REPUBLICANOS / FEDERAÇÃO BRASIL DA ESPERANÇA - FE BRASIL (13-PT / 65-PC do B / 43-PV) / FEDERAÇÃO PSDB CIDADANIA (45-PSDB / 23-CIDADANIA) / MDB / AVANTE
2026;AP;SENADOR;PRD;25-PRD/77-SOLIDARIEDADE;REPUBLICANOS / PDT / AGIR / FEDERAÇÃO UNIÃO PROGRESSISTA (44-UNIÃO / 11-PP) / FEDERAÇÃO PSDB CIDADANIA (45-PSDB / 23-CIDADANIA) / FEDERAÇÃO BRASIL DA ESPERANÇA - FE BRASIL (13-PT / 65-PC do B / 43-PV) / FEDERAÇÃO RENOVAÇÃO SOLIDÁRIA (25-PRD / 77-SOLIDARIEDADE)
2026;CE;DEPUTADO FEDERAL;CIDADANIA;45-PSDB/23-CIDADANIA;FEDERAÇÃO PSDB CIDADANIA (45-PSDB / 23-CIDADANIA)
2026;SE;1º SUPLENTE;PP;44-UNIÃO/11-PP;PSB / PSD / FEDERAÇÃO BRASIL DA ESPERANÇA - FE BRASIL (13-PT / 65-PC do B / 43-PV) / FEDERAÇÃO UNIÃO PROGRESSISTA (44-UNIÃO / 11-PP)
2026;CE;1º SUPLENTE;DC;#NULO;PL / DC / AVANTE / FEDERAÇÃO PSDB CIDADANIA (45-PSDB / 23-CIDADANIA) / FEDERAÇÃO UNIÃO PROGRESSISTA (44-UNIÃO / 11-PP)
2026;SE;GOVERNADOR;PSB;#NULO;PSB / PSD / FEDERAÇÃO UNIÃO PROGRESSISTA (44-UNIÃO / 11-PP) / FEDERAÇÃO BRASIL DA ESPERANÇA - FE BRASIL (13-PT / 65-PC do B / 43-PV)
2026;SP;1º SUPLENTE;PSOL;50-PSOL/18-REDE;PDT / PSB / FEDERAÇÃO BRASIL DA ESPERANÇA - FE BRASIL (13-PT / 65-PC do B / 43-PV) / FEDERAÇÃO PSOL REDE (50-PSOL / 18-REDE)
2026;AL;SENADOR;PP;44-UNIÃO/11-PP;PDT / PL / FEDERAÇÃO PSDB CIDADANIA (45-PSDB / 23-CIDADANIA) / FEDERAÇÃO RENOVAÇÃO SOLIDÁRIA (25-PRD / 77-SOLIDARIEDADE) / FEDERAÇÃO UNIÃO PROGRESSISTA (44-UNIÃO / 11-PP) / DC
2026;DF;1º SUPLENTE;DEMOCRATA;#NULO;DEMOCRATA
2026;CE;DEPUTADO ESTADUAL;PP;44-UNIÃO/11-PP;FEDERAÇÃO UNIÃO PROGRESSISTA (44-UNIÃO / 11-PP)
2026;RS;DEPUTADO FEDERAL;REPUBLICANOS;#NULO;REPUBLICANOS
2026;ES;DEPUTADO FEDERAL;PL;#NULO;PL
2026;MT;DEPUTADO FEDERAL;DEMOCRATA;#NULO;DEMOCRATA
2026;RJ;DEPUTADO ESTADUAL;SOLIDARIEDADE;25-PRD/77-SOLIDARIEDADE;FEDERAÇÃO RENOVAÇÃO SOLIDÁRIA (25-PRD / 77-SOLIDARIEDADE)
2026;SP;DEPUTADO ESTADUAL;CIDADANIA;45-PSDB/23-CIDADANIA;FEDERAÇÃO PSDB CIDADANIA (45-PSDB / 23-CIDADANIA)
2026;ES;2º SUPLENTE;PT;13-PT/65-PC do B/43-PV;FEDERAÇÃO BRASIL DA ESPERANÇA - FE BRASIL (13-PT / 65-PC do B / 43-PV)
2026;CE;DEPUTADO ESTADUAL;CIDADANIA;45-PSDB/23-CIDADANIA;FEDERAÇÃO PSDB CIDADANIA (45-PSDB / 23-CIDADANIA)
2026;MA;DEPUTADO FEDERAL;MOBILIZA;#NULO;MOBILIZA
2026;TO;GOVERNADOR;REDE;50-PSOL/18-REDE;FEDERAÇÃO PSOL REDE (50-PSOL / 18-REDE)
2026;RO;VICE-GOVERNADOR;REPUBLICANOS;#NULO;REPUBLICANOS / FEDERAÇÃO UNIÃO PROGRESSISTA (44-UNIÃO / 11-PP)
2026;RS;GOVERNADOR;PODE;#NULO;REPUBLICANOS / PODE / PL / DC / NOVO / FEDERAÇÃO UNIÃO PROGRESSISTA (44-UNIÃO / 11-PP)
2026;ES;GOVERNADOR;PSB;#NULO;PODE / MDB / AGIR / PSB / PDT / FEDERAÇÃO PSDB CIDADANIA (45-PSDB / 23-CIDADANIA) / FEDERAÇÃO UNIÃO PROGRESSISTA (44-UNIÃO / 11-PP)
2026;RN;DEPUTADO FEDERAL;PL;#NULO;PL
2026;AM;VICE-GOVERNADOR;PSTU;#NULO;PSTU
2026;PE;VICE-GOVERNADOR;PSDB;45-PSDB/23-CIDADANIA;PODE / PSD / AVANTE / FEDERAÇÃO PSDB CIDADANIA (45-PSDB / 23-CIDADANIA) / FEDERAÇÃO UNIÃO PROGRESSISTA (44-UNIÃO / 11-PP)
2026;PR;DEPUTADO ESTADUAL;CIDADANIA;45-PSDB/23-CIDADANIA;FEDERAÇÃO PSDB CIDADANIA (45-PSDB / 23-CIDADANIA)
2026;SE;DEPUTADO FEDERAL;PT;13-PT/65-PC do B/43-PV;FEDERAÇÃO BRASIL DA ESPERANÇA - FE BRASIL (13-PT / 65-PC do B / 43-PV)
2026;CE;2º SUPLENTE;UP;#NULO;UP
2026;PA;DEPUTADO FEDERAL;PSB;#NULO;PSB
2026;PR;VICE-GOVERNADOR;MISSÃO;#NULO;MISSÃO
2026;PA;1º SUPLENTE;PP;44-UNIÃO/11-PP;PSD / FEDERAÇÃO UNIÃO PROGRESSISTA (44-UNIÃO / 11-PP) / PSB / REPUBLICANOS / FEDERAÇÃO BRASIL DA ESPERANÇA - FE BRASIL (13-PT / 65-PC do B / 43-PV) / FEDERAÇÃO PSDB CIDADANIA (45-PSDB / 23-CIDADANIA) / MDB / AVANTE
2026;SC;GOVERNADOR;PODE;#NULO;AVANTE / AGIR / DC / FEDERAÇÃO PSDB CIDADANIA (45-PSDB / 23-CIDADANIA) / NOVO / REPUBLICANOS / PODE / PL
2026;GO;SENADOR;PP;44-UNIÃO/11-PP;FEDERAÇÃO UNIÃO PROGRESSISTA (44-UNIÃO / 11-PP)
2026;RS;1º SUPLENTE;PSTU;#NULO;PSTU
2026;BA;DEPUTADO ESTADUAL;PDT;#NULO;PDT
2026;SP;DEPUTADO FEDERAL;PL;#NULO;PL
2026;CE;1º SUPLENTE;PL;#NULO;PL / DC / AVANTE / FEDERAÇÃO PSDB CIDADANIA (45-PSDB / 23-CIDADANIA) / FEDERAÇÃO UNIÃO PROGRESSISTA (44-UNIÃO / 11-PP)
2026;RR;SENADOR;MDB;#NULO;PDT / MDB
2026;MG;2º SUPLENTE;PCDOB;13-PT/65-PC do B/43-PV;PSB / FEDERAÇÃO BRASIL DA ESPERANÇA - FE BRASIL (13-PT / 65-PC do B / 43-PV) / FEDERAÇÃO PSOL REDE (50-PSOL / 18-REDE)
2026;TO;VICE-GOVERNADOR;PP;44-UNIÃO/11-PP;REPUBLICANOS / PODE / AVANTE / PL / FEDERAÇÃO RENOVAÇÃO SOLIDÁRIA (25-PRD / 77-SOLIDARIEDADE) / FEDERAÇÃO UNIÃO PROGRESSISTA (44-UNIÃO / 11-PP)
2026;RR;VICE-GOVERNADOR;PRD;25-PRD/77-SOLIDARIEDADE;FEDERAÇÃO RENOVAÇÃO SOLIDÁRIA (25-PRD / 77-SOLIDARIEDADE)
2026;MA;VICE-GOVERNADOR;PV;13-PT/65-PC do B/43-PV;FEDERAÇÃO BRASIL DA ESPERANÇA - FE BRASIL (13-PT / 65-PC do B / 43-PV) / PSB / FEDERAÇÃO PSOL REDE (50-PSOL / 18-REDE)
2026;BA;SENADOR;PDT;#NULO;PDT / MDB / PSB / PSD / AVANTE / FEDERAÇÃO BRASIL DA ESPERANÇA - FE BRASIL (13-PT / 65-PC do B / 43-PV)
2026;PE;SENADOR;PRD;25-PRD/77-SOLIDARIEDADE;REPUBLICANOS / PDT / MDB / DC / PSB / FEDERAÇÃO BRASIL DA ESPERANÇA - FE BRASIL (13-PT / 65-PC do B / 43-PV) / FEDERAÇÃO RENOVAÇÃO SOLIDÁRIA (25-PRD / 77-SOLIDARIEDADE)
2026;AL;2º SUPLENTE;SOLIDARIEDADE;25-PRD/77-SOLIDARIEDADE;PDT / PL / FEDERAÇÃO PSDB CIDADANIA (45-PSDB / 23-CIDADANIA) / FEDERAÇÃO RENOVAÇÃO SOLIDÁRIA (25-PRD / 77-SOLIDARIEDADE) / FEDERAÇÃO UNIÃO PROGRESSISTA (44-UNIÃO / 11-PP) / DC
2026;PA;1º SUPLENTE;PV;13-PT/65-PC do B/43-PV;PSD / FEDERAÇÃO UNIÃO PROGRESSISTA (44-UNIÃO / 11-PP) / PSB / REPUBLICANOS / FEDERAÇÃO BRASIL DA ESPERANÇA - FE BRASIL (13-PT / 65-PC do B / 43-PV) / FEDERAÇÃO PSDB CIDADANIA (45-PSDB / 23-CIDADANIA) / MDB / AVANTE
2026;RS;VICE-GOVERNADOR;PCDOB;13-PT/65-PC do B/43-PV;PDT / PSB / AVANTE / FEDERAÇÃO BRASIL DA ESPERANÇA - FE BRASIL (13-PT / 65-PC do B / 43-PV) / FEDERAÇÃO PSOL REDE (50-PSOL / 18-REDE)
2026;SC;1º SUPLENTE;DC;#NULO;REPUBLICANOS / PODE / PL / DC / NOVO / AGIR / AVANTE / FEDERAÇÃO PSDB CIDADANIA (45-PSDB / 23-CIDADANIA)
2026;DF;DEPUTADO FEDERAL;MOBILIZA;#NULO;MOBILIZA
2026;RS;VICE-GOVERNADOR;PSDB;45-PSDB/23-CIDADANIA;FEDERAÇÃO PSDB CIDADANIA (45-PSDB / 23-CIDADANIA)
2026;CE;VICE-GOVERNADOR;MISSÃO;#NULO;MISSÃO
2026;ES;DEPUTADO FEDERAL;AVANTE;#NULO;AVANTE
2026;AP;DEPUTADO ESTADUAL;PSOL;50-PSOL/18-REDE;FEDERAÇÃO PSOL REDE (50-PSOL / 18-REDE)
2026;RR;1º SUPLENTE;PL;#NULO;PL
2026;SP;DEPUTADO FEDERAL;PSB;#NULO;PSB
2026;PR;2º SUPLENTE;PODE;#NULO;PODE / PL / NOVO
2026;SC;GOVERNADOR;MDB;#NULO;MDB / PSD / FEDERAÇÃO UNIÃO PROGRESSISTA (44-UNIÃO / 11-PP)
2026;TO;2º SUPLENTE;MDB;#NULO;MDB / FEDERAÇÃO PSDB CIDADANIA (45-PSDB / 23-CIDADANIA)
2026;ES;GOVERNADOR;UP;#NULO;UP
2026;PB;1º SUPLENTE;PSDB;45-PSDB/23-CIDADANIA;MDB / DEMOCRATA / PSD / FEDERAÇÃO PSDB CIDADANIA (45-PSDB / 23-CIDADANIA) / PDT
2026;RR;VICE-GOVERNADOR;PODE;#NULO;REPUBLICANOS / PODE / AGIR / PSD / FEDERAÇÃO UNIÃO PROGRESSISTA (44-UNIÃO / 11-PP)
2026;SP;DEPUTADO FEDERAL;CIDADANIA;45-PSDB/23-CIDADANIA;FEDERAÇÃO PSDB CIDADANIA (45-PSDB / 23-CIDADANIA)
2026;SC;VICE-GOVERNADOR;MISSÃO;#NULO;MISSÃO
2026;PR;VICE-GOVERNADOR;PSTU;#NULO;PSTU
2026;BA;1º SUPLENTE;PSOL;50-PSOL/18-REDE;FEDERAÇÃO PSOL REDE (50-PSOL / 18-REDE)
2026;TO;GOVERNADOR;NOVO;#NULO;NOVO
2026;SC;DEPUTADO ESTADUAL;PL;#NULO;PL
2026;ES;GOVERNADOR;PP;44-UNIÃO/11-PP;PODE / MDB / AGIR / PSB / PDT / FEDERAÇÃO PSDB CIDADANIA (45-PSDB / 23-CIDADANIA) / FEDERAÇÃO UNIÃO PROGRESSISTA (44-UNIÃO / 11-PP)
2026;MG;1º SUPLENTE;PSDB;45-PSDB/23-CIDADANIA;PDT / FEDERAÇÃO PSDB CIDADANIA (45-PSDB / 23-CIDADANIA)
2026;TO;1º SUPLENTE;PV;13-PT/65-PC do B/43-PV;FEDERAÇÃO BRASIL DA ESPERANÇA - FE BRASIL (13-PT / 65-PC do B / 43-PV) / PDT / PSB / PSD
2026;RO;2º SUPLENTE;PRD;25-PRD/77-SOLIDARIEDADE;PSD / AVANTE / FEDERAÇÃO RENOVAÇÃO SOLIDÁRIA (25-PRD / 77-SOLIDARIEDADE)
2026;PE;DEPUTADO FEDERAL;PSD;#NULO;PSD
2026;RS;DEPUTADO FEDERAL;PV;13-PT/65-PC do B/43-PV;FEDERAÇÃO BRASIL DA ESPERANÇA - FE BRASIL (13-PT / 65-PC do B / 43-PV)
2026;AP;DEPUTADO ESTADUAL;PSD;#NULO;PSD
2026;TO;DEPUTADO FEDERAL;DEMOCRATA;#NULO;DEMOCRATA
2026;RS;SENADOR;PODE;#NULO;REPUBLICANOS / PODE / DC / NOVO / PL / FEDERAÇÃO UNIÃO PROGRESSISTA (44-UNIÃO / 11-PP)
2026;RN;DEPUTADO FEDERAL;NOVO;#NULO;NOVO
2026;PB;DEPUTADO FEDERAL;PL;#NULO;PL
2026;PB;DEPUTADO FEDERAL;PCO;#NULO;PCO
2026;PB;VICE-GOVERNADOR;PCO;#NULO;PCO
2026;TO;DEPUTADO ESTADUAL;REDE;50-PSOL/18-REDE;FEDERAÇÃO PSOL REDE (50-PSOL / 18-REDE)
2026;AM;2º SUPLENTE;PSDB;45-PSDB/23-CIDADANIA;FEDERAÇÃO PSDB CIDADANIA (45-PSDB / 23-CIDADANIA)
2026;BA;DEPUTADO FEDERAL;AGIR;#NULO;AGIR
2026;MT;GOVERNADOR;PODE;#NULO;FEDERAÇÃO PSDB CIDADANIA (45-PSDB / 23-CIDADANIA) / REPUBLICANOS / FEDERAÇÃO UNIÃO PROGRESSISTA (44-UNIÃO / 11-PP) / PODE
2026;SC;VICE-GOVERNADOR;PSDB;45-PSDB/23-CIDADANIA;AVANTE / AGIR / DC / FEDERAÇÃO PSDB CIDADANIA (45-PSDB / 23-CIDADANIA) / NOVO / REPUBLICANOS / PODE / PL
2026;RO;1º SUPLENTE;MOBILIZA;#NULO;PODE / PL / DC / NOVO / MOBILIZA
2026;AP;1º SUPLENTE;PCDOB;13-PT/65-PC do B/43-PV;REPUBLICANOS / PDT / AGIR / FEDERAÇÃO UNIÃO PROGRESSISTA (44-UNIÃO / 11-PP) / FEDERAÇÃO PSDB CIDADANIA (45-PSDB / 23-CIDADANIA) / FEDERAÇÃO BRASIL DA ESPERANÇA - FE BRASIL (13-PT / 65-PC do B / 43-PV) / FEDERAÇÃO RENOVAÇÃO SOLIDÁRIA (25-PRD / 77-SOLIDARIEDADE)
2026;GO;VICE-GOVERNADOR;PL;#NULO;PL / NOVO
2026;RJ;2º SUPLENTE;REPUBLICANOS;#NULO;REPUBLICANOS
2026;PE;DEPUTADO ESTADUAL;REPUBLICANOS;#NULO;REPUBLICANOS
2026;SP;VICE-GOVERNADOR;PSB;#NULO;PDT / PSB / FEDERAÇÃO BRASIL DA ESPERANÇA - FE BRASIL (13-PT / 65-PC do B / 43-PV) / FEDERAÇÃO PSOL REDE (50-PSOL / 18-REDE)
2026;RR;1º SUPLENTE;PDT;#NULO;PDT / MDB
2026;PB;DEPUTADO FEDERAL;PP;44-UNIÃO/11-PP;FEDERAÇÃO UNIÃO PROGRESSISTA (44-UNIÃO / 11-PP)
2026;RJ;DEPUTADO FEDERAL;PCDOB;13-PT/65-PC do B/43-PV;FEDERAÇÃO BRASIL DA ESPERANÇA - FE BRASIL (13-PT / 65-PC do B / 43-PV)
2026;MG;SENADOR;NOVO;#NULO;NOVO
2026;PI;GOVERNADOR;AVANTE;#NULO;NOVO / AVANTE
2026;SC;VICE-GOVERNADOR;PT;13-PT/65-PC do B/43-PV;PDT / PSB / FEDERAÇÃO PSOL REDE (50-PSOL / 18-REDE) / FEDERAÇÃO BRASIL DA ESPERANÇA - FE BRASIL (13-PT / 65-PC do B / 43-PV)
2026;ES;1º SUPLENTE;PSOL;50-PSOL/18-REDE;FEDERAÇÃO PSOL REDE (50-PSOL / 18-REDE)
2026;RO;1º SUPLENTE;PCDOB;13-PT/65-PC do B/43-PV;FEDERAÇÃO BRASIL DA ESPERANÇA - FE BRASIL (13-PT / 65-PC do B / 43-PV)
2026;MS;GOVERNADOR;PT;13-PT/65-PC do B/43-PV;PDT / PSB / FEDERAÇÃO BRASIL DA ESPERANÇA - FE BRASIL (13-PT / 65-PC do B / 43-PV)
2026;MA;2º SUPLENTE;REPUBLICANOS;#NULO;REPUBLICANOS / PDT / MDB / PODE / FEDERAÇÃO RENOVAÇÃO SOLIDÁRIA (25-PRD / 77-SOLIDARIEDADE)
2026;TO;GOVERNADOR;UNIÃO;44-UNIÃO/11-PP;REPUBLICANOS / PODE / AVANTE / PL / FEDERAÇÃO RENOVAÇÃO SOLIDÁRIA (25-PRD / 77-SOLIDARIEDADE) / FEDERAÇÃO UNIÃO PROGRESSISTA (44-UNIÃO / 11-PP)
2026;PI;VICE-GOVERNADOR;REPUBLICANOS;#NULO;REPUBLICANOS / PDT / MDB / PSD / FEDERAÇÃO BRASIL DA ESPERANÇA - FE BRASIL (13-PT / 65-PC do B / 43-PV)
2026;BR;PRESIDENTE;AGIR;#NULO;AGIR / AVANTE
2026;MA;GOVERNADOR;PV;13-PT/65-PC do B/43-PV;FEDERAÇÃO BRASIL DA ESPERANÇA - FE BRASIL (13-PT / 65-PC do B / 43-PV) / PSB / FEDERAÇÃO PSOL REDE (50-PSOL / 18-REDE)
2026;RR;DEPUTADO FEDERAL;MDB;#NULO;MDB
2026;RS;2º SUPLENTE;CIDADANIA;45-PSDB/23-CIDADANIA;FEDERAÇÃO PSDB CIDADANIA (45-PSDB / 23-CIDADANIA)
2026;RN;DEPUTADO FEDERAL;REDE;50-PSOL/18-REDE;FEDERAÇÃO PSOL REDE (50-PSOL / 18-REDE)
2026;PR;DEPUTADO FEDERAL;DEMOCRATA;#NULO;DEMOCRATA
2026;GO;SENADOR;SOLIDARIEDADE;25-PRD/77-SOLIDARIEDADE;FEDERAÇÃO RENOVAÇÃO SOLIDÁRIA (25-PRD / 77-SOLIDARIEDADE)
2026;BA;2º SUPLENTE;MOBILIZA;#NULO;MOBILIZA
2026;PI;SENADOR;PV;13-PT/65-PC do B/43-PV;REPUBLICANOS / PDT / MDB / PSD / FEDERAÇÃO BRASIL DA ESPERANÇA - FE BRASIL (13-PT / 65-PC do B / 43-PV)
2026;MG;VICE-GOVERNADOR;REPUBLICANOS;#NULO;REPUBLICANOS / PODE
2026;SC;VICE-GOVERNADOR;PSB;#NULO;PDT / PSB / FEDERAÇÃO PSOL REDE (50-PSOL / 18-REDE) / FEDERAÇÃO BRASIL DA ESPERANÇA - FE BRASIL (13-PT / 65-PC do B / 43-PV)
2026;MT;1º SUPLENTE;AGIR;#NULO;AGIR
2026;MA;GOVERNADOR;PSTU;#NULO;PSTU
2026;DF;VICE-GOVERNADOR;UP;#NULO;UP
2026;MG;SENADOR;UP;#NULO;UP
2026;MA;GOVERNADOR;NOVO;#NULO;NOVO / PSD
2026;AC;2º SUPLENTE;NOVO;#NULO;REPUBLICANOS / PSD / AVANTE / NOVO
2026;MS;1º SUPLENTE;PV;13-PT/65-PC do B/43-PV;PDT / PSB / FEDERAÇÃO BRASIL DA ESPERANÇA - FE BRASIL (13-PT / 65-PC do B / 43-PV)
2026;TO;SENADOR;PCDOB;13-PT/65-PC do B/43-PV;FEDERAÇÃO BRASIL DA ESPERANÇA - FE BRASIL (13-PT / 65-PC do B / 43-PV) / PDT / PSB / PSD
2026;SP;GOVERNADOR;MDB;#NULO;REPUBLICANOS / PL / MDB / DEMOCRATA / AVANTE / PSD / FEDERAÇÃO RENOVAÇÃO SOLIDÁRIA (25-PRD / 77-SOLIDARIEDADE) / FEDERAÇÃO UNIÃO PROGRESSISTA (44-UNIÃO / 11-PP)
2026;AL;GOVERNADOR;PSB;#NULO;MDB / PODE / AGIR / PSB / PSD / AVANTE / FEDERAÇÃO BRASIL DA ESPERANÇA - FE BRASIL (13-PT / 65-PC do B / 43-PV)
2026;RS;GOVERNADOR;REDE;50-PSOL/18-REDE;PDT / PSB / AVANTE / FEDERAÇÃO BRASIL DA ESPERANÇA - FE BRASIL (13-PT / 65-PC do B / 43-PV) / FEDERAÇÃO PSOL REDE (50-PSOL / 18-REDE)
2026;RS;DEPUTADO FEDERAL;DEMOCRATA;#NULO;DEMOCRATA
2026;AL;DEPUTADO FEDERAL;MDB;#NULO;MDB
2026;MG;2º SUPLENTE;PSDB;45-PSDB/23-CIDADANIA;PDT / FEDERAÇÃO PSDB CIDADANIA (45-PSDB / 23-CIDADANIA)
2026;SC;VICE-GOVERNADOR;DC;#NULO;AVANTE / AGIR / DC / FEDERAÇÃO PSDB CIDADANIA (45-PSDB / 23-CIDADANIA) / NOVO / REPUBLICANOS / PODE / PL
2026;CE;1º SUPLENTE;PT;13-PT/65-PC do B/43-PV;PDT / PODE / PSB / PSD / FEDERAÇÃO BRASIL DA ESPERANÇA - FE BRASIL (13-PT / 65-PC do B / 43-PV) / FEDERAÇÃO PSOL REDE (50-PSOL / 18-REDE) / FEDERAÇÃO RENOVAÇÃO SOLIDÁRIA (25-PRD / 77-SOLIDARIEDADE) / REPUBLICANOS / MDB / MOBILIZA
2026;CE;VICE-GOVERNADOR;PP;44-UNIÃO/11-PP;PL / FEDERAÇÃO PSDB CIDADANIA (45-PSDB / 23-CIDADANIA) / FEDERAÇÃO UNIÃO PROGRESSISTA (44-UNIÃO / 11-PP) / DC / AVANTE
2026;BA;SENADOR;PODE;#NULO;REPUBLICANOS / PODE / PL / FEDERAÇÃO PSDB CIDADANIA (45-PSDB / 23-CIDADANIA) / FEDERAÇÃO UNIÃO PROGRESSISTA (44-UNIÃO / 11-PP) / FEDERAÇÃO RENOVAÇÃO SOLIDÁRIA (25-PRD / 77-SOLIDARIEDADE) / NOVO
2026;AM;GOVERNADOR;PV;13-PT/65-PC do B/43-PV;REPUBLICANOS / MDB / PSD / FEDERAÇÃO BRASIL DA ESPERANÇA - FE BRASIL (13-PT / 65-PC do B / 43-PV)
2026;ES;SENADOR;CIDADANIA;45-PSDB/23-CIDADANIA;PDT / MDB / PODE / AGIR / PSB / FEDERAÇÃO PSDB CIDADANIA (45-PSDB / 23-CIDADANIA) / FEDERAÇÃO UNIÃO PROGRESSISTA (44-UNIÃO / 11-PP)
2026;MS;VICE-GOVERNADOR;PSDB;45-PSDB/23-CIDADANIA;FEDERAÇÃO UNIÃO PROGRESSISTA (44-UNIÃO / 11-PP) / PL / FEDERAÇÃO PSDB CIDADANIA (45-PSDB / 23-CIDADANIA) / PODE / AVANTE / REPUBLICANOS / PSD / MDB
2026;MT;VICE-GOVERNADOR;PCDOB;13-PT/65-PC do B/43-PV;PDT / PSB / PSD / FEDERAÇÃO BRASIL DA ESPERANÇA - FE BRASIL (13-PT / 65-PC do B / 43-PV) / FEDERAÇÃO PSOL REDE (50-PSOL / 18-REDE)
2026;RO;2º SUPLENTE;MDB;#NULO;PDT / MDB
2026;ES;SENADOR;MDB;#NULO;PDT / MDB / PODE / AGIR / PSB / FEDERAÇÃO PSDB CIDADANIA (45-PSDB / 23-CIDADANIA) / FEDERAÇÃO UNIÃO PROGRESSISTA (44-UNIÃO / 11-PP)
2026;CE;SENADOR;PL;#NULO;PL / DC / AVANTE / FEDERAÇÃO PSDB CIDADANIA (45-PSDB / 23-CIDADANIA) / FEDERAÇÃO UNIÃO PROGRESSISTA (44-UNIÃO / 11-PP)
2026;TO;GOVERNADOR;PV;13-PT/65-PC do B/43-PV;PDT / PSB / PSD / FEDERAÇÃO BRASIL DA ESPERANÇA - FE BRASIL (13-PT / 65-PC do B / 43-PV)
2026;PI;2º SUPLENTE;PDT;#NULO;REPUBLICANOS / PDT / MDB / PSD / FEDERAÇÃO BRASIL DA ESPERANÇA - FE BRASIL (13-PT / 65-PC do B / 43-PV)
2026;MT;1º SUPLENTE;CIDADANIA;45-PSDB/23-CIDADANIA;REPUBLICANOS / PODE / FEDERAÇÃO PSDB CIDADANIA (45-PSDB / 23-CIDADANIA) / FEDERAÇÃO UNIÃO PROGRESSISTA (44-UNIÃO / 11-PP)
2026;RN;DEPUTADO FEDERAL;PT;13-PT/65-PC do B/43-PV;FEDERAÇÃO BRASIL DA ESPERANÇA - FE BRASIL (13-PT / 65-PC do B / 43-PV)
2026;PI;DEPUTADO ESTADUAL;PV;13-PT/65-PC do B/43-PV;FEDERAÇÃO BRASIL DA ESPERANÇA - FE BRASIL (13-PT / 65-PC do B / 43-PV)
2026;MT;DEPUTADO FEDERAL;PSD;#NULO;PSD
2026;MT;DEPUTADO ESTADUAL;UNIÃO;44-UNIÃO/11-PP;FEDERAÇÃO UNIÃO PROGRESSISTA (44-UNIÃO / 11-PP)
2026;MG;SENADOR;PP;44-UNIÃO/11-PP;FEDERAÇÃO UNIÃO PROGRESSISTA (44-UNIÃO / 11-PP)
2026;SE;DEPUTADO ESTADUAL;PSOL;50-PSOL/18-REDE;FEDERAÇÃO PSOL REDE (50-PSOL / 18-REDE)
2026;GO;DEPUTADO ESTADUAL;MOBILIZA;#NULO;MOBILIZA
2026;PE;DEPUTADO FEDERAL;PSOL;50-PSOL/18-REDE;FEDERAÇÃO PSOL REDE (50-PSOL / 18-REDE)
2026;RO;2º SUPLENTE;PT;13-PT/65-PC do B/43-PV;FEDERAÇÃO BRASIL DA ESPERANÇA - FE BRASIL (13-PT / 65-PC do B / 43-PV)
2026;ES;2º SUPLENTE;PSOL;50-PSOL/18-REDE;FEDERAÇÃO PSOL REDE (50-PSOL / 18-REDE)
2026;MA;DEPUTADO ESTADUAL;PT;13-PT/65-PC do B/43-PV;FEDERAÇÃO BRASIL DA ESPERANÇA - FE BRASIL (13-PT / 65-PC do B / 43-PV)
2026;MT;2º SUPLENTE;PDT;#NULO;PDT / PSB / PSD / FEDERAÇÃO BRASIL DA ESPERANÇA - FE BRASIL (13-PT / 65-PC do B / 43-PV) / FEDERAÇÃO PSOL REDE (50-PSOL / 18-REDE)
2026;BA;1º SUPLENTE;NOVO;#NULO;REPUBLICANOS / PODE / PL / FEDERAÇÃO PSDB CIDADANIA (45-PSDB / 23-CIDADANIA) / FEDERAÇÃO UNIÃO PROGRESSISTA (44-UNIÃO / 11-PP) / FEDERAÇÃO RENOVAÇÃO SOLIDÁRIA (25-PRD / 77-SOLIDARIEDADE) / NOVO
2026;CE;2º SUPLENTE;MDB;#NULO;PDT / PODE / PSB / PSD / FEDERAÇÃO BRASIL DA ESPERANÇA - FE BRASIL (13-PT / 65-PC do B / 43-PV) / FEDERAÇÃO PSOL REDE (50-PSOL / 18-REDE) / FEDERAÇÃO RENOVAÇÃO SOLIDÁRIA (25-PRD / 77-SOLIDARIEDADE) / REPUBLICANOS / MDB / MOBILIZA
2026;BA;2º SUPLENTE;PSDB;45-PSDB/23-CIDADANIA;REPUBLICANOS / PODE / PL / FEDERAÇÃO PSDB CIDADANIA (45-PSDB / 23-CIDADANIA) / FEDERAÇÃO UNIÃO PROGRESSISTA (44-UNIÃO / 11-PP) / FEDERAÇÃO RENOVAÇÃO SOLIDÁRIA (25-PRD / 77-SOLIDARIEDADE) / NOVO
2026;MA;2º SUPLENTE;PP;44-UNIÃO/11-PP;FEDERAÇÃO PSDB CIDADANIA (45-PSDB / 23-CIDADANIA) / FEDERAÇÃO UNIÃO PROGRESSISTA (44-UNIÃO / 11-PP)
2026;ES;1º SUPLENTE;SOLIDARIEDADE;25-PRD/77-SOLIDARIEDADE;DC / FEDERAÇÃO RENOVAÇÃO SOLIDÁRIA (25-PRD / 77-SOLIDARIEDADE)
2026;AC;GOVERNADOR;PCDOB;13-PT/65-PC do B/43-PV;PODE / PSB / FEDERAÇÃO BRASIL DA ESPERANÇA - FE BRASIL (13-PT / 65-PC do B / 43-PV)
2026;MA;VICE-GOVERNADOR;PSTU;#NULO;PSTU
2026;CE;VICE-GOVERNADOR;PRD;25-PRD/77-SOLIDARIEDADE;PSB / PDT / PODE / MOBILIZA / FEDERAÇÃO BRASIL DA ESPERANÇA - FE BRASIL (13-PT / 65-PC do B / 43-PV) / REPUBLICANOS / PSD / MDB / FEDERAÇÃO RENOVAÇÃO SOLIDÁRIA (25-PRD / 77-SOLIDARIEDADE) / FEDERAÇÃO PSOL REDE (50-PSOL / 18-REDE)
2026;AL;VICE-GOVERNADOR;PRD;25-PRD/77-SOLIDARIEDADE;PDT / PL / DC / FEDERAÇÃO PSDB CIDADANIA (45-PSDB / 23-CIDADANIA) / FEDERAÇÃO RENOVAÇÃO SOLIDÁRIA (25-PRD / 77-SOLIDARIEDADE) / FEDERAÇÃO UNIÃO PROGRESSISTA (44-UNIÃO / 11-PP)
2026;SC;GOVERNADOR;PSDB;45-PSDB/23-CIDADANIA;AVANTE / AGIR / DC / FEDERAÇÃO PSDB CIDADANIA (45-PSDB / 23-CIDADANIA) / NOVO / REPUBLICANOS / PODE / PL
2026;PE;GOVERNADOR;PSTU;#NULO;PSTU
2026;PE;1º SUPLENTE;PCO;#NULO;PCO
2026;PE;SENADOR;PSTU;#NULO;PSTU
2026;MG;DEPUTADO FEDERAL;PSOL;50-PSOL/18-REDE;FEDERAÇÃO PSOL REDE (50-PSOL / 18-REDE)
2026;RO;DEPUTADO ESTADUAL;REPUBLICANOS;#NULO;REPUBLICANOS
2026;CE;DEPUTADO ESTADUAL;PSD;#NULO;PSD
2026;RJ;DEPUTADO ESTADUAL;UNIÃO;44-UNIÃO/11-PP;FEDERAÇÃO UNIÃO PROGRESSISTA (44-UNIÃO / 11-PP)
2026;MA;DEPUTADO FEDERAL;PSDB;45-PSDB/23-CIDADANIA;FEDERAÇÃO PSDB CIDADANIA (45-PSDB / 23-CIDADANIA)
2026;TO;1º SUPLENTE;REDE;50-PSOL/18-REDE;FEDERAÇÃO PSOL REDE (50-PSOL / 18-REDE)
2026;PR;SENADOR;MDB;#NULO;REPUBLICANOS / MDB / DEMOCRATA / PSD / AVANTE / FEDERAÇÃO PSDB CIDADANIA (45-PSDB / 23-CIDADANIA) / FEDERAÇÃO UNIÃO PROGRESSISTA (44-UNIÃO / 11-PP)
2026;RS;DEPUTADO ESTADUAL;MISSÃO;#NULO;MISSÃO
2026;MG;2º SUPLENTE;MDB;#NULO;MDB
2026;BA;GOVERNADOR;REDE;50-PSOL/18-REDE;FEDERAÇÃO PSOL REDE (50-PSOL / 18-REDE)
2026;MT;GOVERNADOR;AGIR;#NULO;AGIR
2026;SE;DEPUTADO ESTADUAL;PSD;#NULO;PSD
2026;TO;1º SUPLENTE;PSOL;50-PSOL/18-REDE;FEDERAÇÃO PSOL REDE (50-PSOL / 18-REDE)
2026;SP;SENADOR;PODE;#NULO;PODE
2026;BA;VICE-GOVERNADOR;PP;44-UNIÃO/11-PP;REPUBLICANOS / PODE / PL / FEDERAÇÃO PSDB CIDADANIA (45-PSDB / 23-CIDADANIA) / FEDERAÇÃO RENOVAÇÃO SOLIDÁRIA (25-PRD / 77-SOLIDARIEDADE) / FEDERAÇÃO UNIÃO PROGRESSISTA (44-UNIÃO / 11-PP) / NOVO
2026;GO;1º SUPLENTE;PT;13-PT/65-PC do B/43-PV;PDT / PSB / FEDERAÇÃO BRASIL DA ESPERANÇA - FE BRASIL (13-PT / 65-PC do B / 43-PV) / FEDERAÇÃO PSOL REDE (50-PSOL / 18-REDE)
2026;RJ;SENADOR;CIDADANIA;45-PSDB/23-CIDADANIA;PDT / MDB / DC / FEDERAÇÃO BRASIL DA ESPERANÇA - FE BRASIL (13-PT / 65-PC do B / 43-PV) / PSB / PSD / FEDERAÇÃO PSDB CIDADANIA (45-PSDB / 23-CIDADANIA) / FEDERAÇÃO RENOVAÇÃO SOLIDÁRIA (25-PRD / 77-SOLIDARIEDADE)
2026;AL;GOVERNADOR;PRD;25-PRD/77-SOLIDARIEDADE;PDT / PL / DC / FEDERAÇÃO PSDB CIDADANIA (45-PSDB / 23-CIDADANIA) / FEDERAÇÃO RENOVAÇÃO SOLIDÁRIA (25-PRD / 77-SOLIDARIEDADE) / FEDERAÇÃO UNIÃO PROGRESSISTA (44-UNIÃO / 11-PP)
2026;SP;SENADOR;PCDOB;13-PT/65-PC do B/43-PV;PDT / PSB / FEDERAÇÃO BRASIL DA ESPERANÇA - FE BRASIL (13-PT / 65-PC do B / 43-PV) / FEDERAÇÃO PSOL REDE (50-PSOL / 18-REDE)
2026;PE;GOVERNADOR;SOLIDARIEDADE;25-PRD/77-SOLIDARIEDADE;REPUBLICANOS / PDT / MDB / PSB / FEDERAÇÃO BRASIL DA ESPERANÇA - FE BRASIL (13-PT / 65-PC do B / 43-PV) / FEDERAÇÃO RENOVAÇÃO SOLIDÁRIA (25-PRD / 77-SOLIDARIEDADE) / DC
2026;MG;1º SUPLENTE;PV;13-PT/65-PC do B/43-PV;PSB / FEDERAÇÃO BRASIL DA ESPERANÇA - FE BRASIL (13-PT / 65-PC do B / 43-PV) / FEDERAÇÃO PSOL REDE (50-PSOL / 18-REDE)
2026;PR;2º SUPLENTE;PP;44-UNIÃO/11-PP;REPUBLICANOS / MDB / DEMOCRATA / PSD / AVANTE / FEDERAÇÃO PSDB CIDADANIA (45-PSDB / 23-CIDADANIA) / FEDERAÇÃO UNIÃO PROGRESSISTA (44-UNIÃO / 11-PP)
2026;MA;DEPUTADO ESTADUAL;PL;#NULO;PL
2026;PB;DEPUTADO ESTADUAL;UP;#NULO;UP
2026;PE;DEPUTADO FEDERAL;CIDADANIA;45-PSDB/23-CIDADANIA;FEDERAÇÃO PSDB CIDADANIA (45-PSDB / 23-CIDADANIA)
2026;RN;DEPUTADO FEDERAL;PDT;#NULO;PDT
2026;CE;DEPUTADO ESTADUAL;PL;#NULO;PL
2026;MG;DEPUTADO ESTADUAL;MOBILIZA;#NULO;MOBILIZA
2026;AM;DEPUTADO ESTADUAL;REPUBLICANOS;#NULO;REPUBLICANOS
2026;CE;1º SUPLENTE;PCO;#NULO;PCO
2026;CE;DEPUTADO FEDERAL;REDE;50-PSOL/18-REDE;FEDERAÇÃO PSOL REDE (50-PSOL / 18-REDE)
2026;BA;1º SUPLENTE;PT;13-PT/65-PC do B/43-PV;PDT / MDB / PSB / PSD / AVANTE / FEDERAÇÃO BRASIL DA ESPERANÇA - FE BRASIL (13-PT / 65-PC do B / 43-PV)
2026;RR;2º SUPLENTE;PSDB;45-PSDB/23-CIDADANIA;PSB / FEDERAÇÃO PSDB CIDADANIA (45-PSDB / 23-CIDADANIA)
2026;RR;SENADOR;PSB;#NULO;PSB / FEDERAÇÃO PSDB CIDADANIA (45-PSDB / 23-CIDADANIA)
2026;PR;2º SUPLENTE;PL;#NULO;PODE / PL / NOVO
2026;SP;GOVERNADOR;PRD;25-PRD/77-SOLIDARIEDADE;REPUBLICANOS / PL / MDB / DEMOCRATA / AVANTE / PSD / FEDERAÇÃO RENOVAÇÃO SOLIDÁRIA (25-PRD / 77-SOLIDARIEDADE) / FEDERAÇÃO UNIÃO PROGRESSISTA (44-UNIÃO / 11-PP)
2026;SE;1º SUPLENTE;REPUBLICANOS;#NULO;REPUBLICANOS / AVANTE
2026;MG;VICE-GOVERNADOR;PDT;#NULO;PDT / FEDERAÇÃO PSDB CIDADANIA (45-PSDB / 23-CIDADANIA)
2026;MT;2º SUPLENTE;REDE;50-PSOL/18-REDE;PDT / PSB / PSD / FEDERAÇÃO BRASIL DA ESPERANÇA - FE BRASIL (13-PT / 65-PC do B / 43-PV) / FEDERAÇÃO PSOL REDE (50-PSOL / 18-REDE)
2026;AM;DEPUTADO FEDERAL;MDB;#NULO;MDB
2026;ES;DEPUTADO FEDERAL;DEMOCRATA;#NULO;DEMOCRATA
2026;SP;2º SUPLENTE;PODE;#NULO;PODE
2026;AM;DEPUTADO ESTADUAL;AVANTE;#NULO;AVANTE
2026;BA;2º SUPLENTE;PCO;#NULO;PCO
2026;PI;2º SUPLENTE;UP;#NULO;UP
2026;SP;DEPUTADO ESTADUAL;PCDOB;13-PT/65-PC do B/43-PV;FEDERAÇÃO BRASIL DA ESPERANÇA - FE BRASIL (13-PT / 65-PC do B / 43-PV)
2026;TO;VICE-GOVERNADOR;PDT;#NULO;PDT / PSB / PSD / FEDERAÇÃO BRASIL DA ESPERANÇA - FE BRASIL (13-PT / 65-PC do B / 43-PV)
2026;ES;SENADOR;SOLIDARIEDADE;25-PRD/77-SOLIDARIEDADE;DC / FEDERAÇÃO RENOVAÇÃO SOLIDÁRIA (25-PRD / 77-SOLIDARIEDADE)
2026;MS;1º SUPLENTE;PDT;#NULO;PDT / PSB / FEDERAÇÃO BRASIL DA ESPERANÇA - FE BRASIL (13-PT / 65-PC do B / 43-PV)
2026;RJ;DEPUTADO ESTADUAL;PSB;#NULO;PSB
2026;PA;DEPUTADO FEDERAL;PV;13-PT/65-PC do B/43-PV;FEDERAÇÃO BRASIL DA ESPERANÇA - FE BRASIL (13-PT / 65-PC do B / 43-PV)
2026;ES;DEPUTADO FEDERAL;PSB;#NULO;PSB
2026;BA;SENADOR;PCO;#NULO;PCO
2026;RJ;1º SUPLENTE;MISSÃO;#NULO;MISSÃO
2026;PA;DEPUTADO FEDERAL;PP;44-UNIÃO/11-PP;FEDERAÇÃO UNIÃO PROGRESSISTA (44-UNIÃO / 11-PP)
2026;RO;GOVERNADOR;PSD;#NULO;PSD / AVANTE / FEDERAÇÃO RENOVAÇÃO SOLIDÁRIA (25-PRD / 77-SOLIDARIEDADE)
2026;MA;1º SUPLENTE;NOVO;#NULO;NOVO / PSD
2026;AL;VICE-GOVERNADOR;SOLIDARIEDADE;25-PRD/77-SOLIDARIEDADE;PDT / PL / DC / FEDERAÇÃO PSDB CIDADANIA (45-PSDB / 23-CIDADANIA) / FEDERAÇÃO RENOVAÇÃO SOLIDÁRIA (25-PRD / 77-SOLIDARIEDADE) / FEDERAÇÃO UNIÃO PROGRESSISTA (44-UNIÃO / 11-PP)
2026;PA;GOVERNADOR;PODE;#NULO;PODE / PL / DC / NOVO / FEDERAÇÃO RENOVAÇÃO SOLIDÁRIA (25-PRD / 77-SOLIDARIEDADE)
2026;PB;VICE-GOVERNADOR;AGIR;#NULO;PODE / MOBILIZA / FEDERAÇÃO BRASIL DA ESPERANÇA - FE BRASIL (13-PT / 65-PC do B / 43-PV) / AGIR / FEDERAÇÃO RENOVAÇÃO SOLIDÁRIA (25-PRD / 77-SOLIDARIEDADE) / FEDERAÇÃO UNIÃO PROGRESSISTA (44-UNIÃO / 11-PP) / REPUBLICANOS / PSB
2026;GO;VICE-GOVERNADOR;AVANTE;#NULO;REPUBLICANOS / MDB / PODE / MOBILIZA / DEMOCRATA / AGIR / PSD / AVANTE / FEDERAÇÃO RENOVAÇÃO SOLIDÁRIA (25-PRD / 77-SOLIDARIEDADE) / FEDERAÇÃO UNIÃO PROGRESSISTA (44-UNIÃO / 11-PP)
2026;PA;1º SUPLENTE;AVANTE;#NULO;PSD / FEDERAÇÃO UNIÃO PROGRESSISTA (44-UNIÃO / 11-PP) / PSB / REPUBLICANOS / FEDERAÇÃO BRASIL DA ESPERANÇA - FE BRASIL (13-PT / 65-PC do B / 43-PV) / FEDERAÇÃO PSDB CIDADANIA (45-PSDB / 23-CIDADANIA) / MDB / AVANTE
2026;PA;DEPUTADO ESTADUAL;PV;13-PT/65-PC do B/43-PV;FEDERAÇÃO BRASIL DA ESPERANÇA - FE BRASIL (13-PT / 65-PC do B / 43-PV)
2026;AC;2º SUPLENTE;AVANTE;#NULO;REPUBLICANOS / PSD / AVANTE / NOVO
2026;PB;SENADOR;PDT;#NULO;MDB / DEMOCRATA / PSD / FEDERAÇÃO PSDB CIDADANIA (45-PSDB / 23-CIDADANIA) / PDT
2026;RJ;VICE-GOVERNADOR;AGIR;#NULO;PL / MOBILIZA / AGIR / AVANTE
2026;MG;DEPUTADO ESTADUAL;REPUBLICANOS;#NULO;REPUBLICANOS
2026;RS;DEPUTADO ESTADUAL;MDB;#NULO;MDB
2026;AC;DEPUTADO FEDERAL;NOVO;#NULO;NOVO
2026;AP;DEPUTADO ESTADUAL;PL;#NULO;PL
2026;BA;DEPUTADO FEDERAL;DC;#NULO;DC
2026;PI;1º SUPLENTE;PSDB;45-PSDB/23-CIDADANIA;FEDERAÇÃO PSDB CIDADANIA (45-PSDB / 23-CIDADANIA)
2026;CE;DEPUTADO ESTADUAL;PT;13-PT/65-PC do B/43-PV;FEDERAÇÃO BRASIL DA ESPERANÇA - FE BRASIL (13-PT / 65-PC do B / 43-PV)
2026;ES;DEPUTADO ESTADUAL;DEMOCRATA;#NULO;DEMOCRATA
2026;MS;DEPUTADO ESTADUAL;PCO;#NULO;PCO
2026;SE;DEPUTADO FEDERAL;MDB;#NULO;MDB
2026;PA;GOVERNADOR;AVANTE;#NULO;REPUBLICANOS / MDB / PSB / PSD / AVANTE / FEDERAÇÃO PSDB CIDADANIA (45-PSDB / 23-CIDADANIA) / FEDERAÇÃO BRASIL DA ESPERANÇA - FE BRASIL (13-PT / 65-PC do B / 43-PV) / FEDERAÇÃO UNIÃO PROGRESSISTA (44-UNIÃO / 11-PP)
2026;SC;2º SUPLENTE;UNIÃO;44-UNIÃO/11-PP;MDB / PSD / FEDERAÇÃO UNIÃO PROGRESSISTA (44-UNIÃO / 11-PP)
2026;BA;DEPUTADO ESTADUAL;PP;44-UNIÃO/11-PP;FEDERAÇÃO UNIÃO PROGRESSISTA (44-UNIÃO / 11-PP)
2026;CE;2º SUPLENTE;SOLIDARIEDADE;25-PRD/77-SOLIDARIEDADE;PDT / PODE / PSB / PSD / FEDERAÇÃO BRASIL DA ESPERANÇA - FE BRASIL (13-PT / 65-PC do B / 43-PV) / FEDERAÇÃO PSOL REDE (50-PSOL / 18-REDE) / FEDERAÇÃO RENOVAÇÃO SOLIDÁRIA (25-PRD / 77-SOLIDARIEDADE) / REPUBLICANOS / MDB / MOBILIZA
2026;AM;DEPUTADO FEDERAL;UNIÃO;44-UNIÃO/11-PP;FEDERAÇÃO UNIÃO PROGRESSISTA (44-UNIÃO / 11-PP)
2026;DF;SENADOR;PV;13-PT/65-PC do B/43-PV;PDT / FEDERAÇÃO BRASIL DA ESPERANÇA - FE BRASIL (13-PT / 65-PC do B / 43-PV) / FEDERAÇÃO PSOL REDE (50-PSOL / 18-REDE)
2026;AM;VICE-GOVERNADOR;NOVO;#NULO;PL / NOVO
2026;PE;2º SUPLENTE;PCDOB;13-PT/65-PC do B/43-PV;REPUBLICANOS / PDT / MDB / DC / PSB / FEDERAÇÃO BRASIL DA ESPERANÇA - FE BRASIL (13-PT / 65-PC do B / 43-PV) / FEDERAÇÃO RENOVAÇÃO SOLIDÁRIA (25-PRD / 77-SOLIDARIEDADE)
2026;MA;SENADOR;MOBILIZA;#NULO;MOBILIZA / AGIR / AVANTE
2026;ES;1º SUPLENTE;PODE;#NULO;PDT / MDB / PODE / AGIR / PSB / FEDERAÇÃO PSDB CIDADANIA (45-PSDB / 23-CIDADANIA) / FEDERAÇÃO UNIÃO PROGRESSISTA (44-UNIÃO / 11-PP)
2026;PI;1º SUPLENTE;PL;#NULO;PODE / PL / FEDERAÇÃO RENOVAÇÃO SOLIDÁRIA (25-PRD / 77-SOLIDARIEDADE) / FEDERAÇÃO UNIÃO PROGRESSISTA (44-UNIÃO / 11-PP)
2026;CE;SENADOR;PP;44-UNIÃO/11-PP;PL / DC / AVANTE / FEDERAÇÃO PSDB CIDADANIA (45-PSDB / 23-CIDADANIA) / FEDERAÇÃO UNIÃO PROGRESSISTA (44-UNIÃO / 11-PP)
2026;AP;GOVERNADOR;SOLIDARIEDADE;25-PRD/77-SOLIDARIEDADE;REPUBLICANOS / PDT / AGIR / FEDERAÇÃO UNIÃO PROGRESSISTA (44-UNIÃO / 11-PP) / FEDERAÇÃO PSDB CIDADANIA (45-PSDB / 23-CIDADANIA) / FEDERAÇÃO BRASIL DA ESPERANÇA - FE BRASIL (13-PT / 65-PC do B / 43-PV) / FEDERAÇÃO RENOVAÇÃO SOLIDÁRIA (25-PRD / 77-SOLIDARIEDADE)
2026;BA;SENADOR;NOVO;#NULO;REPUBLICANOS / PODE / PL / FEDERAÇÃO PSDB CIDADANIA (45-PSDB / 23-CIDADANIA) / FEDERAÇÃO UNIÃO PROGRESSISTA (44-UNIÃO / 11-PP) / FEDERAÇÃO RENOVAÇÃO SOLIDÁRIA (25-PRD / 77-SOLIDARIEDADE) / NOVO
2026;BR;PRESIDENTE;MISSÃO;#NULO;MISSÃO
2026;PE;GOVERNADOR;PCO;#NULO;PCO
2026;SC;1º SUPLENTE;PSTU;#NULO;PSTU
2026;CE;1º SUPLENTE;UP;#NULO;UP
2026;MG;SENADOR;PSD;#NULO;PSD
2026;RJ;DEPUTADO ESTADUAL;DEMOCRATA;#NULO;DEMOCRATA
2026;AC;2º SUPLENTE;PSOL;50-PSOL/18-REDE;FEDERAÇÃO PSOL REDE (50-PSOL / 18-REDE)
2026;AM;SENADOR;DC;#NULO;DC
2026;AM;SENADOR;REDE;50-PSOL/18-REDE;FEDERAÇÃO PSOL REDE (50-PSOL / 18-REDE)
2026;CE;VICE-GOVERNADOR;PCO;#NULO;PCO
2026;MS;SENADOR;DC;#NULO;DC
2026;ES;1º SUPLENTE;AVANTE;#NULO;AVANTE
2026;RN;2º SUPLENTE;DC;#NULO;DC
2026;RO;DEPUTADO FEDERAL;DC;#NULO;DC
2026;PA;2º SUPLENTE;PRD;25-PRD/77-SOLIDARIEDADE;FEDERAÇÃO RENOVAÇÃO SOLIDÁRIA (25-PRD / 77-SOLIDARIEDADE)
2026;TO;DEPUTADO ESTADUAL;SOLIDARIEDADE;25-PRD/77-SOLIDARIEDADE;FEDERAÇÃO RENOVAÇÃO SOLIDÁRIA (25-PRD / 77-SOLIDARIEDADE)
2026;MT;VICE-GOVERNADOR;UNIÃO;44-UNIÃO/11-PP;FEDERAÇÃO PSDB CIDADANIA (45-PSDB / 23-CIDADANIA) / REPUBLICANOS / FEDERAÇÃO UNIÃO PROGRESSISTA (44-UNIÃO / 11-PP) / PODE
2026;CE;VICE-GOVERNADOR;REDE;50-PSOL/18-REDE;PSB / PDT / PODE / MOBILIZA / FEDERAÇÃO BRASIL DA ESPERANÇA - FE BRASIL (13-PT / 65-PC do B / 43-PV) / REPUBLICANOS / PSD / MDB / FEDERAÇÃO RENOVAÇÃO SOLIDÁRIA (25-PRD / 77-SOLIDARIEDADE) / FEDERAÇÃO PSOL REDE (50-PSOL / 18-REDE)
2026;RS;VICE-GOVERNADOR;NOVO;#NULO;REPUBLICANOS / PODE / PL / DC / NOVO / FEDERAÇÃO UNIÃO PROGRESSISTA (44-UNIÃO / 11-PP)
2026;BA;GOVERNADOR;PSD;#NULO;PDT / MDB / PSB / PSD / AVANTE / FEDERAÇÃO BRASIL DA ESPERANÇA - FE BRASIL (13-PT / 65-PC do B / 43-PV)
2026;DF;DEPUTADO FEDERAL;AVANTE;#NULO;AVANTE
2026;RS;DEPUTADO FEDERAL;PSB;#NULO;PSB
2026;MS;1º SUPLENTE;PRD;25-PRD/77-SOLIDARIEDADE;FEDERAÇÃO RENOVAÇÃO SOLIDÁRIA (25-PRD / 77-SOLIDARIEDADE)
2026;BA;1º SUPLENTE;MOBILIZA;#NULO;MOBILIZA
2026;RR;SENADOR;PSD;#NULO;REPUBLICANOS / PODE / AGIR / PSD / FEDERAÇÃO UNIÃO PROGRESSISTA (44-UNIÃO / 11-PP)
2026;SP;DEPUTADO FEDERAL;REDE;50-PSOL/18-REDE;FEDERAÇÃO PSOL REDE (50-PSOL / 18-REDE)
2026;RO;SENADOR;MOBILIZA;#NULO;PODE / PL / DC / NOVO / MOBILIZA
2026;SE;GOVERNADOR;REPUBLICANOS;#NULO;REPUBLICANOS / AVANTE
2026;BA;GOVERNADOR;PV;13-PT/65-PC do B/43-PV;PDT / MDB / PSB / PSD / AVANTE / FEDERAÇÃO BRASIL DA ESPERANÇA - FE BRASIL (13-PT / 65-PC do B / 43-PV)
2026;PA;GOVERNADOR;UNIÃO;44-UNIÃO/11-PP;REPUBLICANOS / MDB / PSB / PSD / AVANTE / FEDERAÇÃO PSDB CIDADANIA (45-PSDB / 23-CIDADANIA) / FEDERAÇÃO BRASIL DA ESPERANÇA - FE BRASIL (13-PT / 65-PC do B / 43-PV) / FEDERAÇÃO UNIÃO PROGRESSISTA (44-UNIÃO / 11-PP)
2026;RO;SENADOR;NOVO;#NULO;PODE / PL / DC / NOVO / MOBILIZA
2026;ES;DEPUTADO ESTADUAL;PODE;#NULO;PODE
2026;AL;1º SUPLENTE;MDB;#NULO;MDB / PODE / AGIR / PSB / PSD / AVANTE / FEDERAÇÃO BRASIL DA ESPERANÇA - FE BRASIL (13-PT / 65-PC do B / 43-PV)
2026;RJ;GOVERNADOR;PCDOB;13-PT/65-PC do B/43-PV;PDT / MDB / DC / PSB / PSD / FEDERAÇÃO PSDB CIDADANIA (45-PSDB / 23-CIDADANIA) / FEDERAÇÃO BRASIL DA ESPERANÇA - FE BRASIL (13-PT / 65-PC do B / 43-PV) / FEDERAÇÃO RENOVAÇÃO SOLIDÁRIA (25-PRD / 77-SOLIDARIEDADE)
2026;RJ;DEPUTADO FEDERAL;PP;44-UNIÃO/11-PP;FEDERAÇÃO UNIÃO PROGRESSISTA (44-UNIÃO / 11-PP)
2026;BA;GOVERNADOR;DC;#NULO;DC
2026;AL;GOVERNADOR;PCDOB;13-PT/65-PC do B/43-PV;MDB / PODE / AGIR / PSB / PSD / AVANTE / FEDERAÇÃO BRASIL DA ESPERANÇA - FE BRASIL (13-PT / 65-PC do B / 43-PV)
2026;RN;1º SUPLENTE;MDB;#NULO;REPUBLICANOS / MDB / PSD / FEDERAÇÃO RENOVAÇÃO SOLIDÁRIA (25-PRD / 77-SOLIDARIEDADE) / FEDERAÇÃO UNIÃO PROGRESSISTA (44-UNIÃO / 11-PP) / AVANTE
2026;MA;1º SUPLENTE;PP;44-UNIÃO/11-PP;FEDERAÇÃO PSDB CIDADANIA (45-PSDB / 23-CIDADANIA) / FEDERAÇÃO UNIÃO PROGRESSISTA (44-UNIÃO / 11-PP)
2026;GO;VICE-GOVERNADOR;REPUBLICANOS;#NULO;REPUBLICANOS / MDB / PODE / MOBILIZA / DEMOCRATA / AGIR / PSD / AVANTE / FEDERAÇÃO RENOVAÇÃO SOLIDÁRIA (25-PRD / 77-SOLIDARIEDADE) / FEDERAÇÃO UNIÃO PROGRESSISTA (44-UNIÃO / 11-PP)
2026;SC;SENADOR;PDT;#NULO;PDT / PSB / FEDERAÇÃO BRASIL DA ESPERANÇA - FE BRASIL (13-PT / 65-PC do B / 43-PV) / FEDERAÇÃO PSOL REDE (50-PSOL / 18-REDE)
2026;RS;VICE-GOVERNADOR;REPUBLICANOS;#NULO;REPUBLICANOS / PODE / PL / DC / NOVO / FEDERAÇÃO UNIÃO PROGRESSISTA (44-UNIÃO / 11-PP)
2026;SC;DEPUTADO FEDERAL;PV;13-PT/65-PC do B/43-PV;FEDERAÇÃO BRASIL DA ESPERANÇA - FE BRASIL (13-PT / 65-PC do B / 43-PV)
2026;CE;2º SUPLENTE;PSB;#NULO;PDT / PODE / PSB / PSD / FEDERAÇÃO BRASIL DA ESPERANÇA - FE BRASIL (13-PT / 65-PC do B / 43-PV) / FEDERAÇÃO PSOL REDE (50-PSOL / 18-REDE) / FEDERAÇÃO RENOVAÇÃO SOLIDÁRIA (25-PRD / 77-SOLIDARIEDADE) / REPUBLICANOS / MDB / MOBILIZA
2026;DF;1º SUPLENTE;PDT;#NULO;PDT / FEDERAÇÃO BRASIL DA ESPERANÇA - FE BRASIL (13-PT / 65-PC do B / 43-PV) / FEDERAÇÃO PSOL REDE (50-PSOL / 18-REDE)
2026;RS;SENADOR;REDE;50-PSOL/18-REDE;PDT / PSB / AVANTE / FEDERAÇÃO BRASIL DA ESPERANÇA - FE BRASIL (13-PT / 65-PC do B / 43-PV) / FEDERAÇÃO PSOL REDE (50-PSOL / 18-REDE)
2026;RR;GOVERNADOR;UNIÃO;44-UNIÃO/11-PP;REPUBLICANOS / PODE / AGIR / PSD / FEDERAÇÃO UNIÃO PROGRESSISTA (44-UNIÃO / 11-PP)
2026;AM;GOVERNADOR;PDT;#NULO;PDT / DC / AGIR / AVANTE / FEDERAÇÃO RENOVAÇÃO SOLIDÁRIA (25-PRD / 77-SOLIDARIEDADE)
2026;AL;VICE-GOVERNADOR;AVANTE;#NULO;MDB / PODE / AGIR / PSB / PSD / AVANTE / FEDERAÇÃO BRASIL DA ESPERANÇA - FE BRASIL (13-PT / 65-PC do B / 43-PV)
2026;TO;VICE-GOVERNADOR;PV;13-PT/65-PC do B/43-PV;PDT / PSB / PSD / FEDERAÇÃO BRASIL DA ESPERANÇA - FE BRASIL (13-PT / 65-PC do B / 43-PV)
2026;SC;2º SUPLENTE;REPUBLICANOS;#NULO;REPUBLICANOS / PODE / PL / DC / NOVO / AGIR / AVANTE / FEDERAÇÃO PSDB CIDADANIA (45-PSDB / 23-CIDADANIA)
2026;RS;GOVERNADOR;UNIÃO;44-UNIÃO/11-PP;REPUBLICANOS / PODE / PL / DC / NOVO / FEDERAÇÃO UNIÃO PROGRESSISTA (44-UNIÃO / 11-PP)
2026;ES;GOVERNADOR;AGIR;#NULO;PODE / MDB / AGIR / PSB / PDT / FEDERAÇÃO PSDB CIDADANIA (45-PSDB / 23-CIDADANIA) / FEDERAÇÃO UNIÃO PROGRESSISTA (44-UNIÃO / 11-PP)
2026;RS;DEPUTADO FEDERAL;UP;#NULO;UP
2026;GO;DEPUTADO FEDERAL;PODE;#NULO;PODE
2026;PA;DEPUTADO FEDERAL;NOVO;#NULO;NOVO
2026;PI;DEPUTADO FEDERAL;MDB;#NULO;MDB
2026;ES;GOVERNADOR;PL;#NULO;REPUBLICANOS / PL / DEMOCRATA
2026;PA;2º SUPLENTE;PCDOB;13-PT/65-PC do B/43-PV;PSD / FEDERAÇÃO UNIÃO PROGRESSISTA (44-UNIÃO / 11-PP) / PSB / REPUBLICANOS / FEDERAÇÃO BRASIL DA ESPERANÇA - FE BRASIL (13-PT / 65-PC do B / 43-PV) / FEDERAÇÃO PSDB CIDADANIA (45-PSDB / 23-CIDADANIA) / MDB / AVANTE
2026;AC;GOVERNADOR;PDT;#NULO;PDT / MDB / PL / DEMOCRATA / FEDERAÇÃO UNIÃO PROGRESSISTA (44-UNIÃO / 11-PP)
2026;MS;VICE-GOVERNADOR;PV;13-PT/65-PC do B/43-PV;PDT / PSB / FEDERAÇÃO BRASIL DA ESPERANÇA - FE BRASIL (13-PT / 65-PC do B / 43-PV)
2026;PE;SENADOR;SOLIDARIEDADE;25-PRD/77-SOLIDARIEDADE;REPUBLICANOS / PDT / MDB / DC / PSB / FEDERAÇÃO BRASIL DA ESPERANÇA - FE BRASIL (13-PT / 65-PC do B / 43-PV) / FEDERAÇÃO RENOVAÇÃO SOLIDÁRIA (25-PRD / 77-SOLIDARIEDADE)
2026;DF;GOVERNADOR;PCO;#NULO;PCO
2026;MS;DEPUTADO ESTADUAL;PV;13-PT/65-PC do B/43-PV;FEDERAÇÃO BRASIL DA ESPERANÇA - FE BRASIL (13-PT / 65-PC do B / 43-PV)
2026;PE;DEPUTADO ESTADUAL;PRD;25-PRD/77-SOLIDARIEDADE;FEDERAÇÃO RENOVAÇÃO SOLIDÁRIA (25-PRD / 77-SOLIDARIEDADE)
2026;SP;2º SUPLENTE;PL;#NULO;FEDERAÇÃO UNIÃO PROGRESSISTA (44-UNIÃO / 11-PP) / REPUBLICANOS / PL / MDB / DEMOCRATA / PSD / FEDERAÇÃO RENOVAÇÃO SOLIDÁRIA (25-PRD / 77-SOLIDARIEDADE) / AVANTE
2026;AP;VICE-GOVERNADOR;PV;13-PT/65-PC do B/43-PV;REPUBLICANOS / PDT / AGIR / FEDERAÇÃO UNIÃO PROGRESSISTA (44-UNIÃO / 11-PP) / FEDERAÇÃO PSDB CIDADANIA (45-PSDB / 23-CIDADANIA) / FEDERAÇÃO BRASIL DA ESPERANÇA - FE BRASIL (13-PT / 65-PC do B / 43-PV) / FEDERAÇÃO RENOVAÇÃO SOLIDÁRIA (25-PRD / 77-SOLIDARIEDADE)
2026;PB;1º SUPLENTE;CIDADANIA;45-PSDB/23-CIDADANIA;MDB / DEMOCRATA / PSD / FEDERAÇÃO PSDB CIDADANIA (45-PSDB / 23-CIDADANIA) / PDT
2026;SP;GOVERNADOR;PT;13-PT/65-PC do B/43-PV;PDT / PSB / FEDERAÇÃO BRASIL DA ESPERANÇA - FE BRASIL (13-PT / 65-PC do B / 43-PV) / FEDERAÇÃO PSOL REDE (50-PSOL / 18-REDE)
2026;RS;1º SUPLENTE;UNIÃO;44-UNIÃO/11-PP;REPUBLICANOS / PODE / DC / NOVO / PL / FEDERAÇÃO UNIÃO PROGRESSISTA (44-UNIÃO / 11-PP)
2026;PE;2º SUPLENTE;CIDADANIA;45-PSDB/23-CIDADANIA;PODE / PSD / AVANTE / FEDERAÇÃO PSDB CIDADANIA (45-PSDB / 23-CIDADANIA) / FEDERAÇÃO UNIÃO PROGRESSISTA (44-UNIÃO / 11-PP)
2026;ES;GOVERNADOR;UNIÃO;44-UNIÃO/11-PP;PODE / MDB / AGIR / PSB / PDT / FEDERAÇÃO PSDB CIDADANIA (45-PSDB / 23-CIDADANIA) / FEDERAÇÃO UNIÃO PROGRESSISTA (44-UNIÃO / 11-PP)
2026;CE;1º SUPLENTE;PRD;25-PRD/77-SOLIDARIEDADE;PDT / PODE / PSB / PSD / FEDERAÇÃO BRASIL DA ESPERANÇA - FE BRASIL (13-PT / 65-PC do B / 43-PV) / FEDERAÇÃO PSOL REDE (50-PSOL / 18-REDE) / FEDERAÇÃO RENOVAÇÃO SOLIDÁRIA (25-PRD / 77-SOLIDARIEDADE) / REPUBLICANOS / MDB / MOBILIZA
2026;SC;2º SUPLENTE;CIDADANIA;45-PSDB/23-CIDADANIA;REPUBLICANOS / PODE / PL / DC / NOVO / AGIR / AVANTE / FEDERAÇÃO PSDB CIDADANIA (45-PSDB / 23-CIDADANIA)
2026;DF;1º SUPLENTE;PV;13-PT/65-PC do B/43-PV;PDT / FEDERAÇÃO BRASIL DA ESPERANÇA - FE BRASIL (13-PT / 65-PC do B / 43-PV) / FEDERAÇÃO PSOL REDE (50-PSOL / 18-REDE)
2026;AM;1º SUPLENTE;PV;13-PT/65-PC do B/43-PV;REPUBLICANOS / MDB / PSD / FEDERAÇÃO BRASIL DA ESPERANÇA - FE BRASIL (13-PT / 65-PC do B / 43-PV)
2026;SE;SENADOR;AVANTE;#NULO;REPUBLICANOS / AVANTE
2026;PA;SENADOR;CIDADANIA;45-PSDB/23-CIDADANIA;PSD / FEDERAÇÃO UNIÃO PROGRESSISTA (44-UNIÃO / 11-PP) / PSB / REPUBLICANOS / FEDERAÇÃO BRASIL DA ESPERANÇA - FE BRASIL (13-PT / 65-PC do B / 43-PV) / FEDERAÇÃO PSDB CIDADANIA (45-PSDB / 23-CIDADANIA) / MDB / AVANTE
2026;RN;SENADOR;PL;#NULO;PODE / PL / NOVO / FEDERAÇÃO PSDB CIDADANIA (45-PSDB / 23-CIDADANIA) / MOBILIZA
2026;PE;GOVERNADOR;PSDB;45-PSDB/23-CIDADANIA;PODE / PSD / AVANTE / FEDERAÇÃO PSDB CIDADANIA (45-PSDB / 23-CIDADANIA) / FEDERAÇÃO UNIÃO PROGRESSISTA (44-UNIÃO / 11-PP)
2026;RJ;VICE-GOVERNADOR;PV;13-PT/65-PC do B/43-PV;PDT / MDB / DC / PSB / PSD / FEDERAÇÃO PSDB CIDADANIA (45-PSDB / 23-CIDADANIA) / FEDERAÇÃO BRASIL DA ESPERANÇA - FE BRASIL (13-PT / 65-PC do B / 43-PV) / FEDERAÇÃO RENOVAÇÃO SOLIDÁRIA (25-PRD / 77-SOLIDARIEDADE)
2026;PR;GOVERNADOR;NOVO;#NULO;PODE / PL / NOVO
2026;AM;1º SUPLENTE;PL;#NULO;PL / NOVO
2026;SE;VICE-GOVERNADOR;PV;13-PT/65-PC do B/43-PV;PSB / PSD / FEDERAÇÃO UNIÃO PROGRESSISTA (44-UNIÃO / 11-PP) / FEDERAÇÃO BRASIL DA ESPERANÇA - FE BRASIL (13-PT / 65-PC do B / 43-PV)
2026;AM;DEPUTADO ESTADUAL;REDE;50-PSOL/18-REDE;FEDERAÇÃO PSOL REDE (50-PSOL / 18-REDE)
2026;MG;DEPUTADO FEDERAL;UP;#NULO;UP
2026;AL;DEPUTADO FEDERAL;DC;#NULO;DC
2026;PB;2º SUPLENTE;AGIR;#NULO;REPUBLICANOS / PODE / MOBILIZA / AGIR / PSB / FEDERAÇÃO BRASIL DA ESPERANÇA - FE BRASIL (13-PT / 65-PC do B / 43-PV) / FEDERAÇÃO RENOVAÇÃO SOLIDÁRIA (25-PRD / 77-SOLIDARIEDADE) / FEDERAÇÃO UNIÃO PROGRESSISTA (44-UNIÃO / 11-PP)
2026;PE;1º SUPLENTE;DC;#NULO;REPUBLICANOS / PDT / MDB / DC / PSB / FEDERAÇÃO BRASIL DA ESPERANÇA - FE BRASIL (13-PT / 65-PC do B / 43-PV) / FEDERAÇÃO RENOVAÇÃO SOLIDÁRIA (25-PRD / 77-SOLIDARIEDADE)
2026;MS;SENADOR;CIDADANIA;45-PSDB/23-CIDADANIA;PL / FEDERAÇÃO UNIÃO PROGRESSISTA (44-UNIÃO / 11-PP) / REPUBLICANOS / FEDERAÇÃO PSDB CIDADANIA (45-PSDB / 23-CIDADANIA) / PSD / MDB / PODE / AVANTE
2026;PE;1º SUPLENTE;PRD;25-PRD/77-SOLIDARIEDADE;REPUBLICANOS / PDT / MDB / DC / PSB / FEDERAÇÃO BRASIL DA ESPERANÇA - FE BRASIL (13-PT / 65-PC do B / 43-PV) / FEDERAÇÃO RENOVAÇÃO SOLIDÁRIA (25-PRD / 77-SOLIDARIEDADE)
2026;CE;1º SUPLENTE;PODE;#NULO;PDT / PODE / PSB / PSD / FEDERAÇÃO BRASIL DA ESPERANÇA - FE BRASIL (13-PT / 65-PC do B / 43-PV) / FEDERAÇÃO PSOL REDE (50-PSOL / 18-REDE) / FEDERAÇÃO RENOVAÇÃO SOLIDÁRIA (25-PRD / 77-SOLIDARIEDADE) / REPUBLICANOS / MDB / MOBILIZA
2026;GO;GOVERNADOR;PP;44-UNIÃO/11-PP;REPUBLICANOS / MDB / PODE / MOBILIZA / DEMOCRATA / AGIR / PSD / AVANTE / FEDERAÇÃO RENOVAÇÃO SOLIDÁRIA (25-PRD / 77-SOLIDARIEDADE) / FEDERAÇÃO UNIÃO PROGRESSISTA (44-UNIÃO / 11-PP)
2026;RJ;GOVERNADOR;PRD;25-PRD/77-SOLIDARIEDADE;PDT / MDB / DC / PSB / PSD / FEDERAÇÃO PSDB CIDADANIA (45-PSDB / 23-CIDADANIA) / FEDERAÇÃO BRASIL DA ESPERANÇA - FE BRASIL (13-PT / 65-PC do B / 43-PV) / FEDERAÇÃO RENOVAÇÃO SOLIDÁRIA (25-PRD / 77-SOLIDARIEDADE)
2026;PA;DEPUTADO ESTADUAL;PDT;#NULO;PDT
2026;CE;SENADOR;PT;13-PT/65-PC do B/43-PV;PDT / PODE / PSB / PSD / FEDERAÇÃO BRASIL DA ESPERANÇA - FE BRASIL (13-PT / 65-PC do B / 43-PV) / FEDERAÇÃO PSOL REDE (50-PSOL / 18-REDE) / FEDERAÇÃO RENOVAÇÃO SOLIDÁRIA (25-PRD / 77-SOLIDARIEDADE) / REPUBLICANOS / MDB / MOBILIZA
2026;SP;2º SUPLENTE;REPUBLICANOS;#NULO;FEDERAÇÃO UNIÃO PROGRESSISTA (44-UNIÃO / 11-PP) / REPUBLICANOS / PL / MDB / DEMOCRATA / PSD / FEDERAÇÃO RENOVAÇÃO SOLIDÁRIA (25-PRD / 77-SOLIDARIEDADE) / AVANTE
2026;CE;VICE-GOVERNADOR;PL;#NULO;PL / FEDERAÇÃO PSDB CIDADANIA (45-PSDB / 23-CIDADANIA) / FEDERAÇÃO UNIÃO PROGRESSISTA (44-UNIÃO / 11-PP) / DC / AVANTE
2026;TO;DEPUTADO FEDERAL;PDT;#NULO;PDT
2026;PE;DEPUTADO FEDERAL;PSB;#NULO;PSB
2026;CE;DEPUTADO FEDERAL;NOVO;#NULO;NOVO
2026;BA;1º SUPLENTE;PCO;#NULO;PCO
2026;MS;2º SUPLENTE;REDE;50-PSOL/18-REDE;FEDERAÇÃO PSOL REDE (50-PSOL / 18-REDE)
2026;BA;DEPUTADO FEDERAL;MDB;#NULO;MDB
2026;GO;DEPUTADO ESTADUAL;PSDB;45-PSDB/23-CIDADANIA;FEDERAÇÃO PSDB CIDADANIA (45-PSDB / 23-CIDADANIA)
2026;MA;DEPUTADO ESTADUAL;PSB;#NULO;PSB
2026;CE;DEPUTADO ESTADUAL;PSOL;50-PSOL/18-REDE;FEDERAÇÃO PSOL REDE (50-PSOL / 18-REDE)
2026;PI;GOVERNADOR;PSDB;45-PSDB/23-CIDADANIA;FEDERAÇÃO PSDB CIDADANIA (45-PSDB / 23-CIDADANIA)
2026;PI;DEPUTADO ESTADUAL;PCDOB;13-PT/65-PC do B/43-PV;FEDERAÇÃO BRASIL DA ESPERANÇA - FE BRASIL (13-PT / 65-PC do B / 43-PV)
2026;RR;GOVERNADOR;PRD;25-PRD/77-SOLIDARIEDADE;FEDERAÇÃO RENOVAÇÃO SOLIDÁRIA (25-PRD / 77-SOLIDARIEDADE)
2026;SE;SENADOR;NOVO;#NULO;PODE / PL / NOVO
2026;AL;VICE-GOVERNADOR;PP;44-UNIÃO/11-PP;PDT / PL / DC / FEDERAÇÃO PSDB CIDADANIA (45-PSDB / 23-CIDADANIA) / FEDERAÇÃO RENOVAÇÃO SOLIDÁRIA (25-PRD / 77-SOLIDARIEDADE) / FEDERAÇÃO UNIÃO PROGRESSISTA (44-UNIÃO / 11-PP)
2026;MA;GOVERNADOR;REPUBLICANOS;#NULO;MDB / PDT / REPUBLICANOS / PODE / FEDERAÇÃO RENOVAÇÃO SOLIDÁRIA (25-PRD / 77-SOLIDARIEDADE)
2026;RJ;SENADOR;SOLIDARIEDADE;25-PRD/77-SOLIDARIEDADE;PDT / MDB / DC / FEDERAÇÃO BRASIL DA ESPERANÇA - FE BRASIL (13-PT / 65-PC do B / 43-PV) / PSB / PSD / FEDERAÇÃO PSDB CIDADANIA (45-PSDB / 23-CIDADANIA) / FEDERAÇÃO RENOVAÇÃO SOLIDÁRIA (25-PRD / 77-SOLIDARIEDADE)
2026;PR;GOVERNADOR;REPUBLICANOS;#NULO;REPUBLICANOS / MDB / DEMOCRATA / PSD / AVANTE / FEDERAÇÃO PSDB CIDADANIA (45-PSDB / 23-CIDADANIA) / FEDERAÇÃO UNIÃO PROGRESSISTA (44-UNIÃO / 11-PP)
2026;SE;SENADOR;DC;#NULO;DC
2026;RJ;1º SUPLENTE;PSB;#NULO;PDT / MDB / DC / FEDERAÇÃO BRASIL DA ESPERANÇA - FE BRASIL (13-PT / 65-PC do B / 43-PV) / PSB / PSD / FEDERAÇÃO PSDB CIDADANIA (45-PSDB / 23-CIDADANIA) / FEDERAÇÃO RENOVAÇÃO SOLIDÁRIA (25-PRD / 77-SOLIDARIEDADE)
2026;RR;2º SUPLENTE;PODE;#NULO;REPUBLICANOS / PODE / AGIR / PSD / FEDERAÇÃO UNIÃO PROGRESSISTA (44-UNIÃO / 11-PP)
2026;RS;2º SUPLENTE;SOLIDARIEDADE;25-PRD/77-SOLIDARIEDADE;MDB / PSD / FEDERAÇÃO RENOVAÇÃO SOLIDÁRIA (25-PRD / 77-SOLIDARIEDADE)
2026;SP;VICE-GOVERNADOR;MDB;#NULO;REPUBLICANOS / PL / MDB / DEMOCRATA / AVANTE / PSD / FEDERAÇÃO RENOVAÇÃO SOLIDÁRIA (25-PRD / 77-SOLIDARIEDADE) / FEDERAÇÃO UNIÃO PROGRESSISTA (44-UNIÃO / 11-PP)
2026;CE;GOVERNADOR;PCO;#NULO;PCO
2026;PB;SENADOR;UNIÃO;44-UNIÃO/11-PP;REPUBLICANOS / PODE / MOBILIZA / AGIR / PSB / FEDERAÇÃO BRASIL DA ESPERANÇA - FE BRASIL (13-PT / 65-PC do B / 43-PV) / FEDERAÇÃO RENOVAÇÃO SOLIDÁRIA (25-PRD / 77-SOLIDARIEDADE) / FEDERAÇÃO UNIÃO PROGRESSISTA (44-UNIÃO / 11-PP)
2026;SC;SENADOR;DC;#NULO;REPUBLICANOS / PODE / PL / DC / NOVO / AGIR / AVANTE / FEDERAÇÃO PSDB CIDADANIA (45-PSDB / 23-CIDADANIA)
2026;DF;GOVERNADOR;PCDOB;13-PT/65-PC do B/43-PV;PDT / FEDERAÇÃO BRASIL DA ESPERANÇA - FE BRASIL (13-PT / 65-PC do B / 43-PV) / FEDERAÇÃO PSOL REDE (50-PSOL / 18-REDE)
2026;BA;1º SUPLENTE;AVANTE;#NULO;PDT / MDB / PSB / PSD / AVANTE / FEDERAÇÃO BRASIL DA ESPERANÇA - FE BRASIL (13-PT / 65-PC do B / 43-PV)
2026;GO;DEPUTADO FEDERAL;PSD;#NULO;PSD
2026;MA;1º SUPLENTE;PSD;#NULO;NOVO / PSD
2026;DF;SENADOR;PCDOB;13-PT/65-PC do B/43-PV;PDT / FEDERAÇÃO BRASIL DA ESPERANÇA - FE BRASIL (13-PT / 65-PC do B / 43-PV) / FEDERAÇÃO PSOL REDE (50-PSOL / 18-REDE)
2026;RO;DEPUTADO ESTADUAL;PODE;#NULO;PODE
2026;PI;2º SUPLENTE;PSTU;#NULO;PSTU
2026;PE;2º SUPLENTE;PSDB;45-PSDB/23-CIDADANIA;PODE / PSD / AVANTE / FEDERAÇÃO PSDB CIDADANIA (45-PSDB / 23-CIDADANIA) / FEDERAÇÃO UNIÃO PROGRESSISTA (44-UNIÃO / 11-PP)
2026;DF;DEPUTADO DISTRITAL;PSB;#NULO;PSB
2026;GO;DEPUTADO FEDERAL;PT;13-PT/65-PC do B/43-PV;FEDERAÇÃO BRASIL DA ESPERANÇA - FE BRASIL (13-PT / 65-PC do B / 43-PV)
2026;BA;GOVERNADOR;UP;#NULO;UP
2026;MT;GOVERNADOR;PSB;#NULO;PDT / PSB / PSD / FEDERAÇÃO BRASIL DA ESPERANÇA - FE BRASIL (13-PT / 65-PC do B / 43-PV) / FEDERAÇÃO PSOL REDE (50-PSOL / 18-REDE)
2026;AM;2º SUPLENTE;PSB;#NULO;PSB / FEDERAÇÃO UNIÃO PROGRESSISTA (44-UNIÃO / 11-PP) / PODE
2026;SE;VICE-GOVERNADOR;NOVO;#NULO;PODE / PL / NOVO
2026;PR;GOVERNADOR;PP;44-UNIÃO/11-PP;REPUBLICANOS / MDB / DEMOCRATA / PSD / AVANTE / FEDERAÇÃO PSDB CIDADANIA (45-PSDB / 23-CIDADANIA) / FEDERAÇÃO UNIÃO PROGRESSISTA (44-UNIÃO / 11-PP)
2026;GO;SENADOR;PSB;#NULO;PDT / PSB / FEDERAÇÃO BRASIL DA ESPERANÇA - FE BRASIL (13-PT / 65-PC do B / 43-PV) / FEDERAÇÃO PSOL REDE (50-PSOL / 18-REDE)
2026;AC;SENADOR;AVANTE;#NULO;REPUBLICANOS / PSD / AVANTE / NOVO
2026;PR;1º SUPLENTE;MDB;#NULO;REPUBLICANOS / MDB / DEMOCRATA / PSD / AVANTE / FEDERAÇÃO PSDB CIDADANIA (45-PSDB / 23-CIDADANIA) / FEDERAÇÃO UNIÃO PROGRESSISTA (44-UNIÃO / 11-PP)
2026;BA;GOVERNADOR;PRD;25-PRD/77-SOLIDARIEDADE;REPUBLICANOS / PODE / PL / FEDERAÇÃO PSDB CIDADANIA (45-PSDB / 23-CIDADANIA) / FEDERAÇÃO RENOVAÇÃO SOLIDÁRIA (25-PRD / 77-SOLIDARIEDADE) / FEDERAÇÃO UNIÃO PROGRESSISTA (44-UNIÃO / 11-PP) / NOVO
2026;PI;SENADOR;PT;13-PT/65-PC do B/43-PV;REPUBLICANOS / PDT / MDB / PSD / FEDERAÇÃO BRASIL DA ESPERANÇA - FE BRASIL (13-PT / 65-PC do B / 43-PV)
2026;MS;DEPUTADO FEDERAL;PCO;#NULO;PCO
2026;PA;DEPUTADO FEDERAL;PRD;25-PRD/77-SOLIDARIEDADE;FEDERAÇÃO RENOVAÇÃO SOLIDÁRIA (25-PRD / 77-SOLIDARIEDADE)
2026;DF;VICE-GOVERNADOR;CIDADANIA;45-PSDB/23-CIDADANIA;FEDERAÇÃO PSDB CIDADANIA (45-PSDB / 23-CIDADANIA)
2026;AP;2º SUPLENTE;MDB;#NULO;MDB
2026;RN;1º SUPLENTE;AGIR;#NULO;AGIR
2026;MT;SENADOR;AGIR;#NULO;AGIR
2026;GO;DEPUTADO ESTADUAL;PCDOB;13-PT/65-PC do B/43-PV;FEDERAÇÃO BRASIL DA ESPERANÇA - FE BRASIL (13-PT / 65-PC do B / 43-PV)
2026;SC;DEPUTADO ESTADUAL;PODE;#NULO;PODE
2026;MA;GOVERNADOR;MISSÃO;#NULO;MISSÃO
2026;BA;GOVERNADOR;DC;#NULO;DC
2026;MS;VICE-GOVERNADOR;PL;#NULO;FEDERAÇÃO UNIÃO PROGRESSISTA (44-UNIÃO / 11-PP) / PL / FEDERAÇÃO PSDB CIDADANIA (45-PSDB / 23-CIDADANIA) / PODE / AVANTE / REPUBLICANOS / PSD / MDB
2026;PI;DEPUTADO FEDERAL;PV;13-PT/65-PC do B/43-PV;FEDERAÇÃO BRASIL DA ESPERANÇA - FE BRASIL (13-PT / 65-PC do B / 43-PV)
2026;PA;VICE-GOVERNADOR;UP;#NULO;UP
2026;ES;SENADOR;AVANTE;#NULO;AVANTE
2026;CE;DEPUTADO FEDERAL;PSD;#NULO;PSD
2026;RJ;GOVERNADOR;UP;#NULO;UP
2026;AM;DEPUTADO ESTADUAL;PODE;#NULO;PODE
2026;MT;2º SUPLENTE;PL;#NULO;MDB / PL / NOVO / FEDERAÇÃO RENOVAÇÃO SOLIDÁRIA (25-PRD / 77-SOLIDARIEDADE)
2026;PE;2º SUPLENTE;PP;44-UNIÃO/11-PP;PODE / PSD / AVANTE / FEDERAÇÃO PSDB CIDADANIA (45-PSDB / 23-CIDADANIA) / FEDERAÇÃO UNIÃO PROGRESSISTA (44-UNIÃO / 11-PP)
2026;MS;SENADOR;REPUBLICANOS;#NULO;PL / FEDERAÇÃO UNIÃO PROGRESSISTA (44-UNIÃO / 11-PP) / REPUBLICANOS / FEDERAÇÃO PSDB CIDADANIA (45-PSDB / 23-CIDADANIA) / PSD / MDB / PODE / AVANTE
2026;MG;2º SUPLENTE;REDE;50-PSOL/18-REDE;PSB / FEDERAÇÃO BRASIL DA ESPERANÇA - FE BRASIL (13-PT / 65-PC do B / 43-PV) / FEDERAÇÃO PSOL REDE (50-PSOL / 18-REDE)
2026;DF;DEPUTADO FEDERAL;PT;13-PT/65-PC do B/43-PV;FEDERAÇÃO BRASIL DA ESPERANÇA - FE BRASIL (13-PT / 65-PC do B / 43-PV)
2026;TO;DEPUTADO FEDERAL;REDE;50-PSOL/18-REDE;FEDERAÇÃO PSOL REDE (50-PSOL / 18-REDE)
2026;MA;DEPUTADO FEDERAL;PSTU;#NULO;PSTU
2026;TO;DEPUTADO FEDERAL;REPUBLICANOS;#NULO;REPUBLICANOS
2026;DF;GOVERNADOR;MDB;#NULO;REPUBLICANOS / MDB / PODE / PL / DC / MOBILIZA / DEMOCRATA / FEDERAÇÃO RENOVAÇÃO SOLIDÁRIA (25-PRD / 77-SOLIDARIEDADE) / FEDERAÇÃO UNIÃO PROGRESSISTA (44-UNIÃO / 11-PP)
2026;MT;1º SUPLENTE;REDE;50-PSOL/18-REDE;PDT / PSB / PSD / FEDERAÇÃO BRASIL DA ESPERANÇA - FE BRASIL (13-PT / 65-PC do B / 43-PV) / FEDERAÇÃO PSOL REDE (50-PSOL / 18-REDE)
2026;MT;VICE-GOVERNADOR;CIDADANIA;45-PSDB/23-CIDADANIA;FEDERAÇÃO PSDB CIDADANIA (45-PSDB / 23-CIDADANIA) / REPUBLICANOS / FEDERAÇÃO UNIÃO PROGRESSISTA (44-UNIÃO / 11-PP) / PODE
2026;ES;VICE-GOVERNADOR;PP;44-UNIÃO/11-PP;PODE / MDB / AGIR / PSB / PDT / FEDERAÇÃO PSDB CIDADANIA (45-PSDB / 23-CIDADANIA) / FEDERAÇÃO UNIÃO PROGRESSISTA (44-UNIÃO / 11-PP)
2026;SC;1º SUPLENTE;PODE;#NULO;REPUBLICANOS / PODE / PL / DC / NOVO / AGIR / AVANTE / FEDERAÇÃO PSDB CIDADANIA (45-PSDB / 23-CIDADANIA)
2026;RO;2º SUPLENTE;SOLIDARIEDADE;25-PRD/77-SOLIDARIEDADE;PSD / AVANTE / FEDERAÇÃO RENOVAÇÃO SOLIDÁRIA (25-PRD / 77-SOLIDARIEDADE)
2026;AC;DEPUTADO ESTADUAL;PSB;#NULO;PSB
2026;MS;GOVERNADOR;PSOL;50-PSOL/18-REDE;FEDERAÇÃO PSOL REDE (50-PSOL / 18-REDE)
2026;RJ;SENADOR;UP;#NULO;UP
2026;MG;DEPUTADO FEDERAL;REPUBLICANOS;#NULO;REPUBLICANOS
2026;PE;GOVERNADOR;PSD;#NULO;PODE / PSD / AVANTE / FEDERAÇÃO PSDB CIDADANIA (45-PSDB / 23-CIDADANIA) / FEDERAÇÃO UNIÃO PROGRESSISTA (44-UNIÃO / 11-PP)
2026;PB;SENADOR;SOLIDARIEDADE;25-PRD/77-SOLIDARIEDADE;REPUBLICANOS / PODE / MOBILIZA / AGIR / PSB / FEDERAÇÃO BRASIL DA ESPERANÇA - FE BRASIL (13-PT / 65-PC do B / 43-PV) / FEDERAÇÃO RENOVAÇÃO SOLIDÁRIA (25-PRD / 77-SOLIDARIEDADE) / FEDERAÇÃO UNIÃO PROGRESSISTA (44-UNIÃO / 11-PP)
2026;SP;VICE-GOVERNADOR;DEMOCRATA;#NULO;REPUBLICANOS / PL / MDB / DEMOCRATA / AVANTE / PSD / FEDERAÇÃO RENOVAÇÃO SOLIDÁRIA (25-PRD / 77-SOLIDARIEDADE) / FEDERAÇÃO UNIÃO PROGRESSISTA (44-UNIÃO / 11-PP)
2026;ES;VICE-GOVERNADOR;PT;13-PT/65-PC do B/43-PV;FEDERAÇÃO BRASIL DA ESPERANÇA - FE BRASIL (13-PT / 65-PC do B / 43-PV)
2026;CE;2º SUPLENTE;PSDB;45-PSDB/23-CIDADANIA;PL / DC / AVANTE / FEDERAÇÃO PSDB CIDADANIA (45-PSDB / 23-CIDADANIA) / FEDERAÇÃO UNIÃO PROGRESSISTA (44-UNIÃO / 11-PP)
2026;GO;GOVERNADOR;UNIÃO;44-UNIÃO/11-PP;REPUBLICANOS / MDB / PODE / MOBILIZA / DEMOCRATA / AGIR / PSD / AVANTE / FEDERAÇÃO RENOVAÇÃO SOLIDÁRIA (25-PRD / 77-SOLIDARIEDADE) / FEDERAÇÃO UNIÃO PROGRESSISTA (44-UNIÃO / 11-PP)
2026;AC;SENADOR;PCDOB;13-PT/65-PC do B/43-PV;PODE / PSB / FEDERAÇÃO BRASIL DA ESPERANÇA - FE BRASIL (13-PT / 65-PC do B / 43-PV)
2026;RR;SENADOR;DC;#NULO;DC
2026;PA;1º SUPLENTE;PDT;#NULO;PDT
2026;ES;DEPUTADO FEDERAL;PSOL;50-PSOL/18-REDE;FEDERAÇÃO PSOL REDE (50-PSOL / 18-REDE)
2026;SE;DEPUTADO FEDERAL;PV;13-PT/65-PC do B/43-PV;FEDERAÇÃO BRASIL DA ESPERANÇA - FE BRASIL (13-PT / 65-PC do B / 43-PV)
2026;BA;DEPUTADO FEDERAL;PP;44-UNIÃO/11-PP;FEDERAÇÃO UNIÃO PROGRESSISTA (44-UNIÃO / 11-PP)
2026;PA;DEPUTADO ESTADUAL;PL;#NULO;PL
2026;MT;VICE-GOVERNADOR;MOBILIZA;#NULO;MOBILIZA
2026;PR;1º SUPLENTE;PCDOB;13-PT/65-PC do B/43-PV;PDT / FEDERAÇÃO BRASIL DA ESPERANÇA - FE BRASIL (13-PT / 65-PC do B / 43-PV) / FEDERAÇÃO PSOL REDE (50-PSOL / 18-REDE) / FEDERAÇÃO RENOVAÇÃO SOLIDÁRIA (25-PRD / 77-SOLIDARIEDADE)
2026;GO;SENADOR;REDE;50-PSOL/18-REDE;PDT / PSB / FEDERAÇÃO BRASIL DA ESPERANÇA - FE BRASIL (13-PT / 65-PC do B / 43-PV) / FEDERAÇÃO PSOL REDE (50-PSOL / 18-REDE)
2026;RJ;VICE-GOVERNADOR;PSTU;#NULO;PSTU
2026;SC;DEPUTADO ESTADUAL;MDB;#NULO;MDB
2026;RO;2º SUPLENTE;PP;44-UNIÃO/11-PP;REPUBLICANOS / FEDERAÇÃO UNIÃO PROGRESSISTA (44-UNIÃO / 11-PP)
2026;DF;DEPUTADO DISTRITAL;PT;13-PT/65-PC do B/43-PV;FEDERAÇÃO BRASIL DA ESPERANÇA - FE BRASIL (13-PT / 65-PC do B / 43-PV)
2026;GO;DEPUTADO ESTADUAL;DEMOCRATA;#NULO;DEMOCRATA
2026;CE;2º SUPLENTE;PDT;#NULO;PDT / PODE / PSB / PSD / FEDERAÇÃO BRASIL DA ESPERANÇA - FE BRASIL (13-PT / 65-PC do B / 43-PV) / FEDERAÇÃO PSOL REDE (50-PSOL / 18-REDE) / FEDERAÇÃO RENOVAÇÃO SOLIDÁRIA (25-PRD / 77-SOLIDARIEDADE) / REPUBLICANOS / MDB / MOBILIZA
2026;MA;GOVERNADOR;PSB;#NULO;FEDERAÇÃO BRASIL DA ESPERANÇA - FE BRASIL (13-PT / 65-PC do B / 43-PV) / PSB / FEDERAÇÃO PSOL REDE (50-PSOL / 18-REDE)
2026;SC;2º SUPLENTE;PSD;#NULO;MDB / PSD / FEDERAÇÃO UNIÃO PROGRESSISTA (44-UNIÃO / 11-PP)
2026;PE;VICE-GOVERNADOR;PDT;#NULO;REPUBLICANOS / PDT / MDB / PSB / FEDERAÇÃO BRASIL DA ESPERANÇA - FE BRASIL (13-PT / 65-PC do B / 43-PV) / FEDERAÇÃO RENOVAÇÃO SOLIDÁRIA (25-PRD / 77-SOLIDARIEDADE) / DC
2026;SC;SENADOR;PSTU;#NULO;PSTU
2026;AL;SENADOR;DEMOCRATA;#NULO;DEMOCRATA
2026;PA;DEPUTADO ESTADUAL;UP;#NULO;UP
2026;RJ;VICE-GOVERNADOR;PDT;#NULO;PDT / MDB / DC / PSB / PSD / FEDERAÇÃO PSDB CIDADANIA (45-PSDB / 23-CIDADANIA) / FEDERAÇÃO BRASIL DA ESPERANÇA - FE BRASIL (13-PT / 65-PC do B / 43-PV) / FEDERAÇÃO RENOVAÇÃO SOLIDÁRIA (25-PRD / 77-SOLIDARIEDADE)
2026;SC;1º SUPLENTE;PL;#NULO;REPUBLICANOS / PODE / PL / DC / NOVO / AGIR / AVANTE / FEDERAÇÃO PSDB CIDADANIA (45-PSDB / 23-CIDADANIA)
2026;RR;2º SUPLENTE;CIDADANIA;45-PSDB/23-CIDADANIA;PSB / FEDERAÇÃO PSDB CIDADANIA (45-PSDB / 23-CIDADANIA)
2026;PR;SENADOR;PT;13-PT/65-PC do B/43-PV;PDT / FEDERAÇÃO BRASIL DA ESPERANÇA - FE BRASIL (13-PT / 65-PC do B / 43-PV) / FEDERAÇÃO PSOL REDE (50-PSOL / 18-REDE) / FEDERAÇÃO RENOVAÇÃO SOLIDÁRIA (25-PRD / 77-SOLIDARIEDADE)
2026;RO;GOVERNADOR;DC;#NULO;PODE / PL / DC / NOVO / MOBILIZA
2026;TO;VICE-GOVERNADOR;PL;#NULO;REPUBLICANOS / PODE / AVANTE / PL / FEDERAÇÃO RENOVAÇÃO SOLIDÁRIA (25-PRD / 77-SOLIDARIEDADE) / FEDERAÇÃO UNIÃO PROGRESSISTA (44-UNIÃO / 11-PP)
2026;DF;GOVERNADOR;AGIR;#NULO;AGIR
2026;PI;DEPUTADO ESTADUAL;AVANTE;#NULO;AVANTE
2026;PA;VICE-GOVERNADOR;CIDADANIA;45-PSDB/23-CIDADANIA;REPUBLICANOS / MDB / PSB / PSD / AVANTE / FEDERAÇÃO PSDB CIDADANIA (45-PSDB / 23-CIDADANIA) / FEDERAÇÃO BRASIL DA ESPERANÇA - FE BRASIL (13-PT / 65-PC do B / 43-PV) / FEDERAÇÃO UNIÃO PROGRESSISTA (44-UNIÃO / 11-PP)
2026;AL;VICE-GOVERNADOR;PODE;#NULO;MDB / PODE / AGIR / PSB / PSD / AVANTE / FEDERAÇÃO BRASIL DA ESPERANÇA - FE BRASIL (13-PT / 65-PC do B / 43-PV)
2026;SC;1º SUPLENTE;PRD;25-PRD/77-SOLIDARIEDADE;FEDERAÇÃO RENOVAÇÃO SOLIDÁRIA (25-PRD / 77-SOLIDARIEDADE)
2026;RR;SENADOR;PDT;#NULO;PDT / MDB
2026;PA;SENADOR;AVANTE;#NULO;PSD / FEDERAÇÃO UNIÃO PROGRESSISTA (44-UNIÃO / 11-PP) / PSB / REPUBLICANOS / FEDERAÇÃO BRASIL DA ESPERANÇA - FE BRASIL (13-PT / 65-PC do B / 43-PV) / FEDERAÇÃO PSDB CIDADANIA (45-PSDB / 23-CIDADANIA) / MDB / AVANTE
2026;PE;VICE-GOVERNADOR;REPUBLICANOS;#NULO;REPUBLICANOS / PDT / MDB / PSB / FEDERAÇÃO BRASIL DA ESPERANÇA - FE BRASIL (13-PT / 65-PC do B / 43-PV) / FEDERAÇÃO RENOVAÇÃO SOLIDÁRIA (25-PRD / 77-SOLIDARIEDADE) / DC
2026;RS;GOVERNADOR;PSOL;50-PSOL/18-REDE;PDT / PSB / AVANTE / FEDERAÇÃO BRASIL DA ESPERANÇA - FE BRASIL (13-PT / 65-PC do B / 43-PV) / FEDERAÇÃO PSOL REDE (50-PSOL / 18-REDE)
2026;PB;DEPUTADO ESTADUAL;PSB;#NULO;PSB
2026;PB;GOVERNADOR;PT;13-PT/65-PC do B/43-PV;PODE / MOBILIZA / FEDERAÇÃO BRASIL DA ESPERANÇA - FE BRASIL (13-PT / 65-PC do B / 43-PV) / AGIR / FEDERAÇÃO RENOVAÇÃO SOLIDÁRIA (25-PRD / 77-SOLIDARIEDADE) / FEDERAÇÃO UNIÃO PROGRESSISTA (44-UNIÃO / 11-PP) / REPUBLICANOS / PSB
2026;GO;VICE-GOVERNADOR;NOVO;#NULO;PL / NOVO
2026;TO;1º SUPLENTE;PSB;#NULO;FEDERAÇÃO BRASIL DA ESPERANÇA - FE BRASIL (13-PT / 65-PC do B / 43-PV) / PDT / PSB / PSD
2026;AM;1º SUPLENTE;NOVO;#NULO;PL / NOVO
2026;AM;1º SUPLENTE;PODE;#NULO;PSB / FEDERAÇÃO UNIÃO PROGRESSISTA (44-UNIÃO / 11-PP) / PODE
2026;MT;GOVERNADOR;UNIÃO;44-UNIÃO/11-PP;FEDERAÇÃO PSDB CIDADANIA (45-PSDB / 23-CIDADANIA) / REPUBLICANOS / FEDERAÇÃO UNIÃO PROGRESSISTA (44-UNIÃO / 11-PP) / PODE
2026;SE;SENADOR;PT;13-PT/65-PC do B/43-PV;PSB / PSD / FEDERAÇÃO BRASIL DA ESPERANÇA - FE BRASIL (13-PT / 65-PC do B / 43-PV) / FEDERAÇÃO UNIÃO PROGRESSISTA (44-UNIÃO / 11-PP)
2026;PI;DEPUTADO FEDERAL;REDE;50-PSOL/18-REDE;FEDERAÇÃO PSOL REDE (50-PSOL / 18-REDE)
2026;MS;GOVERNADOR;AGIR;#NULO;AGIR
2026;MS;2º SUPLENTE;PSDB;45-PSDB/23-CIDADANIA;PL / FEDERAÇÃO UNIÃO PROGRESSISTA (44-UNIÃO / 11-PP) / REPUBLICANOS / FEDERAÇÃO PSDB CIDADANIA (45-PSDB / 23-CIDADANIA) / PSD / MDB / PODE / AVANTE
2026;BR;VICE-PRESIDENTE;PSB;#NULO;PSB / PDT / FEDERAÇÃO BRASIL DA ESPERANÇA - FE BRASIL (13-PT / 65-PC do B / 43-PV) / FEDERAÇÃO PSOL REDE (50-PSOL / 18-REDE)
2026;ES;SENADOR;PRD;25-PRD/77-SOLIDARIEDADE;DC / FEDERAÇÃO RENOVAÇÃO SOLIDÁRIA (25-PRD / 77-SOLIDARIEDADE)
2026;MS;1º SUPLENTE;PL;#NULO;PL / FEDERAÇÃO UNIÃO PROGRESSISTA (44-UNIÃO / 11-PP) / REPUBLICANOS / FEDERAÇÃO PSDB CIDADANIA (45-PSDB / 23-CIDADANIA) / PSD / MDB / PODE / AVANTE
2026;MS;GOVERNADOR;PSB;#NULO;PDT / PSB / FEDERAÇÃO BRASIL DA ESPERANÇA - FE BRASIL (13-PT / 65-PC do B / 43-PV)
2026;BR;PRESIDENTE;PCB;#NULO;PCB
2026;SP;SENADOR;PCB;#NULO;PCB
2026;PB;VICE-GOVERNADOR;PDT;#NULO;MDB / DEMOCRATA / PSD / FEDERAÇÃO PSDB CIDADANIA (45-PSDB / 23-CIDADANIA) / PDT
2026;DF;1º SUPLENTE;PT;13-PT/65-PC do B/43-PV;PDT / FEDERAÇÃO BRASIL DA ESPERANÇA - FE BRASIL (13-PT / 65-PC do B / 43-PV) / FEDERAÇÃO PSOL REDE (50-PSOL / 18-REDE)
2026;AC;DEPUTADO FEDERAL;PCDOB;13-PT/65-PC do B/43-PV;FEDERAÇÃO BRASIL DA ESPERANÇA - FE BRASIL (13-PT / 65-PC do B / 43-PV)
2026;MT;GOVERNADOR;SOLIDARIEDADE;25-PRD/77-SOLIDARIEDADE;MDB / PL / NOVO / FEDERAÇÃO RENOVAÇÃO SOLIDÁRIA (25-PRD / 77-SOLIDARIEDADE)
2026;RR;VICE-GOVERNADOR;PSOL;50-PSOL/18-REDE;FEDERAÇÃO BRASIL DA ESPERANÇA - FE BRASIL (13-PT / 65-PC do B / 43-PV) / FEDERAÇÃO PSOL REDE (50-PSOL / 18-REDE)
2026;MS;DEPUTADO ESTADUAL;CIDADANIA;45-PSDB/23-CIDADANIA;FEDERAÇÃO PSDB CIDADANIA (45-PSDB / 23-CIDADANIA)
2026;PB;2º SUPLENTE;PCO;#NULO;PCO
2026;MA;1º SUPLENTE;PSB;#NULO;PSB / FEDERAÇÃO BRASIL DA ESPERANÇA - FE BRASIL (13-PT / 65-PC do B / 43-PV) / FEDERAÇÃO PSOL REDE (50-PSOL / 18-REDE)
2026;AL;2º SUPLENTE;AGIR;#NULO;MDB / PODE / AGIR / PSB / PSD / AVANTE / FEDERAÇÃO BRASIL DA ESPERANÇA - FE BRASIL (13-PT / 65-PC do B / 43-PV)
2026;DF;2º SUPLENTE;PSOL;50-PSOL/18-REDE;PDT / FEDERAÇÃO BRASIL DA ESPERANÇA - FE BRASIL (13-PT / 65-PC do B / 43-PV) / FEDERAÇÃO PSOL REDE (50-PSOL / 18-REDE)
2026;BA;DEPUTADO FEDERAL;UNIÃO;44-UNIÃO/11-PP;FEDERAÇÃO UNIÃO PROGRESSISTA (44-UNIÃO / 11-PP)
2026;GO;1º SUPLENTE;UNIÃO;44-UNIÃO/11-PP;FEDERAÇÃO UNIÃO PROGRESSISTA (44-UNIÃO / 11-PP)
2026;RR;DEPUTADO ESTADUAL;UNIÃO;44-UNIÃO/11-PP;FEDERAÇÃO UNIÃO PROGRESSISTA (44-UNIÃO / 11-PP)
2026;TO;DEPUTADO ESTADUAL;PRD;25-PRD/77-SOLIDARIEDADE;FEDERAÇÃO RENOVAÇÃO SOLIDÁRIA (25-PRD / 77-SOLIDARIEDADE)
2026;SE;2º SUPLENTE;UNIÃO;44-UNIÃO/11-PP;PSB / PSD / FEDERAÇÃO BRASIL DA ESPERANÇA - FE BRASIL (13-PT / 65-PC do B / 43-PV) / FEDERAÇÃO UNIÃO PROGRESSISTA (44-UNIÃO / 11-PP)
2026;RS;DEPUTADO ESTADUAL;UP;#NULO;UP
2026;DF;SENADOR;CIDADANIA;45-PSDB/23-CIDADANIA;FEDERAÇÃO PSDB CIDADANIA (45-PSDB / 23-CIDADANIA)
2026;AL;SENADOR;REPUBLICANOS;#NULO;REPUBLICANOS
2026;SP;1º SUPLENTE;CIDADANIA;45-PSDB/23-CIDADANIA;FEDERAÇÃO PSDB CIDADANIA (45-PSDB / 23-CIDADANIA)
2026;DF;1º SUPLENTE;CIDADANIA;45-PSDB/23-CIDADANIA;FEDERAÇÃO PSDB CIDADANIA (45-PSDB / 23-CIDADANIA)
2026;SP;DEPUTADO ESTADUAL;MDB;#NULO;MDB
2026;MA;1º SUPLENTE;AVANTE;#NULO;MOBILIZA / AGIR / AVANTE
2026;RR;1º SUPLENTE;SOLIDARIEDADE;25-PRD/77-SOLIDARIEDADE;AVANTE / FEDERAÇÃO RENOVAÇÃO SOLIDÁRIA (25-PRD / 77-SOLIDARIEDADE)
2026;PE;VICE-GOVERNADOR;REDE;50-PSOL/18-REDE;PCB / FEDERAÇÃO PSOL REDE (50-PSOL / 18-REDE)
2026;BA;GOVERNADOR;PDT;#NULO;PDT / MDB / PSB / PSD / AVANTE / FEDERAÇÃO BRASIL DA ESPERANÇA - FE BRASIL (13-PT / 65-PC do B / 43-PV)
2026;PE;DEPUTADO FEDERAL;PL;#NULO;PL
2026;AL;SENADOR;PT;13-PT/65-PC do B/43-PV;MDB / PODE / AGIR / PSB / PSD / AVANTE / FEDERAÇÃO BRASIL DA ESPERANÇA - FE BRASIL (13-PT / 65-PC do B / 43-PV)
2026;PR;2º SUPLENTE;REDE;50-PSOL/18-REDE;PDT / FEDERAÇÃO BRASIL DA ESPERANÇA - FE BRASIL (13-PT / 65-PC do B / 43-PV) / FEDERAÇÃO PSOL REDE (50-PSOL / 18-REDE) / FEDERAÇÃO RENOVAÇÃO SOLIDÁRIA (25-PRD / 77-SOLIDARIEDADE)
2026;MT;GOVERNADOR;CIDADANIA;45-PSDB/23-CIDADANIA;FEDERAÇÃO PSDB CIDADANIA (45-PSDB / 23-CIDADANIA) / REPUBLICANOS / FEDERAÇÃO UNIÃO PROGRESSISTA (44-UNIÃO / 11-PP) / PODE
2026;TO;2º SUPLENTE;CIDADANIA;45-PSDB/23-CIDADANIA;MDB / FEDERAÇÃO PSDB CIDADANIA (45-PSDB / 23-CIDADANIA)
2026;PA;GOVERNADOR;NOVO;#NULO;PODE / PL / DC / NOVO / FEDERAÇÃO RENOVAÇÃO SOLIDÁRIA (25-PRD / 77-SOLIDARIEDADE)
2026;RJ;DEPUTADO FEDERAL;UNIÃO;44-UNIÃO/11-PP;FEDERAÇÃO UNIÃO PROGRESSISTA (44-UNIÃO / 11-PP)
2026;AC;DEPUTADO FEDERAL;REPUBLICANOS;#NULO;REPUBLICANOS
2026;AP;DEPUTADO FEDERAL;MISSÃO;#NULO;MISSÃO
2026;MG;2º SUPLENTE;UP;#NULO;UP
2026;GO;SENADOR;PL;#NULO;PL / NOVO
2026;MG;SENADOR;PSOL;50-PSOL/18-REDE;PSB / FEDERAÇÃO BRASIL DA ESPERANÇA - FE BRASIL (13-PT / 65-PC do B / 43-PV) / FEDERAÇÃO PSOL REDE (50-PSOL / 18-REDE)
2026;GO;SENADOR;PV;13-PT/65-PC do B/43-PV;PDT / PSB / FEDERAÇÃO BRASIL DA ESPERANÇA - FE BRASIL (13-PT / 65-PC do B / 43-PV) / FEDERAÇÃO PSOL REDE (50-PSOL / 18-REDE)
2026;GO;GOVERNADOR;PRD;25-PRD/77-SOLIDARIEDADE;REPUBLICANOS / MDB / PODE / MOBILIZA / DEMOCRATA / AGIR / PSD / AVANTE / FEDERAÇÃO RENOVAÇÃO SOLIDÁRIA (25-PRD / 77-SOLIDARIEDADE) / FEDERAÇÃO UNIÃO PROGRESSISTA (44-UNIÃO / 11-PP)
2026;RJ;GOVERNADOR;REPUBLICANOS;#NULO;REPUBLICANOS / DEMOCRATA
2026;ES;GOVERNADOR;MDB;#NULO;PODE / MDB / AGIR / PSB / PDT / FEDERAÇÃO PSDB CIDADANIA (45-PSDB / 23-CIDADANIA) / FEDERAÇÃO UNIÃO PROGRESSISTA (44-UNIÃO / 11-PP)
2026;PE;DEPUTADO FEDERAL;PODE;#NULO;PODE
2026;RN;DEPUTADO FEDERAL;PRD;25-PRD/77-SOLIDARIEDADE;FEDERAÇÃO RENOVAÇÃO SOLIDÁRIA (25-PRD / 77-SOLIDARIEDADE)
2026;MG;DEPUTADO FEDERAL;PRD;25-PRD/77-SOLIDARIEDADE;FEDERAÇÃO RENOVAÇÃO SOLIDÁRIA (25-PRD / 77-SOLIDARIEDADE)
2026;MG;DEPUTADO FEDERAL;PV;13-PT/65-PC do B/43-PV;FEDERAÇÃO BRASIL DA ESPERANÇA - FE BRASIL (13-PT / 65-PC do B / 43-PV)
2026;PB;2º SUPLENTE;PL;#NULO;PL
2026;GO;VICE-GOVERNADOR;DEMOCRATA;#NULO;REPUBLICANOS / MDB / PODE / MOBILIZA / DEMOCRATA / AGIR / PSD / AVANTE / FEDERAÇÃO RENOVAÇÃO SOLIDÁRIA (25-PRD / 77-SOLIDARIEDADE) / FEDERAÇÃO UNIÃO PROGRESSISTA (44-UNIÃO / 11-PP)
2026;PR;DEPUTADO ESTADUAL;PDT;#NULO;PDT
2026;DF;DEPUTADO FEDERAL;PV;13-PT/65-PC do B/43-PV;FEDERAÇÃO BRASIL DA ESPERANÇA - FE BRASIL (13-PT / 65-PC do B / 43-PV)
2026;DF;VICE-GOVERNADOR;AGIR;#NULO;AGIR
2026;MT;SENADOR;PL;#NULO;MDB / PL / NOVO / FEDERAÇÃO RENOVAÇÃO SOLIDÁRIA (25-PRD / 77-SOLIDARIEDADE)
2026;RO;1º SUPLENTE;PSD;#NULO;PSD / AVANTE / FEDERAÇÃO RENOVAÇÃO SOLIDÁRIA (25-PRD / 77-SOLIDARIEDADE)
2026;MS;2º SUPLENTE;UNIÃO;44-UNIÃO/11-PP;PL / FEDERAÇÃO UNIÃO PROGRESSISTA (44-UNIÃO / 11-PP) / REPUBLICANOS / FEDERAÇÃO PSDB CIDADANIA (45-PSDB / 23-CIDADANIA) / PSD / MDB / PODE / AVANTE
2026;ES;VICE-GOVERNADOR;MDB;#NULO;PODE / MDB / AGIR / PSB / PDT / FEDERAÇÃO PSDB CIDADANIA (45-PSDB / 23-CIDADANIA) / FEDERAÇÃO UNIÃO PROGRESSISTA (44-UNIÃO / 11-PP)
2026;BA;SENADOR;SOLIDARIEDADE;25-PRD/77-SOLIDARIEDADE;REPUBLICANOS / PODE / PL / FEDERAÇÃO PSDB CIDADANIA (45-PSDB / 23-CIDADANIA) / FEDERAÇÃO UNIÃO PROGRESSISTA (44-UNIÃO / 11-PP) / FEDERAÇÃO RENOVAÇÃO SOLIDÁRIA (25-PRD / 77-SOLIDARIEDADE) / NOVO
2026;TO;VICE-GOVERNADOR;REPUBLICANOS;#NULO;REPUBLICANOS / PODE / AVANTE / PL / FEDERAÇÃO RENOVAÇÃO SOLIDÁRIA (25-PRD / 77-SOLIDARIEDADE) / FEDERAÇÃO UNIÃO PROGRESSISTA (44-UNIÃO / 11-PP)
2026;RS;SENADOR;PSD;#NULO;MDB / PSD / FEDERAÇÃO RENOVAÇÃO SOLIDÁRIA (25-PRD / 77-SOLIDARIEDADE)
2026;RR;DEPUTADO FEDERAL;NOVO;#NULO;NOVO
2026;RJ;DEPUTADO FEDERAL;PODE;#NULO;PODE
2026;MS;DEPUTADO FEDERAL;PCDOB;13-PT/65-PC do B/43-PV;FEDERAÇÃO BRASIL DA ESPERANÇA - FE BRASIL (13-PT / 65-PC do B / 43-PV)
2026;GO;DEPUTADO ESTADUAL;PL;#NULO;PL
2026;PA;2º SUPLENTE;UP;#NULO;UP
2026;MG;GOVERNADOR;PT;13-PT/65-PC do B/43-PV;PSB / FEDERAÇÃO BRASIL DA ESPERANÇA - FE BRASIL (13-PT / 65-PC do B / 43-PV) / FEDERAÇÃO PSOL REDE (50-PSOL / 18-REDE)
2026;SP;VICE-GOVERNADOR;PV;13-PT/65-PC do B/43-PV;PDT / PSB / FEDERAÇÃO BRASIL DA ESPERANÇA - FE BRASIL (13-PT / 65-PC do B / 43-PV) / FEDERAÇÃO PSOL REDE (50-PSOL / 18-REDE)
2026;MG;DEPUTADO ESTADUAL;UNIÃO;44-UNIÃO/11-PP;FEDERAÇÃO UNIÃO PROGRESSISTA (44-UNIÃO / 11-PP)
2026;AC;DEPUTADO FEDERAL;AVANTE;#NULO;AVANTE
2026;PB;SENADOR;DC;#NULO;DC
2026;RN;DEPUTADO FEDERAL;AVANTE;#NULO;AVANTE
2026;RR;DEPUTADO FEDERAL;REPUBLICANOS;#NULO;REPUBLICANOS
2026;PA;DEPUTADO FEDERAL;PSD;#NULO;PSD
2026;CE;VICE-GOVERNADOR;DC;#NULO;PL / FEDERAÇÃO PSDB CIDADANIA (45-PSDB / 23-CIDADANIA) / FEDERAÇÃO UNIÃO PROGRESSISTA (44-UNIÃO / 11-PP) / DC / AVANTE
2026;RR;2º SUPLENTE;PSB;#NULO;PSB / FEDERAÇÃO PSDB CIDADANIA (45-PSDB / 23-CIDADANIA)
2026;DF;SENADOR;PP;44-UNIÃO/11-PP;REPUBLICANOS / MDB / PODE / PL / FEDERAÇÃO RENOVAÇÃO SOLIDÁRIA (25-PRD / 77-SOLIDARIEDADE) / FEDERAÇÃO UNIÃO PROGRESSISTA (44-UNIÃO / 11-PP) / DC / MOBILIZA / DEMOCRATA
2026;AL;GOVERNADOR;PT;13-PT/65-PC do B/43-PV;MDB / PODE / AGIR / PSB / PSD / AVANTE / FEDERAÇÃO BRASIL DA ESPERANÇA - FE BRASIL (13-PT / 65-PC do B / 43-PV)
2026;SE;GOVERNADOR;PL;#NULO;PODE / PL / NOVO
2026;MA;GOVERNADOR;PSD;#NULO;NOVO / PSD
2026;MA;1º SUPLENTE;PV;13-PT/65-PC do B/43-PV;PSB / FEDERAÇÃO BRASIL DA ESPERANÇA - FE BRASIL (13-PT / 65-PC do B / 43-PV) / FEDERAÇÃO PSOL REDE (50-PSOL / 18-REDE)
2026;PR;VICE-GOVERNADOR;PL;#NULO;PODE / PL / NOVO
2026;PR;2º SUPLENTE;UNIÃO;44-UNIÃO/11-PP;REPUBLICANOS / MDB / DEMOCRATA / PSD / AVANTE / FEDERAÇÃO PSDB CIDADANIA (45-PSDB / 23-CIDADANIA) / FEDERAÇÃO UNIÃO PROGRESSISTA (44-UNIÃO / 11-PP)
2026;PE;VICE-GOVERNADOR;PCB;#NULO;PCB / FEDERAÇÃO PSOL REDE (50-PSOL / 18-REDE)
2026;AL;2º SUPLENTE;PCDOB;13-PT/65-PC do B/43-PV;MDB / PODE / AGIR / PSB / PSD / AVANTE / FEDERAÇÃO BRASIL DA ESPERANÇA - FE BRASIL (13-PT / 65-PC do B / 43-PV)
2026;PE;2º SUPLENTE;PV;13-PT/65-PC do B/43-PV;REPUBLICANOS / PDT / MDB / DC / PSB / FEDERAÇÃO BRASIL DA ESPERANÇA - FE BRASIL (13-PT / 65-PC do B / 43-PV) / FEDERAÇÃO RENOVAÇÃO SOLIDÁRIA (25-PRD / 77-SOLIDARIEDADE)
2026;RJ;GOVERNADOR;PSB;#NULO;PDT / MDB / DC / PSB / PSD / FEDERAÇÃO PSDB CIDADANIA (45-PSDB / 23-CIDADANIA) / FEDERAÇÃO BRASIL DA ESPERANÇA - FE BRASIL (13-PT / 65-PC do B / 43-PV) / FEDERAÇÃO RENOVAÇÃO SOLIDÁRIA (25-PRD / 77-SOLIDARIEDADE)
2026;PE;DEPUTADO FEDERAL;MISSÃO;#NULO;MISSÃO
2026;SC;GOVERNADOR;PP;44-UNIÃO/11-PP;MDB / PSD / FEDERAÇÃO UNIÃO PROGRESSISTA (44-UNIÃO / 11-PP)
2026;ES;2º SUPLENTE;SOLIDARIEDADE;25-PRD/77-SOLIDARIEDADE;DC / FEDERAÇÃO RENOVAÇÃO SOLIDÁRIA (25-PRD / 77-SOLIDARIEDADE)
2026;AC;2º SUPLENTE;PP;44-UNIÃO/11-PP;PDT / MDB / PL / DEMOCRATA / FEDERAÇÃO UNIÃO PROGRESSISTA (44-UNIÃO / 11-PP)
2026;PI;GOVERNADOR;DEMOCRATA;#NULO;DEMOCRATA
2026;BR;PRESIDENTE;PRTB;#NULO;PRTB
2026;BR;PRESIDENTE;PSD;#NULO;PSD
2026;AM;DEPUTADO FEDERAL;NOVO;#NULO;NOVO
2026;MT;SENADOR;DEMOCRATA;#NULO;DEMOCRATA
2026;MA;SENADOR;PL;#NULO;PL
2026;AM;1º SUPLENTE;PSOL;50-PSOL/18-REDE;FEDERAÇÃO PSOL REDE (50-PSOL / 18-REDE)
2026;AM;1º SUPLENTE;DC;#NULO;DC
2026;PR;DEPUTADO FEDERAL;PDT;#NULO;PDT
2026;BR;VICE-PRESIDENTE;NOVO;#NULO;NOVO
2026;PB;GOVERNADOR;AGIR;#NULO;PODE / MOBILIZA / FEDERAÇÃO BRASIL DA ESPERANÇA - FE BRASIL (13-PT / 65-PC do B / 43-PV) / AGIR / FEDERAÇÃO RENOVAÇÃO SOLIDÁRIA (25-PRD / 77-SOLIDARIEDADE) / FEDERAÇÃO UNIÃO PROGRESSISTA (44-UNIÃO / 11-PP) / REPUBLICANOS / PSB
2026;GO;VICE-GOVERNADOR;DC;#NULO;DC / FEDERAÇÃO PSDB CIDADANIA (45-PSDB / 23-CIDADANIA)
2026;RS;DEPUTADO ESTADUAL;PCDOB;13-PT/65-PC do B/43-PV;FEDERAÇÃO BRASIL DA ESPERANÇA - FE BRASIL (13-PT / 65-PC do B / 43-PV)
2026;PA;SENADOR;PL;#NULO;PL
2026;PB;VICE-GOVERNADOR;PSD;#NULO;MDB / DEMOCRATA / PSD / FEDERAÇÃO PSDB CIDADANIA (45-PSDB / 23-CIDADANIA) / PDT
2026;DF;DEPUTADO FEDERAL;REDE;50-PSOL/18-REDE;FEDERAÇÃO PSOL REDE (50-PSOL / 18-REDE)
2026;PE;1º SUPLENTE;PSB;#NULO;REPUBLICANOS / PDT / MDB / DC / PSB / FEDERAÇÃO BRASIL DA ESPERANÇA - FE BRASIL (13-PT / 65-PC do B / 43-PV) / FEDERAÇÃO RENOVAÇÃO SOLIDÁRIA (25-PRD / 77-SOLIDARIEDADE)
2026;PA;1º SUPLENTE;PCDOB;13-PT/65-PC do B/43-PV;PSD / FEDERAÇÃO UNIÃO PROGRESSISTA (44-UNIÃO / 11-PP) / PSB / REPUBLICANOS / FEDERAÇÃO BRASIL DA ESPERANÇA - FE BRASIL (13-PT / 65-PC do B / 43-PV) / FEDERAÇÃO PSDB CIDADANIA (45-PSDB / 23-CIDADANIA) / MDB / AVANTE
2026;MG;GOVERNADOR;SOLIDARIEDADE;25-PRD/77-SOLIDARIEDADE;PSD / FEDERAÇÃO UNIÃO PROGRESSISTA (44-UNIÃO / 11-PP) / NOVO / AVANTE / FEDERAÇÃO RENOVAÇÃO SOLIDÁRIA (25-PRD / 77-SOLIDARIEDADE) / MOBILIZA / DC / AGIR
2026;RO;DEPUTADO ESTADUAL;AVANTE;#NULO;AVANTE
2026;MA;GOVERNADOR;PT;13-PT/65-PC do B/43-PV;FEDERAÇÃO BRASIL DA ESPERANÇA - FE BRASIL (13-PT / 65-PC do B / 43-PV) / PSB / FEDERAÇÃO PSOL REDE (50-PSOL / 18-REDE)
2026;SE;1º SUPLENTE;PSB;#NULO;PSB / PSD / FEDERAÇÃO BRASIL DA ESPERANÇA - FE BRASIL (13-PT / 65-PC do B / 43-PV) / FEDERAÇÃO UNIÃO PROGRESSISTA (44-UNIÃO / 11-PP)
2026;PI;GOVERNADOR;PDT;#NULO;REPUBLICANOS / PDT / MDB / PSD / FEDERAÇÃO BRASIL DA ESPERANÇA - FE BRASIL (13-PT / 65-PC do B / 43-PV)
2026;RJ;SENADOR;PRD;25-PRD/77-SOLIDARIEDADE;PDT / MDB / DC / FEDERAÇÃO BRASIL DA ESPERANÇA - FE BRASIL (13-PT / 65-PC do B / 43-PV) / PSB / PSD / FEDERAÇÃO PSDB CIDADANIA (45-PSDB / 23-CIDADANIA) / FEDERAÇÃO RENOVAÇÃO SOLIDÁRIA (25-PRD / 77-SOLIDARIEDADE)
2026;AP;VICE-GOVERNADOR;NOVO;#NULO;NOVO / PSD / PODE / PL
2026;BA;DEPUTADO ESTADUAL;MISSÃO;#NULO;MISSÃO
2026;RN;DEPUTADO ESTADUAL;PL;#NULO;PL
2026;RO;DEPUTADO ESTADUAL;PV;13-PT/65-PC do B/43-PV;FEDERAÇÃO BRASIL DA ESPERANÇA - FE BRASIL (13-PT / 65-PC do B / 43-PV)
2026;RJ;GOVERNADOR;PSTU;#NULO;PSTU
2026;RJ;DEPUTADO ESTADUAL;PRD;25-PRD/77-SOLIDARIEDADE;FEDERAÇÃO RENOVAÇÃO SOLIDÁRIA (25-PRD / 77-SOLIDARIEDADE)
2026;SP;2º SUPLENTE;UP;#NULO;UP
2026;PA;DEPUTADO ESTADUAL;REDE;50-PSOL/18-REDE;FEDERAÇÃO PSOL REDE (50-PSOL / 18-REDE)
2026;MS;DEPUTADO FEDERAL;PP;44-UNIÃO/11-PP;FEDERAÇÃO UNIÃO PROGRESSISTA (44-UNIÃO / 11-PP)
2026;MS;DEPUTADO FEDERAL;PSDB;45-PSDB/23-CIDADANIA;FEDERAÇÃO PSDB CIDADANIA (45-PSDB / 23-CIDADANIA)
2026;GO;2º SUPLENTE;SOLIDARIEDADE;25-PRD/77-SOLIDARIEDADE;FEDERAÇÃO RENOVAÇÃO SOLIDÁRIA (25-PRD / 77-SOLIDARIEDADE)
2026;RS;1º SUPLENTE;CIDADANIA;45-PSDB/23-CIDADANIA;FEDERAÇÃO PSDB CIDADANIA (45-PSDB / 23-CIDADANIA)
2026;SP;VICE-GOVERNADOR;PCO;#NULO;PCO
2026;PE;SENADOR;PL;#NULO;PL
2026;AC;1º SUPLENTE;UNIÃO;44-UNIÃO/11-PP;PDT / MDB / PL / DEMOCRATA / FEDERAÇÃO UNIÃO PROGRESSISTA (44-UNIÃO / 11-PP)
2026;SP;2º SUPLENTE;MDB;#NULO;FEDERAÇÃO UNIÃO PROGRESSISTA (44-UNIÃO / 11-PP) / REPUBLICANOS / PL / MDB / DEMOCRATA / PSD / FEDERAÇÃO RENOVAÇÃO SOLIDÁRIA (25-PRD / 77-SOLIDARIEDADE) / AVANTE
2026;DF;VICE-GOVERNADOR;PRD;25-PRD/77-SOLIDARIEDADE;REPUBLICANOS / MDB / PODE / PL / DC / MOBILIZA / DEMOCRATA / FEDERAÇÃO RENOVAÇÃO SOLIDÁRIA (25-PRD / 77-SOLIDARIEDADE) / FEDERAÇÃO UNIÃO PROGRESSISTA (44-UNIÃO / 11-PP)
2026;SC;GOVERNADOR;DC;#NULO;AVANTE / AGIR / DC / FEDERAÇÃO PSDB CIDADANIA (45-PSDB / 23-CIDADANIA) / NOVO / REPUBLICANOS / PODE / PL
2026;RJ;VICE-GOVERNADOR;PSD;#NULO;PDT / MDB / DC / PSB / PSD / FEDERAÇÃO PSDB CIDADANIA (45-PSDB / 23-CIDADANIA) / FEDERAÇÃO BRASIL DA ESPERANÇA - FE BRASIL (13-PT / 65-PC do B / 43-PV) / FEDERAÇÃO RENOVAÇÃO SOLIDÁRIA (25-PRD / 77-SOLIDARIEDADE)
2026;RJ;2º SUPLENTE;PDT;#NULO;PDT / MDB / DC / FEDERAÇÃO BRASIL DA ESPERANÇA - FE BRASIL (13-PT / 65-PC do B / 43-PV) / PSB / PSD / FEDERAÇÃO PSDB CIDADANIA (45-PSDB / 23-CIDADANIA) / FEDERAÇÃO RENOVAÇÃO SOLIDÁRIA (25-PRD / 77-SOLIDARIEDADE)
2026;DF;1º SUPLENTE;REDE;50-PSOL/18-REDE;PDT / FEDERAÇÃO BRASIL DA ESPERANÇA - FE BRASIL (13-PT / 65-PC do B / 43-PV) / FEDERAÇÃO PSOL REDE (50-PSOL / 18-REDE)
2026;GO;1º SUPLENTE;DC;#NULO;DC / FEDERAÇÃO PSDB CIDADANIA (45-PSDB / 23-CIDADANIA)
2026;PR;DEPUTADO FEDERAL;PRD;25-PRD/77-SOLIDARIEDADE;FEDERAÇÃO RENOVAÇÃO SOLIDÁRIA (25-PRD / 77-SOLIDARIEDADE)
2026;PR;DEPUTADO ESTADUAL;MISSÃO;#NULO;MISSÃO
2026;MT;DEPUTADO ESTADUAL;REDE;50-PSOL/18-REDE;FEDERAÇÃO PSOL REDE (50-PSOL / 18-REDE)
2026;RJ;1º SUPLENTE;PCO;#NULO;PCO
2026;TO;DEPUTADO FEDERAL;PT;13-PT/65-PC do B/43-PV;FEDERAÇÃO BRASIL DA ESPERANÇA - FE BRASIL (13-PT / 65-PC do B / 43-PV)
2026;SE;VICE-GOVERNADOR;DC;#NULO;DC
2026;AM;GOVERNADOR;PCDOB;13-PT/65-PC do B/43-PV;REPUBLICANOS / MDB / PSD / FEDERAÇÃO BRASIL DA ESPERANÇA - FE BRASIL (13-PT / 65-PC do B / 43-PV)
2026;ES;SENADOR;PL;#NULO;REPUBLICANOS / PL / DEMOCRATA
2026;AP;GOVERNADOR;PCDOB;13-PT/65-PC do B/43-PV;REPUBLICANOS / PDT / AGIR / FEDERAÇÃO UNIÃO PROGRESSISTA (44-UNIÃO / 11-PP) / FEDERAÇÃO PSDB CIDADANIA (45-PSDB / 23-CIDADANIA) / FEDERAÇÃO BRASIL DA ESPERANÇA - FE BRASIL (13-PT / 65-PC do B / 43-PV) / FEDERAÇÃO RENOVAÇÃO SOLIDÁRIA (25-PRD / 77-SOLIDARIEDADE)
2026;SE;DEPUTADO ESTADUAL;AVANTE;#NULO;AVANTE
2026;MT;VICE-GOVERNADOR;MDB;#NULO;MDB / PL / NOVO / FEDERAÇÃO RENOVAÇÃO SOLIDÁRIA (25-PRD / 77-SOLIDARIEDADE)
2026;SP;VICE-GOVERNADOR;PT;13-PT/65-PC do B/43-PV;PDT / PSB / FEDERAÇÃO BRASIL DA ESPERANÇA - FE BRASIL (13-PT / 65-PC do B / 43-PV) / FEDERAÇÃO PSOL REDE (50-PSOL / 18-REDE)
2026;TO;SENADOR;PT;13-PT/65-PC do B/43-PV;FEDERAÇÃO BRASIL DA ESPERANÇA - FE BRASIL (13-PT / 65-PC do B / 43-PV) / PDT / PSB / PSD
2026;MA;DEPUTADO ESTADUAL;PCB;#NULO;PCB
2026;BA;DEPUTADO ESTADUAL;PV;13-PT/65-PC do B/43-PV;FEDERAÇÃO BRASIL DA ESPERANÇA - FE BRASIL (13-PT / 65-PC do B / 43-PV)
2026;BA;SENADOR;MOBILIZA;#NULO;MOBILIZA
2026;TO;GOVERNADOR;PL;#NULO;REPUBLICANOS / PODE / AVANTE / PL / FEDERAÇÃO RENOVAÇÃO SOLIDÁRIA (25-PRD / 77-SOLIDARIEDADE) / FEDERAÇÃO UNIÃO PROGRESSISTA (44-UNIÃO / 11-PP)
2026;PA;VICE-GOVERNADOR;REDE;50-PSOL/18-REDE;FEDERAÇÃO PSOL REDE (50-PSOL / 18-REDE)
2026;RN;SENADOR;UP;#NULO;UP
2026;RN;2º SUPLENTE;AGIR;#NULO;AGIR
2026;PI;2º SUPLENTE;PV;13-PT/65-PC do B/43-PV;REPUBLICANOS / PDT / MDB / PSD / FEDERAÇÃO BRASIL DA ESPERANÇA - FE BRASIL (13-PT / 65-PC do B / 43-PV)
2026;MA;SENADOR;PV;13-PT/65-PC do B/43-PV;PSB / FEDERAÇÃO BRASIL DA ESPERANÇA - FE BRASIL (13-PT / 65-PC do B / 43-PV) / FEDERAÇÃO PSOL REDE (50-PSOL / 18-REDE)
2026;MA;VICE-GOVERNADOR;PSD;#NULO;NOVO / PSD
2026;MS;SENADOR;PODE;#NULO;PL / FEDERAÇÃO UNIÃO PROGRESSISTA (44-UNIÃO / 11-PP) / REPUBLICANOS / FEDERAÇÃO PSDB CIDADANIA (45-PSDB / 23-CIDADANIA) / PSD / MDB / PODE / AVANTE
2026;RJ;1º SUPLENTE;PV;13-PT/65-PC do B/43-PV;PDT / MDB / DC / FEDERAÇÃO BRASIL DA ESPERANÇA - FE BRASIL (13-PT / 65-PC do B / 43-PV) / PSB / PSD / FEDERAÇÃO PSDB CIDADANIA (45-PSDB / 23-CIDADANIA) / FEDERAÇÃO RENOVAÇÃO SOLIDÁRIA (25-PRD / 77-SOLIDARIEDADE)
2026;AP;SENADOR;NOVO;#NULO;PODE / PL / NOVO / PSD
2026;SC;SENADOR;PT;13-PT/65-PC do B/43-PV;PDT / PSB / FEDERAÇÃO BRASIL DA ESPERANÇA - FE BRASIL (13-PT / 65-PC do B / 43-PV) / FEDERAÇÃO PSOL REDE (50-PSOL / 18-REDE)
2026;RN;DEPUTADO FEDERAL;MISSÃO;#NULO;MISSÃO
2026;MG;DEPUTADO FEDERAL;MOBILIZA;#NULO;MOBILIZA
2026;PI;DEPUTADO ESTADUAL;PSOL;50-PSOL/18-REDE;FEDERAÇÃO PSOL REDE (50-PSOL / 18-REDE)
2026;RJ;DEPUTADO FEDERAL;PCO;#NULO;PCO
2026;GO;DEPUTADO ESTADUAL;PSD;#NULO;PSD
2026;PB;2º SUPLENTE;UP;#NULO;UP
2026;SP;DEPUTADO FEDERAL;PSD;#NULO;PSD
2026;SC;DEPUTADO FEDERAL;REPUBLICANOS;#NULO;REPUBLICANOS
2026;MG;VICE-GOVERNADOR;PODE;#NULO;REPUBLICANOS / PODE
2026;MT;SENADOR;REDE;50-PSOL/18-REDE;PDT / PSB / PSD / FEDERAÇÃO BRASIL DA ESPERANÇA - FE BRASIL (13-PT / 65-PC do B / 43-PV) / FEDERAÇÃO PSOL REDE (50-PSOL / 18-REDE)
2026;AL;SENADOR;PRD;25-PRD/77-SOLIDARIEDADE;PDT / PL / FEDERAÇÃO PSDB CIDADANIA (45-PSDB / 23-CIDADANIA) / FEDERAÇÃO RENOVAÇÃO SOLIDÁRIA (25-PRD / 77-SOLIDARIEDADE) / FEDERAÇÃO UNIÃO PROGRESSISTA (44-UNIÃO / 11-PP) / DC
2026;TO;VICE-GOVERNADOR;PT;13-PT/65-PC do B/43-PV;PDT / PSB / PSD / FEDERAÇÃO BRASIL DA ESPERANÇA - FE BRASIL (13-PT / 65-PC do B / 43-PV)
2026;SP;1º SUPLENTE;PT;13-PT/65-PC do B/43-PV;PDT / PSB / FEDERAÇÃO BRASIL DA ESPERANÇA - FE BRASIL (13-PT / 65-PC do B / 43-PV) / FEDERAÇÃO PSOL REDE (50-PSOL / 18-REDE)
2026;PE;2º SUPLENTE;MDB;#NULO;REPUBLICANOS / PDT / MDB / DC / PSB / FEDERAÇÃO BRASIL DA ESPERANÇA - FE BRASIL (13-PT / 65-PC do B / 43-PV) / FEDERAÇÃO RENOVAÇÃO SOLIDÁRIA (25-PRD / 77-SOLIDARIEDADE)
2026;GO;GOVERNADOR;PT;13-PT/65-PC do B/43-PV;PDT / PSB / FEDERAÇÃO BRASIL DA ESPERANÇA - FE BRASIL (13-PT / 65-PC do B / 43-PV) / FEDERAÇÃO PSOL REDE (50-PSOL / 18-REDE)
2026;PE;1º SUPLENTE;REDE;50-PSOL/18-REDE;PCB / FEDERAÇÃO PSOL REDE (50-PSOL / 18-REDE)
2026;RO;VICE-GOVERNADOR;REDE;50-PSOL/18-REDE;FEDERAÇÃO BRASIL DA ESPERANÇA - FE BRASIL (13-PT / 65-PC do B / 43-PV) / FEDERAÇÃO PSOL REDE (50-PSOL / 18-REDE)
2026;PA;SENADOR;REPUBLICANOS;#NULO;PSD / FEDERAÇÃO UNIÃO PROGRESSISTA (44-UNIÃO / 11-PP) / PSB / REPUBLICANOS / FEDERAÇÃO BRASIL DA ESPERANÇA - FE BRASIL (13-PT / 65-PC do B / 43-PV) / FEDERAÇÃO PSDB CIDADANIA (45-PSDB / 23-CIDADANIA) / MDB / AVANTE
2026;BR;PRESIDENTE;PSB;#NULO;PSB / PDT / FEDERAÇÃO BRASIL DA ESPERANÇA - FE BRASIL (13-PT / 65-PC do B / 43-PV) / FEDERAÇÃO PSOL REDE (50-PSOL / 18-REDE)
2026;CE;GOVERNADOR;MISSÃO;#NULO;MISSÃO
2026;MG;DEPUTADO FEDERAL;NOVO;#NULO;NOVO
2026;PE;DEPUTADO FEDERAL;PP;44-UNIÃO/11-PP;FEDERAÇÃO UNIÃO PROGRESSISTA (44-UNIÃO / 11-PP)
2026;ES;GOVERNADOR;PT;13-PT/65-PC do B/43-PV;FEDERAÇÃO BRASIL DA ESPERANÇA - FE BRASIL (13-PT / 65-PC do B / 43-PV)
2026;ES;1º SUPLENTE;PCDOB;13-PT/65-PC do B/43-PV;FEDERAÇÃO BRASIL DA ESPERANÇA - FE BRASIL (13-PT / 65-PC do B / 43-PV)
2026;RR;DEPUTADO ESTADUAL;MDB;#NULO;MDB
2026;BA;DEPUTADO FEDERAL;MISSÃO;#NULO;MISSÃO
2026;PB;2º SUPLENTE;PRD;25-PRD/77-SOLIDARIEDADE;REPUBLICANOS / PODE / MOBILIZA / AGIR / PSB / FEDERAÇÃO BRASIL DA ESPERANÇA - FE BRASIL (13-PT / 65-PC do B / 43-PV) / FEDERAÇÃO RENOVAÇÃO SOLIDÁRIA (25-PRD / 77-SOLIDARIEDADE) / FEDERAÇÃO UNIÃO PROGRESSISTA (44-UNIÃO / 11-PP)
2026;RN;SENADOR;PODE;#NULO;PODE / PL / NOVO / FEDERAÇÃO PSDB CIDADANIA (45-PSDB / 23-CIDADANIA) / MOBILIZA
2026;AC;DEPUTADO FEDERAL;PSOL;50-PSOL/18-REDE;FEDERAÇÃO PSOL REDE (50-PSOL / 18-REDE)
2026;DF;DEPUTADO FEDERAL;PSD;#NULO;PSD
2026;PI;GOVERNADOR;DC;#NULO;DC
2026;TO;VICE-GOVERNADOR;NOVO;#NULO;NOVO
2026;RR;GOVERNADOR;PCDOB;13-PT/65-PC do B/43-PV;FEDERAÇÃO BRASIL DA ESPERANÇA - FE BRASIL (13-PT / 65-PC do B / 43-PV) / FEDERAÇÃO PSOL REDE (50-PSOL / 18-REDE)
2026;PA;SENADOR;PSD;#NULO;PSD / FEDERAÇÃO UNIÃO PROGRESSISTA (44-UNIÃO / 11-PP) / PSB / REPUBLICANOS / FEDERAÇÃO BRASIL DA ESPERANÇA - FE BRASIL (13-PT / 65-PC do B / 43-PV) / FEDERAÇÃO PSDB CIDADANIA (45-PSDB / 23-CIDADANIA) / MDB / AVANTE
2026;TO;GOVERNADOR;PODE;#NULO;REPUBLICANOS / PODE / AVANTE / PL / FEDERAÇÃO RENOVAÇÃO SOLIDÁRIA (25-PRD / 77-SOLIDARIEDADE) / FEDERAÇÃO UNIÃO PROGRESSISTA (44-UNIÃO / 11-PP)
2026;RJ;DEPUTADO ESTADUAL;PSDB;45-PSDB/23-CIDADANIA;FEDERAÇÃO PSDB CIDADANIA (45-PSDB / 23-CIDADANIA)
2026;SE;2º SUPLENTE;DC;#NULO;DC
2026;RR;DEPUTADO FEDERAL;PDT;#NULO;PDT
2026;RJ;1º SUPLENTE;PSOL;50-PSOL/18-REDE;FEDERAÇÃO PSOL REDE (50-PSOL / 18-REDE)
2026;SC;DEPUTADO FEDERAL;PODE;#NULO;PODE
2026;RR;2º SUPLENTE;AVANTE;#NULO;AVANTE / FEDERAÇÃO RENOVAÇÃO SOLIDÁRIA (25-PRD / 77-SOLIDARIEDADE)
2026;RJ;1º SUPLENTE;PT;13-PT/65-PC do B/43-PV;PDT / MDB / DC / FEDERAÇÃO BRASIL DA ESPERANÇA - FE BRASIL (13-PT / 65-PC do B / 43-PV) / PSB / PSD / FEDERAÇÃO PSDB CIDADANIA (45-PSDB / 23-CIDADANIA) / FEDERAÇÃO RENOVAÇÃO SOLIDÁRIA (25-PRD / 77-SOLIDARIEDADE)
2026;AP;VICE-GOVERNADOR;SOLIDARIEDADE;25-PRD/77-SOLIDARIEDADE;REPUBLICANOS / PDT / AGIR / FEDERAÇÃO UNIÃO PROGRESSISTA (44-UNIÃO / 11-PP) / FEDERAÇÃO PSDB CIDADANIA (45-PSDB / 23-CIDADANIA) / FEDERAÇÃO BRASIL DA ESPERANÇA - FE BRASIL (13-PT / 65-PC do B / 43-PV) / FEDERAÇÃO RENOVAÇÃO SOLIDÁRIA (25-PRD / 77-SOLIDARIEDADE)
2026;AP;2º SUPLENTE;PSD;#NULO;PODE / PL / NOVO / PSD
2026;AP;1º SUPLENTE;PL;#NULO;PODE / PL / NOVO / PSD
2026;RJ;VICE-GOVERNADOR;PRD;25-PRD/77-SOLIDARIEDADE;PDT / MDB / DC / PSB / PSD / FEDERAÇÃO PSDB CIDADANIA (45-PSDB / 23-CIDADANIA) / FEDERAÇÃO BRASIL DA ESPERANÇA - FE BRASIL (13-PT / 65-PC do B / 43-PV) / FEDERAÇÃO RENOVAÇÃO SOLIDÁRIA (25-PRD / 77-SOLIDARIEDADE)
2026;SC;GOVERNADOR;AGIR;#NULO;AVANTE / AGIR / DC / FEDERAÇÃO PSDB CIDADANIA (45-PSDB / 23-CIDADANIA) / NOVO / REPUBLICANOS / PODE / PL
2026;MS;1º SUPLENTE;AVANTE;#NULO;PL / FEDERAÇÃO UNIÃO PROGRESSISTA (44-UNIÃO / 11-PP) / REPUBLICANOS / FEDERAÇÃO PSDB CIDADANIA (45-PSDB / 23-CIDADANIA) / PSD / MDB / PODE / AVANTE
2026;PB;VICE-GOVERNADOR;PT;13-PT/65-PC do B/43-PV;PODE / MOBILIZA / FEDERAÇÃO BRASIL DA ESPERANÇA - FE BRASIL (13-PT / 65-PC do B / 43-PV) / AGIR / FEDERAÇÃO RENOVAÇÃO SOLIDÁRIA (25-PRD / 77-SOLIDARIEDADE) / FEDERAÇÃO UNIÃO PROGRESSISTA (44-UNIÃO / 11-PP) / REPUBLICANOS / PSB
2026;PE;SENADOR;PSB;#NULO;REPUBLICANOS / PDT / MDB / DC / PSB / FEDERAÇÃO BRASIL DA ESPERANÇA - FE BRASIL (13-PT / 65-PC do B / 43-PV) / FEDERAÇÃO RENOVAÇÃO SOLIDÁRIA (25-PRD / 77-SOLIDARIEDADE)
2026;PB;DEPUTADO FEDERAL;PT;13-PT/65-PC do B/43-PV;FEDERAÇÃO BRASIL DA ESPERANÇA - FE BRASIL (13-PT / 65-PC do B / 43-PV)
2026;MS;DEPUTADO ESTADUAL;NOVO;#NULO;NOVO
2026;MS;VICE-GOVERNADOR;PRD;25-PRD/77-SOLIDARIEDADE;FEDERAÇÃO RENOVAÇÃO SOLIDÁRIA (25-PRD / 77-SOLIDARIEDADE)
2026;ES;SENADOR;PSOL;50-PSOL/18-REDE;FEDERAÇÃO PSOL REDE (50-PSOL / 18-REDE)
2026;RS;1º SUPLENTE;PDT;#NULO;PDT / PSB / AVANTE / FEDERAÇÃO BRASIL DA ESPERANÇA - FE BRASIL (13-PT / 65-PC do B / 43-PV) / FEDERAÇÃO PSOL REDE (50-PSOL / 18-REDE)
2026;ES;1º SUPLENTE;MDB;#NULO;PDT / MDB / PODE / AGIR / PSB / FEDERAÇÃO PSDB CIDADANIA (45-PSDB / 23-CIDADANIA) / FEDERAÇÃO UNIÃO PROGRESSISTA (44-UNIÃO / 11-PP)
2026;DF;SENADOR;MDB;#NULO;REPUBLICANOS / MDB / PODE / PL / FEDERAÇÃO RENOVAÇÃO SOLIDÁRIA (25-PRD / 77-SOLIDARIEDADE) / FEDERAÇÃO UNIÃO PROGRESSISTA (44-UNIÃO / 11-PP) / DC / MOBILIZA / DEMOCRATA
2026;AM;1º SUPLENTE;REPUBLICANOS;#NULO;REPUBLICANOS / MDB / PSD / FEDERAÇÃO BRASIL DA ESPERANÇA - FE BRASIL (13-PT / 65-PC do B / 43-PV)
2026;MS;GOVERNADOR;AVANTE;#NULO;FEDERAÇÃO UNIÃO PROGRESSISTA (44-UNIÃO / 11-PP) / PL / FEDERAÇÃO PSDB CIDADANIA (45-PSDB / 23-CIDADANIA) / PODE / AVANTE / REPUBLICANOS / PSD / MDB
2026;AM;2º SUPLENTE;CIDADANIA;45-PSDB/23-CIDADANIA;FEDERAÇÃO PSDB CIDADANIA (45-PSDB / 23-CIDADANIA)
2026;BA;SENADOR;MDB;#NULO;PDT / MDB / PSB / PSD / AVANTE / FEDERAÇÃO BRASIL DA ESPERANÇA - FE BRASIL (13-PT / 65-PC do B / 43-PV)
2026;SE;SENADOR;REPUBLICANOS;#NULO;REPUBLICANOS / AVANTE
2026;RN;1º SUPLENTE;PDT;#NULO;PDT / PSB / FEDERAÇÃO BRASIL DA ESPERANÇA - FE BRASIL (13-PT / 65-PC do B / 43-PV)
2026;SP;VICE-GOVERNADOR;AVANTE;#NULO;REPUBLICANOS / PL / MDB / DEMOCRATA / AVANTE / PSD / FEDERAÇÃO RENOVAÇÃO SOLIDÁRIA (25-PRD / 77-SOLIDARIEDADE) / FEDERAÇÃO UNIÃO PROGRESSISTA (44-UNIÃO / 11-PP)
2026;SC;2º SUPLENTE;PT;13-PT/65-PC do B/43-PV;PDT / PSB / FEDERAÇÃO BRASIL DA ESPERANÇA - FE BRASIL (13-PT / 65-PC do B / 43-PV) / FEDERAÇÃO PSOL REDE (50-PSOL / 18-REDE)
2026;RS;1º SUPLENTE;AVANTE;#NULO;PDT / PSB / AVANTE / FEDERAÇÃO BRASIL DA ESPERANÇA - FE BRASIL (13-PT / 65-PC do B / 43-PV) / FEDERAÇÃO PSOL REDE (50-PSOL / 18-REDE)
2026;BA;DEPUTADO FEDERAL;PRD;25-PRD/77-SOLIDARIEDADE;FEDERAÇÃO RENOVAÇÃO SOLIDÁRIA (25-PRD / 77-SOLIDARIEDADE)
2026;PE;DEPUTADO ESTADUAL;MISSÃO;#NULO;MISSÃO
2026;BA;DEPUTADO ESTADUAL;PSB;#NULO;PSB
2026;AM;SENADOR;PSTU;#NULO;PSTU
2026;RO;2º SUPLENTE;PL;#NULO;PODE / PL / DC / NOVO / MOBILIZA
2026;PR;SENADOR;PCDOB;13-PT/65-PC do B/43-PV;PDT / FEDERAÇÃO BRASIL DA ESPERANÇA - FE BRASIL (13-PT / 65-PC do B / 43-PV) / FEDERAÇÃO PSOL REDE (50-PSOL / 18-REDE) / FEDERAÇÃO RENOVAÇÃO SOLIDÁRIA (25-PRD / 77-SOLIDARIEDADE)
2026;BA;1º SUPLENTE;PL;#NULO;REPUBLICANOS / PODE / PL / FEDERAÇÃO PSDB CIDADANIA (45-PSDB / 23-CIDADANIA) / FEDERAÇÃO UNIÃO PROGRESSISTA (44-UNIÃO / 11-PP) / FEDERAÇÃO RENOVAÇÃO SOLIDÁRIA (25-PRD / 77-SOLIDARIEDADE) / NOVO
2026;RN;GOVERNADOR;PCDOB;13-PT/65-PC do B/43-PV;PDT / PSB / FEDERAÇÃO BRASIL DA ESPERANÇA - FE BRASIL (13-PT / 65-PC do B / 43-PV)
2026;ES;DEPUTADO FEDERAL;UNIÃO;44-UNIÃO/11-PP;FEDERAÇÃO UNIÃO PROGRESSISTA (44-UNIÃO / 11-PP)
2026;CE;DEPUTADO ESTADUAL;UP;#NULO;UP
2026;PA;DEPUTADO FEDERAL;REPUBLICANOS;#NULO;REPUBLICANOS
2026;PB;DEPUTADO FEDERAL;UP;#NULO;UP
2026;PI;DEPUTADO FEDERAL;PSOL;50-PSOL/18-REDE;FEDERAÇÃO PSOL REDE (50-PSOL / 18-REDE)
2026;PR;DEPUTADO FEDERAL;MDB;#NULO;MDB
2026;AP;GOVERNADOR;NOVO;#NULO;NOVO / PSD / PODE / PL
2026;BA;VICE-GOVERNADOR;NOVO;#NULO;REPUBLICANOS / PODE / PL / FEDERAÇÃO PSDB CIDADANIA (45-PSDB / 23-CIDADANIA) / FEDERAÇÃO RENOVAÇÃO SOLIDÁRIA (25-PRD / 77-SOLIDARIEDADE) / FEDERAÇÃO UNIÃO PROGRESSISTA (44-UNIÃO / 11-PP) / NOVO
2026;RN;GOVERNADOR;PDT;#NULO;PDT / PSB / FEDERAÇÃO BRASIL DA ESPERANÇA - FE BRASIL (13-PT / 65-PC do B / 43-PV)
2026;RS;2º SUPLENTE;PT;13-PT/65-PC do B/43-PV;PDT / PSB / AVANTE / FEDERAÇÃO BRASIL DA ESPERANÇA - FE BRASIL (13-PT / 65-PC do B / 43-PV) / FEDERAÇÃO PSOL REDE (50-PSOL / 18-REDE)
2026;RN;DEPUTADO FEDERAL;CIDADANIA;45-PSDB/23-CIDADANIA;FEDERAÇÃO PSDB CIDADANIA (45-PSDB / 23-CIDADANIA)
2026;DF;DEPUTADO FEDERAL;PSB;#NULO;PSB
2026;AM;DEPUTADO FEDERAL;PP;44-UNIÃO/11-PP;FEDERAÇÃO UNIÃO PROGRESSISTA (44-UNIÃO / 11-PP)
2026;RN;DEPUTADO ESTADUAL;PP;44-UNIÃO/11-PP;FEDERAÇÃO UNIÃO PROGRESSISTA (44-UNIÃO / 11-PP)
2026;AP;SENADOR;PDT;#NULO;REPUBLICANOS / PDT / AGIR / FEDERAÇÃO UNIÃO PROGRESSISTA (44-UNIÃO / 11-PP) / FEDERAÇÃO PSDB CIDADANIA (45-PSDB / 23-CIDADANIA) / FEDERAÇÃO BRASIL DA ESPERANÇA - FE BRASIL (13-PT / 65-PC do B / 43-PV) / FEDERAÇÃO RENOVAÇÃO SOLIDÁRIA (25-PRD / 77-SOLIDARIEDADE)
2026;CE;DEPUTADO ESTADUAL;MOBILIZA;#NULO;MOBILIZA
2026;PR;DEPUTADO FEDERAL;PP;44-UNIÃO/11-PP;FEDERAÇÃO UNIÃO PROGRESSISTA (44-UNIÃO / 11-PP)
2026;PA;GOVERNADOR;REDE;50-PSOL/18-REDE;FEDERAÇÃO PSOL REDE (50-PSOL / 18-REDE)
2026;SP;2º SUPLENTE;UNIÃO;44-UNIÃO/11-PP;FEDERAÇÃO UNIÃO PROGRESSISTA (44-UNIÃO / 11-PP) / REPUBLICANOS / PL / MDB / DEMOCRATA / PSD / FEDERAÇÃO RENOVAÇÃO SOLIDÁRIA (25-PRD / 77-SOLIDARIEDADE) / AVANTE
2026;PE;2º SUPLENTE;PDT;#NULO;REPUBLICANOS / PDT / MDB / DC / PSB / FEDERAÇÃO BRASIL DA ESPERANÇA - FE BRASIL (13-PT / 65-PC do B / 43-PV) / FEDERAÇÃO RENOVAÇÃO SOLIDÁRIA (25-PRD / 77-SOLIDARIEDADE)
2026;PI;1º SUPLENTE;PSD;#NULO;REPUBLICANOS / PDT / MDB / PSD / FEDERAÇÃO BRASIL DA ESPERANÇA - FE BRASIL (13-PT / 65-PC do B / 43-PV)
2026;RS;GOVERNADOR;PSTU;#NULO;PSTU
2026;AL;DEPUTADO ESTADUAL;PT;13-PT/65-PC do B/43-PV;FEDERAÇÃO BRASIL DA ESPERANÇA - FE BRASIL (13-PT / 65-PC do B / 43-PV)
2026;SE;SENADOR;PODE;#NULO;PODE / PL / NOVO
2026;AC;2º SUPLENTE;PCDOB;13-PT/65-PC do B/43-PV;PODE / PSB / FEDERAÇÃO BRASIL DA ESPERANÇA - FE BRASIL (13-PT / 65-PC do B / 43-PV)
2026;AC;1º SUPLENTE;PL;#NULO;PDT / MDB / PL / DEMOCRATA / FEDERAÇÃO UNIÃO PROGRESSISTA (44-UNIÃO / 11-PP)
2026;DF;2º SUPLENTE;MOBILIZA;#NULO;REPUBLICANOS / MDB / PODE / PL / FEDERAÇÃO RENOVAÇÃO SOLIDÁRIA (25-PRD / 77-SOLIDARIEDADE) / FEDERAÇÃO UNIÃO PROGRESSISTA (44-UNIÃO / 11-PP) / DC / MOBILIZA / DEMOCRATA
2026;PR;2º SUPLENTE;NOVO;#NULO;PODE / PL / NOVO
2026;MT;SENADOR;PSB;#NULO;PDT / PSB / PSD / FEDERAÇÃO BRASIL DA ESPERANÇA - FE BRASIL (13-PT / 65-PC do B / 43-PV) / FEDERAÇÃO PSOL REDE (50-PSOL / 18-REDE)
2026;CE;VICE-GOVERNADOR;CIDADANIA;45-PSDB/23-CIDADANIA;PL / FEDERAÇÃO PSDB CIDADANIA (45-PSDB / 23-CIDADANIA) / FEDERAÇÃO UNIÃO PROGRESSISTA (44-UNIÃO / 11-PP) / DC / AVANTE
2026;MG;DEPUTADO FEDERAL;PSB;#NULO;PSB
2026;PR;DEPUTADO FEDERAL;MISSÃO;#NULO;MISSÃO
2026;RS;DEPUTADO FEDERAL;PRD;25-PRD/77-SOLIDARIEDADE;FEDERAÇÃO RENOVAÇÃO SOLIDÁRIA (25-PRD / 77-SOLIDARIEDADE)
2026;RS;DEPUTADO ESTADUAL;PSD;#NULO;PSD
2026;AL;VICE-GOVERNADOR;UP;#NULO;UP
2026;TO;1º SUPLENTE;DC;#NULO;DC
2026;MT;2º SUPLENTE;AVANTE;#NULO;AVANTE
2026;CE;GOVERNADOR;PSTU;#NULO;PSTU
2026;CE;DEPUTADO FEDERAL;PCDOB;13-PT/65-PC do B/43-PV;FEDERAÇÃO BRASIL DA ESPERANÇA - FE BRASIL (13-PT / 65-PC do B / 43-PV)
2026;RR;DEPUTADO FEDERAL;REDE;50-PSOL/18-REDE;FEDERAÇÃO PSOL REDE (50-PSOL / 18-REDE)
2026;BA;SENADOR;UNIÃO;44-UNIÃO/11-PP;REPUBLICANOS / PODE / PL / FEDERAÇÃO PSDB CIDADANIA (45-PSDB / 23-CIDADANIA) / FEDERAÇÃO UNIÃO PROGRESSISTA (44-UNIÃO / 11-PP) / FEDERAÇÃO RENOVAÇÃO SOLIDÁRIA (25-PRD / 77-SOLIDARIEDADE) / NOVO
2026;PA;VICE-GOVERNADOR;PP;44-UNIÃO/11-PP;REPUBLICANOS / MDB / PSB / PSD / AVANTE / FEDERAÇÃO PSDB CIDADANIA (45-PSDB / 23-CIDADANIA) / FEDERAÇÃO BRASIL DA ESPERANÇA - FE BRASIL (13-PT / 65-PC do B / 43-PV) / FEDERAÇÃO UNIÃO PROGRESSISTA (44-UNIÃO / 11-PP)
2026;GO;1º SUPLENTE;PSDB;45-PSDB/23-CIDADANIA;DC / FEDERAÇÃO PSDB CIDADANIA (45-PSDB / 23-CIDADANIA)
2026;DF;GOVERNADOR;PSDB;45-PSDB/23-CIDADANIA;FEDERAÇÃO PSDB CIDADANIA (45-PSDB / 23-CIDADANIA)
2026;RN;GOVERNADOR;REDE;50-PSOL/18-REDE;FEDERAÇÃO PSOL REDE (50-PSOL / 18-REDE)
2026;PA;2º SUPLENTE;PSOL;50-PSOL/18-REDE;FEDERAÇÃO PSOL REDE (50-PSOL / 18-REDE)
2026;MG;DEPUTADO FEDERAL;REDE;50-PSOL/18-REDE;FEDERAÇÃO PSOL REDE (50-PSOL / 18-REDE)
2026;AM;1º SUPLENTE;PSDB;45-PSDB/23-CIDADANIA;FEDERAÇÃO PSDB CIDADANIA (45-PSDB / 23-CIDADANIA)
2026;AL;GOVERNADOR;AGIR;#NULO;MDB / PODE / AGIR / PSB / PSD / AVANTE / FEDERAÇÃO BRASIL DA ESPERANÇA - FE BRASIL (13-PT / 65-PC do B / 43-PV)
2026;MG;SENADOR;CIDADANIA;45-PSDB/23-CIDADANIA;PDT / FEDERAÇÃO PSDB CIDADANIA (45-PSDB / 23-CIDADANIA)
2026;RO;VICE-GOVERNADOR;PV;13-PT/65-PC do B/43-PV;FEDERAÇÃO BRASIL DA ESPERANÇA - FE BRASIL (13-PT / 65-PC do B / 43-PV) / FEDERAÇÃO PSOL REDE (50-PSOL / 18-REDE)
2026;PI;GOVERNADOR;PODE;#NULO;PODE / FEDERAÇÃO RENOVAÇÃO SOLIDÁRIA (25-PRD / 77-SOLIDARIEDADE) / FEDERAÇÃO UNIÃO PROGRESSISTA (44-UNIÃO / 11-PP) / PL
2026;AC;VICE-GOVERNADOR;PODE;#NULO;PODE / PSB / FEDERAÇÃO BRASIL DA ESPERANÇA - FE BRASIL (13-PT / 65-PC do B / 43-PV)
2026;DF;DEPUTADO FEDERAL;UP;#NULO;UP
2026;AC;DEPUTADO ESTADUAL;PCDOB;13-PT/65-PC do B/43-PV;FEDERAÇÃO BRASIL DA ESPERANÇA - FE BRASIL (13-PT / 65-PC do B / 43-PV)
2026;AM;DEPUTADO FEDERAL;PL;#NULO;PL
2026;AP;1º SUPLENTE;REPUBLICANOS;#NULO;REPUBLICANOS / PDT / AGIR / FEDERAÇÃO UNIÃO PROGRESSISTA (44-UNIÃO / 11-PP) / FEDERAÇÃO PSDB CIDADANIA (45-PSDB / 23-CIDADANIA) / FEDERAÇÃO BRASIL DA ESPERANÇA - FE BRASIL (13-PT / 65-PC do B / 43-PV) / FEDERAÇÃO RENOVAÇÃO SOLIDÁRIA (25-PRD / 77-SOLIDARIEDADE)
2026;AL;1º SUPLENTE;PP;44-UNIÃO/11-PP;PDT / PL / FEDERAÇÃO PSDB CIDADANIA (45-PSDB / 23-CIDADANIA) / FEDERAÇÃO RENOVAÇÃO SOLIDÁRIA (25-PRD / 77-SOLIDARIEDADE) / FEDERAÇÃO UNIÃO PROGRESSISTA (44-UNIÃO / 11-PP) / DC
2026;BA;2º SUPLENTE;PT;13-PT/65-PC do B/43-PV;PDT / MDB / PSB / PSD / AVANTE / FEDERAÇÃO BRASIL DA ESPERANÇA - FE BRASIL (13-PT / 65-PC do B / 43-PV)
2026;GO;VICE-GOVERNADOR;PP;44-UNIÃO/11-PP;REPUBLICANOS / MDB / PODE / MOBILIZA / DEMOCRATA / AGIR / PSD / AVANTE / FEDERAÇÃO RENOVAÇÃO SOLIDÁRIA (25-PRD / 77-SOLIDARIEDADE) / FEDERAÇÃO UNIÃO PROGRESSISTA (44-UNIÃO / 11-PP)
2026;RN;VICE-GOVERNADOR;PDT;#NULO;PDT / PSB / FEDERAÇÃO BRASIL DA ESPERANÇA - FE BRASIL (13-PT / 65-PC do B / 43-PV)
2026;CE;2º SUPLENTE;PP;44-UNIÃO/11-PP;PL / DC / AVANTE / FEDERAÇÃO PSDB CIDADANIA (45-PSDB / 23-CIDADANIA) / FEDERAÇÃO UNIÃO PROGRESSISTA (44-UNIÃO / 11-PP)
2026;RS;DEPUTADO ESTADUAL;CIDADANIA;45-PSDB/23-CIDADANIA;FEDERAÇÃO PSDB CIDADANIA (45-PSDB / 23-CIDADANIA)
2026;AM;DEPUTADO ESTADUAL;PP;44-UNIÃO/11-PP;FEDERAÇÃO UNIÃO PROGRESSISTA (44-UNIÃO / 11-PP)
2026;SE;DEPUTADO ESTADUAL;PP;44-UNIÃO/11-PP;FEDERAÇÃO UNIÃO PROGRESSISTA (44-UNIÃO / 11-PP)
2026;MT;1º SUPLENTE;DEMOCRATA;#NULO;DEMOCRATA
2026;SE;VICE-GOVERNADOR;REDE;50-PSOL/18-REDE;FEDERAÇÃO PSOL REDE (50-PSOL / 18-REDE)
2026;BA;2º SUPLENTE;REDE;50-PSOL/18-REDE;FEDERAÇÃO PSOL REDE (50-PSOL / 18-REDE)
2026;RR;GOVERNADOR;SOLIDARIEDADE;25-PRD/77-SOLIDARIEDADE;FEDERAÇÃO RENOVAÇÃO SOLIDÁRIA (25-PRD / 77-SOLIDARIEDADE)
2026;GO;1º SUPLENTE;PSD;#NULO;PSD
2026;RJ;DEPUTADO FEDERAL;AVANTE;#NULO;AVANTE
2026;BA;DEPUTADO FEDERAL;UP;#NULO;UP
2026;DF;VICE-GOVERNADOR;DEMOCRATA;#NULO;REPUBLICANOS / MDB / PODE / PL / DC / MOBILIZA / DEMOCRATA / FEDERAÇÃO RENOVAÇÃO SOLIDÁRIA (25-PRD / 77-SOLIDARIEDADE) / FEDERAÇÃO UNIÃO PROGRESSISTA (44-UNIÃO / 11-PP)
2026;PA;1º SUPLENTE;PODE;#NULO;PODE
2026;AM;1º SUPLENTE;CIDADANIA;45-PSDB/23-CIDADANIA;FEDERAÇÃO PSDB CIDADANIA (45-PSDB / 23-CIDADANIA)
2026;RJ;DEPUTADO ESTADUAL;DC;#NULO;DC
2026;RO;DEPUTADO ESTADUAL;MDB;#NULO;MDB
2026;MA;1º SUPLENTE;PCB;#NULO;PCB
2026;AC;GOVERNADOR;REPUBLICANOS;#NULO;REPUBLICANOS / NOVO / PSD / AVANTE
2026;CE;GOVERNADOR;PT;13-PT/65-PC do B/43-PV;PSB / PDT / PODE / MOBILIZA / FEDERAÇÃO BRASIL DA ESPERANÇA - FE BRASIL (13-PT / 65-PC do B / 43-PV) / REPUBLICANOS / PSD / MDB / FEDERAÇÃO RENOVAÇÃO SOLIDÁRIA (25-PRD / 77-SOLIDARIEDADE) / FEDERAÇÃO PSOL REDE (50-PSOL / 18-REDE)
2026;MA;1º SUPLENTE;AGIR;#NULO;MOBILIZA / AGIR / AVANTE
2026;AC;1º SUPLENTE;PSB;#NULO;PODE / PSB / FEDERAÇÃO BRASIL DA ESPERANÇA - FE BRASIL (13-PT / 65-PC do B / 43-PV)
2026;MT;1º SUPLENTE;PSOL;50-PSOL/18-REDE;PDT / PSB / PSD / FEDERAÇÃO BRASIL DA ESPERANÇA - FE BRASIL (13-PT / 65-PC do B / 43-PV) / FEDERAÇÃO PSOL REDE (50-PSOL / 18-REDE)
2026;BA;SENADOR;PT;13-PT/65-PC do B/43-PV;PDT / MDB / PSB / PSD / AVANTE / FEDERAÇÃO BRASIL DA ESPERANÇA - FE BRASIL (13-PT / 65-PC do B / 43-PV)
2026;MT;1º SUPLENTE;PCDOB;13-PT/65-PC do B/43-PV;PDT / PSB / PSD / FEDERAÇÃO BRASIL DA ESPERANÇA - FE BRASIL (13-PT / 65-PC do B / 43-PV) / FEDERAÇÃO PSOL REDE (50-PSOL / 18-REDE)
2026;CE;DEPUTADO ESTADUAL;PCDOB;13-PT/65-PC do B/43-PV;FEDERAÇÃO BRASIL DA ESPERANÇA - FE BRASIL (13-PT / 65-PC do B / 43-PV)
2026;DF;DEPUTADO FEDERAL;NOVO;#NULO;NOVO
2026;DF;DEPUTADO DISTRITAL;PP;44-UNIÃO/11-PP;FEDERAÇÃO UNIÃO PROGRESSISTA (44-UNIÃO / 11-PP)
2026;DF;DEPUTADO DISTRITAL;DEMOCRATA;#NULO;DEMOCRATA
2026;DF;DEPUTADO DISTRITAL;PSDB;45-PSDB/23-CIDADANIA;FEDERAÇÃO PSDB CIDADANIA (45-PSDB / 23-CIDADANIA)
2026;GO;DEPUTADO FEDERAL;MISSÃO;#NULO;MISSÃO
2026;AP;DEPUTADO FEDERAL;PT;13-PT/65-PC do B/43-PV;FEDERAÇÃO BRASIL DA ESPERANÇA - FE BRASIL (13-PT / 65-PC do B / 43-PV)
2026;CE;SENADOR;UP;#NULO;UP
2026;PB;1º SUPLENTE;DC;#NULO;DC
2026;CE;VICE-GOVERNADOR;UP;#NULO;UP
2026;AP;SENADOR;DC;#NULO;DC
2026;CE;SENADOR;PSD;#NULO;PDT / PODE / PSB / PSD / FEDERAÇÃO BRASIL DA ESPERANÇA - FE BRASIL (13-PT / 65-PC do B / 43-PV) / FEDERAÇÃO PSOL REDE (50-PSOL / 18-REDE) / FEDERAÇÃO RENOVAÇÃO SOLIDÁRIA (25-PRD / 77-SOLIDARIEDADE) / REPUBLICANOS / MDB / MOBILIZA
2026;RS;SENADOR;PSOL;50-PSOL/18-REDE;PDT / PSB / AVANTE / FEDERAÇÃO BRASIL DA ESPERANÇA - FE BRASIL (13-PT / 65-PC do B / 43-PV) / FEDERAÇÃO PSOL REDE (50-PSOL / 18-REDE)
2026;TO;2º SUPLENTE;PSD;#NULO;FEDERAÇÃO BRASIL DA ESPERANÇA - FE BRASIL (13-PT / 65-PC do B / 43-PV) / PDT / PSB / PSD
2026;MS;VICE-GOVERNADOR;PCO;#NULO;PCO
2026;SP;DEPUTADO ESTADUAL;PODE;#NULO;PODE
2026;GO;VICE-GOVERNADOR;PRD;25-PRD/77-SOLIDARIEDADE;REPUBLICANOS / MDB / PODE / MOBILIZA / DEMOCRATA / AGIR / PSD / AVANTE / FEDERAÇÃO RENOVAÇÃO SOLIDÁRIA (25-PRD / 77-SOLIDARIEDADE) / FEDERAÇÃO UNIÃO PROGRESSISTA (44-UNIÃO / 11-PP)
2026;PB;1º SUPLENTE;PP;44-UNIÃO/11-PP;REPUBLICANOS / PODE / MOBILIZA / AGIR / PSB / FEDERAÇÃO BRASIL DA ESPERANÇA - FE BRASIL (13-PT / 65-PC do B / 43-PV) / FEDERAÇÃO RENOVAÇÃO SOLIDÁRIA (25-PRD / 77-SOLIDARIEDADE) / FEDERAÇÃO UNIÃO PROGRESSISTA (44-UNIÃO / 11-PP)
2026;SC;1º SUPLENTE;UNIÃO;44-UNIÃO/11-PP;MDB / PSD / FEDERAÇÃO UNIÃO PROGRESSISTA (44-UNIÃO / 11-PP)
2026;SE;2º SUPLENTE;PV;13-PT/65-PC do B/43-PV;PSB / PSD / FEDERAÇÃO BRASIL DA ESPERANÇA - FE BRASIL (13-PT / 65-PC do B / 43-PV) / FEDERAÇÃO UNIÃO PROGRESSISTA (44-UNIÃO / 11-PP)
2026;MA;2º SUPLENTE;PRD;25-PRD/77-SOLIDARIEDADE;REPUBLICANOS / PDT / MDB / PODE / FEDERAÇÃO RENOVAÇÃO SOLIDÁRIA (25-PRD / 77-SOLIDARIEDADE)
2026;PB;DEPUTADO FEDERAL;PRD;25-PRD/77-SOLIDARIEDADE;FEDERAÇÃO RENOVAÇÃO SOLIDÁRIA (25-PRD / 77-SOLIDARIEDADE)
2026;PB;1º SUPLENTE;PSB;#NULO;REPUBLICANOS / PODE / MOBILIZA / AGIR / PSB / FEDERAÇÃO BRASIL DA ESPERANÇA - FE BRASIL (13-PT / 65-PC do B / 43-PV) / FEDERAÇÃO RENOVAÇÃO SOLIDÁRIA (25-PRD / 77-SOLIDARIEDADE) / FEDERAÇÃO UNIÃO PROGRESSISTA (44-UNIÃO / 11-PP)
2026;CE;DEPUTADO ESTADUAL;PV;13-PT/65-PC do B/43-PV;FEDERAÇÃO BRASIL DA ESPERANÇA - FE BRASIL (13-PT / 65-PC do B / 43-PV)
2026;GO;DEPUTADO FEDERAL;CIDADANIA;45-PSDB/23-CIDADANIA;FEDERAÇÃO PSDB CIDADANIA (45-PSDB / 23-CIDADANIA)
2026;MA;2º SUPLENTE;PSTU;#NULO;PSTU
2026;SC;DEPUTADO ESTADUAL;NOVO;#NULO;NOVO
2026;SP;DEPUTADO ESTADUAL;SOLIDARIEDADE;25-PRD/77-SOLIDARIEDADE;FEDERAÇÃO RENOVAÇÃO SOLIDÁRIA (25-PRD / 77-SOLIDARIEDADE)
2026;PI;SENADOR;UP;#NULO;UP
2026;ES;VICE-GOVERNADOR;MISSÃO;#NULO;MISSÃO
2026;SC;SENADOR;PCO;#NULO;PCO
2026;PI;1º SUPLENTE;AVANTE;#NULO;AVANTE
2026;ES;2º SUPLENTE;PSB;#NULO;PDT / MDB / PODE / AGIR / PSB / FEDERAÇÃO PSDB CIDADANIA (45-PSDB / 23-CIDADANIA) / FEDERAÇÃO UNIÃO PROGRESSISTA (44-UNIÃO / 11-PP)
2026;PR;GOVERNADOR;REDE;50-PSOL/18-REDE;PDT / FEDERAÇÃO BRASIL DA ESPERANÇA - FE BRASIL (13-PT / 65-PC do B / 43-PV) / FEDERAÇÃO PSOL REDE (50-PSOL / 18-REDE) / FEDERAÇÃO RENOVAÇÃO SOLIDÁRIA (25-PRD / 77-SOLIDARIEDADE)
2026;SC;2º SUPLENTE;SOLIDARIEDADE;25-PRD/77-SOLIDARIEDADE;FEDERAÇÃO RENOVAÇÃO SOLIDÁRIA (25-PRD / 77-SOLIDARIEDADE)
2026;RO;GOVERNADOR;MDB;#NULO;PDT / MDB
2026;MA;1º SUPLENTE;MDB;#NULO;REPUBLICANOS / PDT / MDB / PODE / FEDERAÇÃO RENOVAÇÃO SOLIDÁRIA (25-PRD / 77-SOLIDARIEDADE)
2026;CE;GOVERNADOR;PSB;#NULO;PSB / PDT / PODE / MOBILIZA / FEDERAÇÃO BRASIL DA ESPERANÇA - FE BRASIL (13-PT / 65-PC do B / 43-PV) / REPUBLICANOS / PSD / MDB / FEDERAÇÃO RENOVAÇÃO SOLIDÁRIA (25-PRD / 77-SOLIDARIEDADE) / FEDERAÇÃO PSOL REDE (50-PSOL / 18-REDE)
2026;MG;GOVERNADOR;PSTU;#NULO;PSTU
2026;RS;VICE-GOVERNADOR;PCO;#NULO;PCO
2026;MS;SENADOR;AGIR;#NULO;AGIR
2026;RS;DEPUTADO FEDERAL;PP;44-UNIÃO/11-PP;FEDERAÇÃO UNIÃO PROGRESSISTA (44-UNIÃO / 11-PP)
2026;RJ;2º SUPLENTE;PT;13-PT/65-PC do B/43-PV;PDT / MDB / DC / FEDERAÇÃO BRASIL DA ESPERANÇA - FE BRASIL (13-PT / 65-PC do B / 43-PV) / PSB / PSD / FEDERAÇÃO PSDB CIDADANIA (45-PSDB / 23-CIDADANIA) / FEDERAÇÃO RENOVAÇÃO SOLIDÁRIA (25-PRD / 77-SOLIDARIEDADE)
2026;AP;2º SUPLENTE;PL;#NULO;PODE / PL / NOVO / PSD
2026;DF;DEPUTADO FEDERAL;MISSÃO;#NULO;MISSÃO
2026;PE;2º SUPLENTE;PCO;#NULO;PCO
2026;DF;VICE-GOVERNADOR;PSTU;#NULO;PSTU
2026;RN;GOVERNADOR;PT;13-PT/65-PC do B/43-PV;PDT / PSB / FEDERAÇÃO BRASIL DA ESPERANÇA - FE BRASIL (13-PT / 65-PC do B / 43-PV)
2026;MS;VICE-GOVERNADOR;CIDADANIA;45-PSDB/23-CIDADANIA;FEDERAÇÃO UNIÃO PROGRESSISTA (44-UNIÃO / 11-PP) / PL / FEDERAÇÃO PSDB CIDADANIA (45-PSDB / 23-CIDADANIA) / PODE / AVANTE / REPUBLICANOS / PSD / MDB
2026;AM;GOVERNADOR;PODE;#NULO;PSB / FEDERAÇÃO UNIÃO PROGRESSISTA (44-UNIÃO / 11-PP) / PODE
2026;MT;GOVERNADOR;PT;13-PT/65-PC do B/43-PV;PDT / PSB / PSD / FEDERAÇÃO BRASIL DA ESPERANÇA - FE BRASIL (13-PT / 65-PC do B / 43-PV) / FEDERAÇÃO PSOL REDE (50-PSOL / 18-REDE)
2026;RR;SENADOR;UNIÃO;44-UNIÃO/11-PP;REPUBLICANOS / PODE / AGIR / PSD / FEDERAÇÃO UNIÃO PROGRESSISTA (44-UNIÃO / 11-PP)
2026;ES;VICE-GOVERNADOR;UNIÃO;44-UNIÃO/11-PP;PODE / MDB / AGIR / PSB / PDT / FEDERAÇÃO PSDB CIDADANIA (45-PSDB / 23-CIDADANIA) / FEDERAÇÃO UNIÃO PROGRESSISTA (44-UNIÃO / 11-PP)
2026;MA;DEPUTADO FEDERAL;PV;13-PT/65-PC do B/43-PV;FEDERAÇÃO BRASIL DA ESPERANÇA - FE BRASIL (13-PT / 65-PC do B / 43-PV)
2026;MA;DEPUTADO ESTADUAL;MDB;#NULO;MDB
2026;RN;SENADOR;PP;44-UNIÃO/11-PP;REPUBLICANOS / MDB / PSD / FEDERAÇÃO RENOVAÇÃO SOLIDÁRIA (25-PRD / 77-SOLIDARIEDADE) / FEDERAÇÃO UNIÃO PROGRESSISTA (44-UNIÃO / 11-PP) / AVANTE
2026;GO;VICE-GOVERNADOR;MOBILIZA;#NULO;REPUBLICANOS / MDB / PODE / MOBILIZA / DEMOCRATA / AGIR / PSD / AVANTE / FEDERAÇÃO RENOVAÇÃO SOLIDÁRIA (25-PRD / 77-SOLIDARIEDADE) / FEDERAÇÃO UNIÃO PROGRESSISTA (44-UNIÃO / 11-PP)
2026;AP;VICE-GOVERNADOR;PSD;#NULO;NOVO / PSD / PODE / PL
2026;PI;SENADOR;AVANTE;#NULO;NOVO / AVANTE
2026;TO;GOVERNADOR;PDT;#NULO;PDT / PSB / PSD / FEDERAÇÃO BRASIL DA ESPERANÇA - FE BRASIL (13-PT / 65-PC do B / 43-PV)
2026;GO;2º SUPLENTE;PV;13-PT/65-PC do B/43-PV;PDT / PSB / FEDERAÇÃO BRASIL DA ESPERANÇA - FE BRASIL (13-PT / 65-PC do B / 43-PV) / FEDERAÇÃO PSOL REDE (50-PSOL / 18-REDE)
2026;PA;1º SUPLENTE;PL;#NULO;PL
2026;SP;2º SUPLENTE;PSDB;45-PSDB/23-CIDADANIA;FEDERAÇÃO PSDB CIDADANIA (45-PSDB / 23-CIDADANIA)
2026;PA;1º SUPLENTE;REDE;50-PSOL/18-REDE;FEDERAÇÃO PSOL REDE (50-PSOL / 18-REDE)
2026;DF;1º SUPLENTE;AGIR;#NULO;AGIR
2026;AC;VICE-GOVERNADOR;PRD;25-PRD/77-SOLIDARIEDADE;FEDERAÇÃO RENOVAÇÃO SOLIDÁRIA (25-PRD / 77-SOLIDARIEDADE) / FEDERAÇÃO PSDB CIDADANIA (45-PSDB / 23-CIDADANIA)
2026;PA;VICE-GOVERNADOR;DEMOCRATA;#NULO;DEMOCRATA
2026;SP;DEPUTADO FEDERAL;UP;#NULO;UP
2026;BR;VICE-PRESIDENTE;UP;#NULO;UP
2026;CE;2º SUPLENTE;PL;#NULO;PL / DC / AVANTE / FEDERAÇÃO PSDB CIDADANIA (45-PSDB / 23-CIDADANIA) / FEDERAÇÃO UNIÃO PROGRESSISTA (44-UNIÃO / 11-PP)
2026;RO;SENADOR;SOLIDARIEDADE;25-PRD/77-SOLIDARIEDADE;PSD / AVANTE / FEDERAÇÃO RENOVAÇÃO SOLIDÁRIA (25-PRD / 77-SOLIDARIEDADE)
2026;RN;1º SUPLENTE;PRD;25-PRD/77-SOLIDARIEDADE;REPUBLICANOS / MDB / PSD / FEDERAÇÃO RENOVAÇÃO SOLIDÁRIA (25-PRD / 77-SOLIDARIEDADE) / FEDERAÇÃO UNIÃO PROGRESSISTA (44-UNIÃO / 11-PP) / AVANTE
2026;PE;GOVERNADOR;UNIÃO;44-UNIÃO/11-PP;PODE / PSD / AVANTE / FEDERAÇÃO PSDB CIDADANIA (45-PSDB / 23-CIDADANIA) / FEDERAÇÃO UNIÃO PROGRESSISTA (44-UNIÃO / 11-PP)
2026;AL;DEPUTADO ESTADUAL;UNIÃO;44-UNIÃO/11-PP;FEDERAÇÃO UNIÃO PROGRESSISTA (44-UNIÃO / 11-PP)
2026;AL;2º SUPLENTE;DEMOCRATA;#NULO;DEMOCRATA
2026;RS;SENADOR;UP;#NULO;UP
2026;PI;DEPUTADO ESTADUAL;CIDADANIA;45-PSDB/23-CIDADANIA;FEDERAÇÃO PSDB CIDADANIA (45-PSDB / 23-CIDADANIA)
2026;AC;DEPUTADO ESTADUAL;PSOL;50-PSOL/18-REDE;FEDERAÇÃO PSOL REDE (50-PSOL / 18-REDE)
2026;MT;DEPUTADO ESTADUAL;PODE;#NULO;PODE
2026;PE;DEPUTADO FEDERAL;PRD;25-PRD/77-SOLIDARIEDADE;FEDERAÇÃO RENOVAÇÃO SOLIDÁRIA (25-PRD / 77-SOLIDARIEDADE)
2026;SP;DEPUTADO ESTADUAL;PCO;#NULO;PCO
2026;MG;2º SUPLENTE;PL;#NULO;PL
2026;PI;SENADOR;PCO;#NULO;PCO
2026;MT;2º SUPLENTE;PP;44-UNIÃO/11-PP;REPUBLICANOS / PODE / FEDERAÇÃO PSDB CIDADANIA (45-PSDB / 23-CIDADANIA) / FEDERAÇÃO UNIÃO PROGRESSISTA (44-UNIÃO / 11-PP)
2026;RJ;DEPUTADO FEDERAL;DC;#NULO;DC
2026;AM;DEPUTADO FEDERAL;REPUBLICANOS;#NULO;REPUBLICANOS
2026;DF;2º SUPLENTE;PCO;#NULO;PCO
2026;AL;2º SUPLENTE;REPUBLICANOS;#NULO;REPUBLICANOS
2026;MS;GOVERNADOR;PRD;25-PRD/77-SOLIDARIEDADE;FEDERAÇÃO RENOVAÇÃO SOLIDÁRIA (25-PRD / 77-SOLIDARIEDADE)
2026;SP;DEPUTADO FEDERAL;DEMOCRATA;#NULO;DEMOCRATA
2026;CE;1º SUPLENTE;PSTU;#NULO;PSTU
2026;BR;VICE-PRESIDENTE;DEMOCRATA;#NULO;DEMOCRATA
2026;DF;2º SUPLENTE;NOVO;#NULO;NOVO
2026;PR;2º SUPLENTE;AVANTE;#NULO;REPUBLICANOS / MDB / DEMOCRATA / PSD / AVANTE / FEDERAÇÃO PSDB CIDADANIA (45-PSDB / 23-CIDADANIA) / FEDERAÇÃO UNIÃO PROGRESSISTA (44-UNIÃO / 11-PP)
2026;MG;VICE-GOVERNADOR;MOBILIZA;#NULO;PSD / FEDERAÇÃO UNIÃO PROGRESSISTA (44-UNIÃO / 11-PP) / NOVO / AVANTE / FEDERAÇÃO RENOVAÇÃO SOLIDÁRIA (25-PRD / 77-SOLIDARIEDADE) / MOBILIZA / DC / AGIR
2026;RJ;VICE-GOVERNADOR;PSDB;45-PSDB/23-CIDADANIA;PDT / MDB / DC / PSB / PSD / FEDERAÇÃO PSDB CIDADANIA (45-PSDB / 23-CIDADANIA) / FEDERAÇÃO BRASIL DA ESPERANÇA - FE BRASIL (13-PT / 65-PC do B / 43-PV) / FEDERAÇÃO RENOVAÇÃO SOLIDÁRIA (25-PRD / 77-SOLIDARIEDADE)
2026;BA;DEPUTADO FEDERAL;PODE;#NULO;PODE
2026;RS;DEPUTADO FEDERAL;AGIR;#NULO;AGIR
2026;SE;DEPUTADO ESTADUAL;PT;13-PT/65-PC do B/43-PV;FEDERAÇÃO BRASIL DA ESPERANÇA - FE BRASIL (13-PT / 65-PC do B / 43-PV)
2026;BA;VICE-GOVERNADOR;PSD;#NULO;PDT / MDB / PSB / PSD / AVANTE / FEDERAÇÃO BRASIL DA ESPERANÇA - FE BRASIL (13-PT / 65-PC do B / 43-PV)
2026;SE;SENADOR;PSD;#NULO;PSB / PSD / FEDERAÇÃO BRASIL DA ESPERANÇA - FE BRASIL (13-PT / 65-PC do B / 43-PV) / FEDERAÇÃO UNIÃO PROGRESSISTA (44-UNIÃO / 11-PP)
2026;PE;VICE-GOVERNADOR;PODE;#NULO;PODE / PSD / AVANTE / FEDERAÇÃO PSDB CIDADANIA (45-PSDB / 23-CIDADANIA) / FEDERAÇÃO UNIÃO PROGRESSISTA (44-UNIÃO / 11-PP)
2026;AC;VICE-GOVERNADOR;UNIÃO;44-UNIÃO/11-PP;PDT / MDB / PL / DEMOCRATA / FEDERAÇÃO UNIÃO PROGRESSISTA (44-UNIÃO / 11-PP)
2026;RN;VICE-GOVERNADOR;PRD;25-PRD/77-SOLIDARIEDADE;REPUBLICANOS / MDB / PSD / AVANTE / FEDERAÇÃO RENOVAÇÃO SOLIDÁRIA (25-PRD / 77-SOLIDARIEDADE) / FEDERAÇÃO UNIÃO PROGRESSISTA (44-UNIÃO / 11-PP)
2026;RR;1º SUPLENTE;PODE;#NULO;REPUBLICANOS / PODE / AGIR / PSD / FEDERAÇÃO UNIÃO PROGRESSISTA (44-UNIÃO / 11-PP)
2026;MS;VICE-GOVERNADOR;PT;13-PT/65-PC do B/43-PV;PDT / PSB / FEDERAÇÃO BRASIL DA ESPERANÇA - FE BRASIL (13-PT / 65-PC do B / 43-PV)
2026;RJ;1º SUPLENTE;PDT;#NULO;PDT / MDB / DC / FEDERAÇÃO BRASIL DA ESPERANÇA - FE BRASIL (13-PT / 65-PC do B / 43-PV) / PSB / PSD / FEDERAÇÃO PSDB CIDADANIA (45-PSDB / 23-CIDADANIA) / FEDERAÇÃO RENOVAÇÃO SOLIDÁRIA (25-PRD / 77-SOLIDARIEDADE)
2026;MT;1º SUPLENTE;PSB;#NULO;PDT / PSB / PSD / FEDERAÇÃO BRASIL DA ESPERANÇA - FE BRASIL (13-PT / 65-PC do B / 43-PV) / FEDERAÇÃO PSOL REDE (50-PSOL / 18-REDE)
2026;DF;VICE-GOVERNADOR;PCDOB;13-PT/65-PC do B/43-PV;PDT / FEDERAÇÃO BRASIL DA ESPERANÇA - FE BRASIL (13-PT / 65-PC do B / 43-PV) / FEDERAÇÃO PSOL REDE (50-PSOL / 18-REDE)
2026;PE;GOVERNADOR;PRD;25-PRD/77-SOLIDARIEDADE;REPUBLICANOS / PDT / MDB / PSB / FEDERAÇÃO BRASIL DA ESPERANÇA - FE BRASIL (13-PT / 65-PC do B / 43-PV) / FEDERAÇÃO RENOVAÇÃO SOLIDÁRIA (25-PRD / 77-SOLIDARIEDADE) / DC
2026;MA;SENADOR;PT;13-PT/65-PC do B/43-PV;PSB / FEDERAÇÃO BRASIL DA ESPERANÇA - FE BRASIL (13-PT / 65-PC do B / 43-PV) / FEDERAÇÃO PSOL REDE (50-PSOL / 18-REDE)
2026;PE;GOVERNADOR;MDB;#NULO;REPUBLICANOS / PDT / MDB / PSB / FEDERAÇÃO BRASIL DA ESPERANÇA - FE BRASIL (13-PT / 65-PC do B / 43-PV) / FEDERAÇÃO RENOVAÇÃO SOLIDÁRIA (25-PRD / 77-SOLIDARIEDADE) / DC
2026;GO;VICE-GOVERNADOR;PSOL;50-PSOL/18-REDE;PDT / PSB / FEDERAÇÃO BRASIL DA ESPERANÇA - FE BRASIL (13-PT / 65-PC do B / 43-PV) / FEDERAÇÃO PSOL REDE (50-PSOL / 18-REDE)
2026;RN;2º SUPLENTE;PT;13-PT/65-PC do B/43-PV;PDT / PSB / FEDERAÇÃO BRASIL DA ESPERANÇA - FE BRASIL (13-PT / 65-PC do B / 43-PV)
2026;PR;DEPUTADO FEDERAL;PT;13-PT/65-PC do B/43-PV;FEDERAÇÃO BRASIL DA ESPERANÇA - FE BRASIL (13-PT / 65-PC do B / 43-PV)
2026;CE;DEPUTADO ESTADUAL;PODE;#NULO;PODE
2026;AC;GOVERNADOR;AVANTE;#NULO;REPUBLICANOS / NOVO / PSD / AVANTE
2026;SC;VICE-GOVERNADOR;CIDADANIA;45-PSDB/23-CIDADANIA;AVANTE / AGIR / DC / FEDERAÇÃO PSDB CIDADANIA (45-PSDB / 23-CIDADANIA) / NOVO / REPUBLICANOS / PODE / PL
2026;AL;1º SUPLENTE;PSD;#NULO;MDB / PODE / AGIR / PSB / PSD / AVANTE / FEDERAÇÃO BRASIL DA ESPERANÇA - FE BRASIL (13-PT / 65-PC do B / 43-PV)
2026;AP;2º SUPLENTE;PV;13-PT/65-PC do B/43-PV;REPUBLICANOS / PDT / AGIR / FEDERAÇÃO UNIÃO PROGRESSISTA (44-UNIÃO / 11-PP) / FEDERAÇÃO PSDB CIDADANIA (45-PSDB / 23-CIDADANIA) / FEDERAÇÃO BRASIL DA ESPERANÇA - FE BRASIL (13-PT / 65-PC do B / 43-PV) / FEDERAÇÃO RENOVAÇÃO SOLIDÁRIA (25-PRD / 77-SOLIDARIEDADE)
2026;PR;SENADOR;REDE;50-PSOL/18-REDE;PDT / FEDERAÇÃO BRASIL DA ESPERANÇA - FE BRASIL (13-PT / 65-PC do B / 43-PV) / FEDERAÇÃO PSOL REDE (50-PSOL / 18-REDE) / FEDERAÇÃO RENOVAÇÃO SOLIDÁRIA (25-PRD / 77-SOLIDARIEDADE)
2026;MG;VICE-GOVERNADOR;PT;13-PT/65-PC do B/43-PV;PSB / FEDERAÇÃO BRASIL DA ESPERANÇA - FE BRASIL (13-PT / 65-PC do B / 43-PV) / FEDERAÇÃO PSOL REDE (50-PSOL / 18-REDE)
2026;PR;1º SUPLENTE;PSOL;50-PSOL/18-REDE;PDT / FEDERAÇÃO BRASIL DA ESPERANÇA - FE BRASIL (13-PT / 65-PC do B / 43-PV) / FEDERAÇÃO PSOL REDE (50-PSOL / 18-REDE) / FEDERAÇÃO RENOVAÇÃO SOLIDÁRIA (25-PRD / 77-SOLIDARIEDADE)
2026;RS;DEPUTADO ESTADUAL;NOVO;#NULO;NOVO
2026;SC;DEPUTADO ESTADUAL;AGIR;#NULO;AGIR
2026;RJ;1º SUPLENTE;UP;#NULO;UP
2026;CE;VICE-GOVERNADOR;UNIÃO;44-UNIÃO/11-PP;PL / FEDERAÇÃO PSDB CIDADANIA (45-PSDB / 23-CIDADANIA) / FEDERAÇÃO UNIÃO PROGRESSISTA (44-UNIÃO / 11-PP) / DC / AVANTE
2026;AL;1º SUPLENTE;PRD;25-PRD/77-SOLIDARIEDADE;PDT / PL / FEDERAÇÃO PSDB CIDADANIA (45-PSDB / 23-CIDADANIA) / FEDERAÇÃO RENOVAÇÃO SOLIDÁRIA (25-PRD / 77-SOLIDARIEDADE) / FEDERAÇÃO UNIÃO PROGRESSISTA (44-UNIÃO / 11-PP) / DC
2026;DF;2º SUPLENTE;PRD;25-PRD/77-SOLIDARIEDADE;REPUBLICANOS / MDB / PODE / PL / FEDERAÇÃO RENOVAÇÃO SOLIDÁRIA (25-PRD / 77-SOLIDARIEDADE) / FEDERAÇÃO UNIÃO PROGRESSISTA (44-UNIÃO / 11-PP) / DC / MOBILIZA / DEMOCRATA
2026;ES;2º SUPLENTE;MDB;#NULO;PDT / MDB / PODE / AGIR / PSB / FEDERAÇÃO PSDB CIDADANIA (45-PSDB / 23-CIDADANIA) / FEDERAÇÃO UNIÃO PROGRESSISTA (44-UNIÃO / 11-PP)
2026;DF;DEPUTADO DISTRITAL;PRD;25-PRD/77-SOLIDARIEDADE;FEDERAÇÃO RENOVAÇÃO SOLIDÁRIA (25-PRD / 77-SOLIDARIEDADE)
2026;GO;DEPUTADO FEDERAL;REPUBLICANOS;#NULO;REPUBLICANOS
2026;SP;SENADOR;UNIÃO;44-UNIÃO/11-PP;FEDERAÇÃO UNIÃO PROGRESSISTA (44-UNIÃO / 11-PP) / REPUBLICANOS / PL / MDB / DEMOCRATA / PSD / FEDERAÇÃO RENOVAÇÃO SOLIDÁRIA (25-PRD / 77-SOLIDARIEDADE) / AVANTE
2026;PB;DEPUTADO FEDERAL;MOBILIZA;#NULO;MOBILIZA
2026;DF;GOVERNADOR;PSB;#NULO;PSB
2026;RJ;DEPUTADO FEDERAL;DEMOCRATA;#NULO;DEMOCRATA
2026;RN;VICE-GOVERNADOR;AGIR;#NULO;AGIR
2026;ES;VICE-GOVERNADOR;DEMOCRATA;#NULO;REPUBLICANOS / PL / DEMOCRATA
2026;RR;DEPUTADO FEDERAL;PT;13-PT/65-PC do B/43-PV;FEDERAÇÃO BRASIL DA ESPERANÇA - FE BRASIL (13-PT / 65-PC do B / 43-PV)
2026;AL;1º SUPLENTE;CIDADANIA;45-PSDB/23-CIDADANIA;PDT / PL / FEDERAÇÃO PSDB CIDADANIA (45-PSDB / 23-CIDADANIA) / FEDERAÇÃO RENOVAÇÃO SOLIDÁRIA (25-PRD / 77-SOLIDARIEDADE) / FEDERAÇÃO UNIÃO PROGRESSISTA (44-UNIÃO / 11-PP) / DC
2026;RS;2º SUPLENTE;REPUBLICANOS;#NULO;REPUBLICANOS / PODE / DC / NOVO / PL / FEDERAÇÃO UNIÃO PROGRESSISTA (44-UNIÃO / 11-PP)
2026;RS;SENADOR;PSTU;#NULO;PSTU
2026;PE;1º SUPLENTE;CIDADANIA;45-PSDB/23-CIDADANIA;PODE / PSD / AVANTE / FEDERAÇÃO PSDB CIDADANIA (45-PSDB / 23-CIDADANIA) / FEDERAÇÃO UNIÃO PROGRESSISTA (44-UNIÃO / 11-PP)
2026;RO;SENADOR;PCDOB;13-PT/65-PC do B/43-PV;FEDERAÇÃO BRASIL DA ESPERANÇA - FE BRASIL (13-PT / 65-PC do B / 43-PV)
2026;RR;VICE-GOVERNADOR;PSD;#NULO;REPUBLICANOS / PODE / AGIR / PSD / FEDERAÇÃO UNIÃO PROGRESSISTA (44-UNIÃO / 11-PP)
2026;TO;DEPUTADO ESTADUAL;REPUBLICANOS;#NULO;REPUBLICANOS
2026;MT;SENADOR;PV;13-PT/65-PC do B/43-PV;PDT / PSB / PSD / FEDERAÇÃO BRASIL DA ESPERANÇA - FE BRASIL (13-PT / 65-PC do B / 43-PV) / FEDERAÇÃO PSOL REDE (50-PSOL / 18-REDE)
2026;ES;SENADOR;PDT;#NULO;PDT / MDB / PODE / AGIR / PSB / FEDERAÇÃO PSDB CIDADANIA (45-PSDB / 23-CIDADANIA) / FEDERAÇÃO UNIÃO PROGRESSISTA (44-UNIÃO / 11-PP)
2026;AP;2º SUPLENTE;NOVO;#NULO;PODE / PL / NOVO / PSD
2026;AL;SENADOR;AVANTE;#NULO;MDB / PODE / AGIR / PSB / PSD / AVANTE / FEDERAÇÃO BRASIL DA ESPERANÇA - FE BRASIL (13-PT / 65-PC do B / 43-PV)
2026;AC;2º SUPLENTE;PT;13-PT/65-PC do B/43-PV;PODE / PSB / FEDERAÇÃO BRASIL DA ESPERANÇA - FE BRASIL (13-PT / 65-PC do B / 43-PV)
2026;DF;1º SUPLENTE;PRD;25-PRD/77-SOLIDARIEDADE;REPUBLICANOS / MDB / PODE / PL / FEDERAÇÃO RENOVAÇÃO SOLIDÁRIA (25-PRD / 77-SOLIDARIEDADE) / FEDERAÇÃO UNIÃO PROGRESSISTA (44-UNIÃO / 11-PP) / DC / MOBILIZA / DEMOCRATA
2026;CE;VICE-GOVERNADOR;PSB;#NULO;PSB / PDT / PODE / MOBILIZA / FEDERAÇÃO BRASIL DA ESPERANÇA - FE BRASIL (13-PT / 65-PC do B / 43-PV) / REPUBLICANOS / PSD / MDB / FEDERAÇÃO RENOVAÇÃO SOLIDÁRIA (25-PRD / 77-SOLIDARIEDADE) / FEDERAÇÃO PSOL REDE (50-PSOL / 18-REDE)
2026;PI;1º SUPLENTE;MDB;#NULO;REPUBLICANOS / PDT / MDB / PSD / FEDERAÇÃO BRASIL DA ESPERANÇA - FE BRASIL (13-PT / 65-PC do B / 43-PV)
2026;RN;1º SUPLENTE;PODE;#NULO;PODE / PL / NOVO / FEDERAÇÃO PSDB CIDADANIA (45-PSDB / 23-CIDADANIA) / MOBILIZA
2026;PB;2º SUPLENTE;PP;44-UNIÃO/11-PP;REPUBLICANOS / PODE / MOBILIZA / AGIR / PSB / FEDERAÇÃO BRASIL DA ESPERANÇA - FE BRASIL (13-PT / 65-PC do B / 43-PV) / FEDERAÇÃO RENOVAÇÃO SOLIDÁRIA (25-PRD / 77-SOLIDARIEDADE) / FEDERAÇÃO UNIÃO PROGRESSISTA (44-UNIÃO / 11-PP)
2026;DF;GOVERNADOR;PL;#NULO;REPUBLICANOS / MDB / PODE / PL / DC / MOBILIZA / DEMOCRATA / FEDERAÇÃO RENOVAÇÃO SOLIDÁRIA (25-PRD / 77-SOLIDARIEDADE) / FEDERAÇÃO UNIÃO PROGRESSISTA (44-UNIÃO / 11-PP)
2026;TO;GOVERNADOR;PT;13-PT/65-PC do B/43-PV;PDT / PSB / PSD / FEDERAÇÃO BRASIL DA ESPERANÇA - FE BRASIL (13-PT / 65-PC do B / 43-PV)
2026;RJ;DEPUTADO FEDERAL;NOVO;#NULO;NOVO
2026;AL;DEPUTADO ESTADUAL;CIDADANIA;45-PSDB/23-CIDADANIA;FEDERAÇÃO PSDB CIDADANIA (45-PSDB / 23-CIDADANIA)
2026;GO;GOVERNADOR;PSD;#NULO;REPUBLICANOS / MDB / PODE / MOBILIZA / DEMOCRATA / AGIR / PSD / AVANTE / FEDERAÇÃO RENOVAÇÃO SOLIDÁRIA (25-PRD / 77-SOLIDARIEDADE) / FEDERAÇÃO UNIÃO PROGRESSISTA (44-UNIÃO / 11-PP)
2026;RR;DEPUTADO ESTADUAL;NOVO;#NULO;NOVO
2026;AM;DEPUTADO FEDERAL;PSD;#NULO;PSD
2026;BR;VICE-PRESIDENTE;PCO;#NULO;PCO
2026;PB;GOVERNADOR;PSDB;45-PSDB/23-CIDADANIA;MDB / DEMOCRATA / PSD / FEDERAÇÃO PSDB CIDADANIA (45-PSDB / 23-CIDADANIA) / PDT
2026;BA;2º SUPLENTE;PCDOB;13-PT/65-PC do B/43-PV;PDT / MDB / PSB / PSD / AVANTE / FEDERAÇÃO BRASIL DA ESPERANÇA - FE BRASIL (13-PT / 65-PC do B / 43-PV)
2026;CE;DEPUTADO FEDERAL;UP;#NULO;UP
2026;MS;DEPUTADO FEDERAL;NOVO;#NULO;NOVO
2026;SC;DEPUTADO ESTADUAL;REDE;50-PSOL/18-REDE;FEDERAÇÃO PSOL REDE (50-PSOL / 18-REDE)
2026;MA;DEPUTADO ESTADUAL;REDE;50-PSOL/18-REDE;FEDERAÇÃO PSOL REDE (50-PSOL / 18-REDE)
2026;MG;DEPUTADO ESTADUAL;PT;13-PT/65-PC do B/43-PV;FEDERAÇÃO BRASIL DA ESPERANÇA - FE BRASIL (13-PT / 65-PC do B / 43-PV)
2026;ES;DEPUTADO ESTADUAL;PSOL;50-PSOL/18-REDE;FEDERAÇÃO PSOL REDE (50-PSOL / 18-REDE)
2026;MA;SENADOR;PSB;#NULO;PSB / FEDERAÇÃO BRASIL DA ESPERANÇA - FE BRASIL (13-PT / 65-PC do B / 43-PV) / FEDERAÇÃO PSOL REDE (50-PSOL / 18-REDE)
2026;PB;1º SUPLENTE;MOBILIZA;#NULO;REPUBLICANOS / PODE / MOBILIZA / AGIR / PSB / FEDERAÇÃO BRASIL DA ESPERANÇA - FE BRASIL (13-PT / 65-PC do B / 43-PV) / FEDERAÇÃO RENOVAÇÃO SOLIDÁRIA (25-PRD / 77-SOLIDARIEDADE) / FEDERAÇÃO UNIÃO PROGRESSISTA (44-UNIÃO / 11-PP)
2026;MA;2º SUPLENTE;PV;13-PT/65-PC do B/43-PV;PSB / FEDERAÇÃO BRASIL DA ESPERANÇA - FE BRASIL (13-PT / 65-PC do B / 43-PV) / FEDERAÇÃO PSOL REDE (50-PSOL / 18-REDE)
2026;TO;GOVERNADOR;PSB;#NULO;PDT / PSB / PSD / FEDERAÇÃO BRASIL DA ESPERANÇA - FE BRASIL (13-PT / 65-PC do B / 43-PV)
2026;GO;GOVERNADOR;MDB;#NULO;REPUBLICANOS / MDB / PODE / MOBILIZA / DEMOCRATA / AGIR / PSD / AVANTE / FEDERAÇÃO RENOVAÇÃO SOLIDÁRIA (25-PRD / 77-SOLIDARIEDADE) / FEDERAÇÃO UNIÃO PROGRESSISTA (44-UNIÃO / 11-PP)
2026;AC;1º SUPLENTE;CIDADANIA;45-PSDB/23-CIDADANIA;FEDERAÇÃO PSDB CIDADANIA (45-PSDB / 23-CIDADANIA) / FEDERAÇÃO RENOVAÇÃO SOLIDÁRIA (25-PRD / 77-SOLIDARIEDADE)
2026;PB;VICE-GOVERNADOR;REPUBLICANOS;#NULO;PODE / MOBILIZA / FEDERAÇÃO BRASIL DA ESPERANÇA - FE BRASIL (13-PT / 65-PC do B / 43-PV) / AGIR / FEDERAÇÃO RENOVAÇÃO SOLIDÁRIA (25-PRD / 77-SOLIDARIEDADE) / FEDERAÇÃO UNIÃO PROGRESSISTA (44-UNIÃO / 11-PP) / REPUBLICANOS / PSB
2026;AC;GOVERNADOR;CIDADANIA;45-PSDB/23-CIDADANIA;FEDERAÇÃO RENOVAÇÃO SOLIDÁRIA (25-PRD / 77-SOLIDARIEDADE) / FEDERAÇÃO PSDB CIDADANIA (45-PSDB / 23-CIDADANIA)
2026;PA;DEPUTADO ESTADUAL;PCDOB;13-PT/65-PC do B/43-PV;FEDERAÇÃO BRASIL DA ESPERANÇA - FE BRASIL (13-PT / 65-PC do B / 43-PV)
2026;PR;VICE-GOVERNADOR;REPUBLICANOS;#NULO;REPUBLICANOS / MDB / DEMOCRATA / PSD / AVANTE / FEDERAÇÃO PSDB CIDADANIA (45-PSDB / 23-CIDADANIA) / FEDERAÇÃO UNIÃO PROGRESSISTA (44-UNIÃO / 11-PP)
2026;MT;SENADOR;NOVO;#NULO;MDB / PL / NOVO / FEDERAÇÃO RENOVAÇÃO SOLIDÁRIA (25-PRD / 77-SOLIDARIEDADE)
2026;MA;2º SUPLENTE;CIDADANIA;45-PSDB/23-CIDADANIA;FEDERAÇÃO PSDB CIDADANIA (45-PSDB / 23-CIDADANIA) / FEDERAÇÃO UNIÃO PROGRESSISTA (44-UNIÃO / 11-PP)
2026;DF;VICE-GOVERNADOR;PL;#NULO;REPUBLICANOS / MDB / PODE / PL / DC / MOBILIZA / DEMOCRATA / FEDERAÇÃO RENOVAÇÃO SOLIDÁRIA (25-PRD / 77-SOLIDARIEDADE) / FEDERAÇÃO UNIÃO PROGRESSISTA (44-UNIÃO / 11-PP)
2026;PE;2º SUPLENTE;AVANTE;#NULO;PODE / PSD / AVANTE / FEDERAÇÃO PSDB CIDADANIA (45-PSDB / 23-CIDADANIA) / FEDERAÇÃO UNIÃO PROGRESSISTA (44-UNIÃO / 11-PP)
2026;BA;VICE-GOVERNADOR;CIDADANIA;45-PSDB/23-CIDADANIA;REPUBLICANOS / PODE / PL / FEDERAÇÃO PSDB CIDADANIA (45-PSDB / 23-CIDADANIA) / FEDERAÇÃO RENOVAÇÃO SOLIDÁRIA (25-PRD / 77-SOLIDARIEDADE) / FEDERAÇÃO UNIÃO PROGRESSISTA (44-UNIÃO / 11-PP) / NOVO
2026;GO;GOVERNADOR;NOVO;#NULO;PL / NOVO
2026;MA;VICE-GOVERNADOR;SOLIDARIEDADE;25-PRD/77-SOLIDARIEDADE;MDB / PDT / REPUBLICANOS / PODE / FEDERAÇÃO RENOVAÇÃO SOLIDÁRIA (25-PRD / 77-SOLIDARIEDADE)
2026;SC;GOVERNADOR;REPUBLICANOS;#NULO;AVANTE / AGIR / DC / FEDERAÇÃO PSDB CIDADANIA (45-PSDB / 23-CIDADANIA) / NOVO / REPUBLICANOS / PODE / PL
2026;GO;GOVERNADOR;PDT;#NULO;PDT / PSB / FEDERAÇÃO BRASIL DA ESPERANÇA - FE BRASIL (13-PT / 65-PC do B / 43-PV) / FEDERAÇÃO PSOL REDE (50-PSOL / 18-REDE)
2026;SC;1º SUPLENTE;REDE;50-PSOL/18-REDE;PDT / PSB / FEDERAÇÃO BRASIL DA ESPERANÇA - FE BRASIL (13-PT / 65-PC do B / 43-PV) / FEDERAÇÃO PSOL REDE (50-PSOL / 18-REDE)
2026;DF;DEPUTADO DISTRITAL;PSOL;50-PSOL/18-REDE;FEDERAÇÃO PSOL REDE (50-PSOL / 18-REDE)
2026;RS;DEPUTADO FEDERAL;PSDB;45-PSDB/23-CIDADANIA;FEDERAÇÃO PSDB CIDADANIA (45-PSDB / 23-CIDADANIA)
2026;AC;DEPUTADO FEDERAL;PV;13-PT/65-PC do B/43-PV;FEDERAÇÃO BRASIL DA ESPERANÇA - FE BRASIL (13-PT / 65-PC do B / 43-PV)
2026;MT;DEPUTADO FEDERAL;DC;#NULO;DC
2026;SE;1º SUPLENTE;REDE;50-PSOL/18-REDE;FEDERAÇÃO PSOL REDE (50-PSOL / 18-REDE)
2026;RO;1º SUPLENTE;PV;13-PT/65-PC do B/43-PV;FEDERAÇÃO BRASIL DA ESPERANÇA - FE BRASIL (13-PT / 65-PC do B / 43-PV)
2026;RJ;SENADOR;REPUBLICANOS;#NULO;REPUBLICANOS
2026;PB;2º SUPLENTE;NOVO;#NULO;NOVO
2026;AC;1º SUPLENTE;REDE;50-PSOL/18-REDE;FEDERAÇÃO PSOL REDE (50-PSOL / 18-REDE)
2026;RN;VICE-GOVERNADOR;DC;#NULO;DC
2026;PE;SENADOR;DC;#NULO;REPUBLICANOS / PDT / MDB / DC / PSB / FEDERAÇÃO BRASIL DA ESPERANÇA - FE BRASIL (13-PT / 65-PC do B / 43-PV) / FEDERAÇÃO RENOVAÇÃO SOLIDÁRIA (25-PRD / 77-SOLIDARIEDADE)
2026;SP;2º SUPLENTE;SOLIDARIEDADE;25-PRD/77-SOLIDARIEDADE;FEDERAÇÃO UNIÃO PROGRESSISTA (44-UNIÃO / 11-PP) / REPUBLICANOS / PL / MDB / DEMOCRATA / PSD / FEDERAÇÃO RENOVAÇÃO SOLIDÁRIA (25-PRD / 77-SOLIDARIEDADE) / AVANTE
2026;PB;1º SUPLENTE;SOLIDARIEDADE;25-PRD/77-SOLIDARIEDADE;REPUBLICANOS / PODE / MOBILIZA / AGIR / PSB / FEDERAÇÃO BRASIL DA ESPERANÇA - FE BRASIL (13-PT / 65-PC do B / 43-PV) / FEDERAÇÃO RENOVAÇÃO SOLIDÁRIA (25-PRD / 77-SOLIDARIEDADE) / FEDERAÇÃO UNIÃO PROGRESSISTA (44-UNIÃO / 11-PP)
2026;SP;1º SUPLENTE;PSD;#NULO;FEDERAÇÃO UNIÃO PROGRESSISTA (44-UNIÃO / 11-PP) / REPUBLICANOS / PL / MDB / DEMOCRATA / PSD / FEDERAÇÃO RENOVAÇÃO SOLIDÁRIA (25-PRD / 77-SOLIDARIEDADE) / AVANTE
2026;SP;DEPUTADO FEDERAL;PDT;#NULO;PDT
2026;AM;GOVERNADOR;UNIÃO;44-UNIÃO/11-PP;PSB / FEDERAÇÃO UNIÃO PROGRESSISTA (44-UNIÃO / 11-PP) / PODE
2026;SP;DEPUTADO FEDERAL;AGIR;#NULO;AGIR
2026;PB;2º SUPLENTE;PSD;#NULO;MDB / DEMOCRATA / PSD / FEDERAÇÃO PSDB CIDADANIA (45-PSDB / 23-CIDADANIA) / PDT
2026;MA;1º SUPLENTE;PL;#NULO;PL
2026;SP;1º SUPLENTE;PCO;#NULO;PCO
2026;AL;2º SUPLENTE;PV;13-PT/65-PC do B/43-PV;MDB / PODE / AGIR / PSB / PSD / AVANTE / FEDERAÇÃO BRASIL DA ESPERANÇA - FE BRASIL (13-PT / 65-PC do B / 43-PV)
2026;RN;2º SUPLENTE;PSDB;45-PSDB/23-CIDADANIA;PODE / PL / NOVO / FEDERAÇÃO PSDB CIDADANIA (45-PSDB / 23-CIDADANIA) / MOBILIZA
2026;RJ;1º SUPLENTE;PRD;25-PRD/77-SOLIDARIEDADE;PDT / MDB / DC / FEDERAÇÃO BRASIL DA ESPERANÇA - FE BRASIL (13-PT / 65-PC do B / 43-PV) / PSB / PSD / FEDERAÇÃO PSDB CIDADANIA (45-PSDB / 23-CIDADANIA) / FEDERAÇÃO RENOVAÇÃO SOLIDÁRIA (25-PRD / 77-SOLIDARIEDADE)
2026;MT;GOVERNADOR;MISSÃO;#NULO;MISSÃO
2026;AP;DEPUTADO ESTADUAL;REPUBLICANOS;#NULO;REPUBLICANOS
2026;CE;GOVERNADOR;PCDOB;13-PT/65-PC do B/43-PV;PSB / PDT / PODE / MOBILIZA / FEDERAÇÃO BRASIL DA ESPERANÇA - FE BRASIL (13-PT / 65-PC do B / 43-PV) / REPUBLICANOS / PSD / MDB / FEDERAÇÃO RENOVAÇÃO SOLIDÁRIA (25-PRD / 77-SOLIDARIEDADE) / FEDERAÇÃO PSOL REDE (50-PSOL / 18-REDE)
2026;RO;1º SUPLENTE;PODE;#NULO;PODE / PL / DC / NOVO / MOBILIZA
2026;RS;DEPUTADO ESTADUAL;PSOL;50-PSOL/18-REDE;FEDERAÇÃO PSOL REDE (50-PSOL / 18-REDE)
2026;RN;GOVERNADOR;PSDB;45-PSDB/23-CIDADANIA;PODE / PL / NOVO / FEDERAÇÃO PSDB CIDADANIA (45-PSDB / 23-CIDADANIA) / MOBILIZA
2026;MG;SENADOR;PSDB;45-PSDB/23-CIDADANIA;PDT / FEDERAÇÃO PSDB CIDADANIA (45-PSDB / 23-CIDADANIA)
2026;SC;1º SUPLENTE;PDT;#NULO;PDT / PSB / FEDERAÇÃO BRASIL DA ESPERANÇA - FE BRASIL (13-PT / 65-PC do B / 43-PV) / FEDERAÇÃO PSOL REDE (50-PSOL / 18-REDE)
2026;RJ;DEPUTADO ESTADUAL;REDE;50-PSOL/18-REDE;FEDERAÇÃO PSOL REDE (50-PSOL / 18-REDE)
2026;RJ;DEPUTADO ESTADUAL;CIDADANIA;45-PSDB/23-CIDADANIA;FEDERAÇÃO PSDB CIDADANIA (45-PSDB / 23-CIDADANIA)
2026;PE;GOVERNADOR;UP;#NULO;UP
2026;PE;DEPUTADO FEDERAL;PSDB;45-PSDB/23-CIDADANIA;FEDERAÇÃO PSDB CIDADANIA (45-PSDB / 23-CIDADANIA)
2026;RO;SENADOR;PV;13-PT/65-PC do B/43-PV;FEDERAÇÃO BRASIL DA ESPERANÇA - FE BRASIL (13-PT / 65-PC do B / 43-PV)
2026;BR;VICE-PRESIDENTE;DC;#NULO;DC
2026;AC;2º SUPLENTE;PODE;#NULO;PODE / PSB / FEDERAÇÃO BRASIL DA ESPERANÇA - FE BRASIL (13-PT / 65-PC do B / 43-PV)
2026;PR;GOVERNADOR;PDT;#NULO;PDT / FEDERAÇÃO BRASIL DA ESPERANÇA - FE BRASIL (13-PT / 65-PC do B / 43-PV) / FEDERAÇÃO PSOL REDE (50-PSOL / 18-REDE) / FEDERAÇÃO RENOVAÇÃO SOLIDÁRIA (25-PRD / 77-SOLIDARIEDADE)
2026;MT;2º SUPLENTE;PSDB;45-PSDB/23-CIDADANIA;REPUBLICANOS / PODE / FEDERAÇÃO PSDB CIDADANIA (45-PSDB / 23-CIDADANIA) / FEDERAÇÃO UNIÃO PROGRESSISTA (44-UNIÃO / 11-PP)
2026;RN;VICE-GOVERNADOR;AVANTE;#NULO;REPUBLICANOS / MDB / PSD / AVANTE / FEDERAÇÃO RENOVAÇÃO SOLIDÁRIA (25-PRD / 77-SOLIDARIEDADE) / FEDERAÇÃO UNIÃO PROGRESSISTA (44-UNIÃO / 11-PP)
2026;DF;DEPUTADO DISTRITAL;MDB;#NULO;MDB
2026;PI;VICE-GOVERNADOR;AVANTE;#NULO;AVANTE
2026;PA;SENADOR;PRD;25-PRD/77-SOLIDARIEDADE;FEDERAÇÃO RENOVAÇÃO SOLIDÁRIA (25-PRD / 77-SOLIDARIEDADE)
2026;DF;SENADOR;PSTU;#NULO;PSTU
2026;ES;2º SUPLENTE;REDE;50-PSOL/18-REDE;FEDERAÇÃO PSOL REDE (50-PSOL / 18-REDE)
2026;SC;DEPUTADO FEDERAL;PDT;#NULO;PDT
2026;PB;GOVERNADOR;PSB;#NULO;PODE / MOBILIZA / FEDERAÇÃO BRASIL DA ESPERANÇA - FE BRASIL (13-PT / 65-PC do B / 43-PV) / AGIR / FEDERAÇÃO RENOVAÇÃO SOLIDÁRIA (25-PRD / 77-SOLIDARIEDADE) / FEDERAÇÃO UNIÃO PROGRESSISTA (44-UNIÃO / 11-PP) / REPUBLICANOS / PSB
2026;CE;VICE-GOVERNADOR;REPUBLICANOS;#NULO;PSB / PDT / PODE / MOBILIZA / FEDERAÇÃO BRASIL DA ESPERANÇA - FE BRASIL (13-PT / 65-PC do B / 43-PV) / REPUBLICANOS / PSD / MDB / FEDERAÇÃO RENOVAÇÃO SOLIDÁRIA (25-PRD / 77-SOLIDARIEDADE) / FEDERAÇÃO PSOL REDE (50-PSOL / 18-REDE)
2026;MT;2º SUPLENTE;MDB;#NULO;MDB / PL / NOVO / FEDERAÇÃO RENOVAÇÃO SOLIDÁRIA (25-PRD / 77-SOLIDARIEDADE)
2026;MG;SENADOR;PSB;#NULO;PSB / FEDERAÇÃO BRASIL DA ESPERANÇA - FE BRASIL (13-PT / 65-PC do B / 43-PV) / FEDERAÇÃO PSOL REDE (50-PSOL / 18-REDE)
2026;RN;SENADOR;PSD;#NULO;REPUBLICANOS / MDB / PSD / FEDERAÇÃO RENOVAÇÃO SOLIDÁRIA (25-PRD / 77-SOLIDARIEDADE) / FEDERAÇÃO UNIÃO PROGRESSISTA (44-UNIÃO / 11-PP) / AVANTE
2026;PA;GOVERNADOR;PCDOB;13-PT/65-PC do B/43-PV;REPUBLICANOS / MDB / PSB / PSD / AVANTE / FEDERAÇÃO PSDB CIDADANIA (45-PSDB / 23-CIDADANIA) / FEDERAÇÃO BRASIL DA ESPERANÇA - FE BRASIL (13-PT / 65-PC do B / 43-PV) / FEDERAÇÃO UNIÃO PROGRESSISTA (44-UNIÃO / 11-PP)
2026;MA;DEPUTADO FEDERAL;PSB;#NULO;PSB
2026;PR;2º SUPLENTE;PV;13-PT/65-PC do B/43-PV;PDT / FEDERAÇÃO BRASIL DA ESPERANÇA - FE BRASIL (13-PT / 65-PC do B / 43-PV) / FEDERAÇÃO PSOL REDE (50-PSOL / 18-REDE) / FEDERAÇÃO RENOVAÇÃO SOLIDÁRIA (25-PRD / 77-SOLIDARIEDADE)
2026;MT;SENADOR;PRD;25-PRD/77-SOLIDARIEDADE;MDB / PL / NOVO / FEDERAÇÃO RENOVAÇÃO SOLIDÁRIA (25-PRD / 77-SOLIDARIEDADE)
2026;DF;VICE-GOVERNADOR;REDE;50-PSOL/18-REDE;PDT / FEDERAÇÃO BRASIL DA ESPERANÇA - FE BRASIL (13-PT / 65-PC do B / 43-PV) / FEDERAÇÃO PSOL REDE (50-PSOL / 18-REDE)
2026;PI;SENADOR;PDT;#NULO;REPUBLICANOS / PDT / MDB / PSD / FEDERAÇÃO BRASIL DA ESPERANÇA - FE BRASIL (13-PT / 65-PC do B / 43-PV)
2026;PI;DEPUTADO FEDERAL;PCO;#NULO;PCO
2026;MA;DEPUTADO FEDERAL;PSD;#NULO;PSD
2026;DF;DEPUTADO DISTRITAL;PL;#NULO;PL
2026;GO;DEPUTADO FEDERAL;NOVO;#NULO;NOVO
2026;SP;DEPUTADO ESTADUAL;DEMOCRATA;#NULO;DEMOCRATA
2026;SP;DEPUTADO FEDERAL;AVANTE;#NULO;AVANTE
2026;PB;SENADOR;NOVO;#NULO;NOVO
2026;SC;SENADOR;PCDOB;13-PT/65-PC do B/43-PV;PDT / PSB / FEDERAÇÃO BRASIL DA ESPERANÇA - FE BRASIL (13-PT / 65-PC do B / 43-PV) / FEDERAÇÃO PSOL REDE (50-PSOL / 18-REDE)
2026;DF;GOVERNADOR;PRTB;#NULO;PRTB
2026;AM;DEPUTADO ESTADUAL;PL;#NULO;PL
2026;ES;DEPUTADO FEDERAL;PV;13-PT/65-PC do B/43-PV;FEDERAÇÃO BRASIL DA ESPERANÇA - FE BRASIL (13-PT / 65-PC do B / 43-PV)
2026;PR;1º SUPLENTE;PODE;#NULO;PODE / PL / NOVO
2026;PB;DEPUTADO FEDERAL;UNIÃO;44-UNIÃO/11-PP;FEDERAÇÃO UNIÃO PROGRESSISTA (44-UNIÃO / 11-PP)
2026;PR;GOVERNADOR;MISSÃO;#NULO;MISSÃO
2026;RJ;SENADOR;PSOL;50-PSOL/18-REDE;FEDERAÇÃO PSOL REDE (50-PSOL / 18-REDE)
2026;SE;1º SUPLENTE;PODE;#NULO;PODE / PL / NOVO
2026;AC;GOVERNADOR;PP;44-UNIÃO/11-PP;PDT / MDB / PL / DEMOCRATA / FEDERAÇÃO UNIÃO PROGRESSISTA (44-UNIÃO / 11-PP)
2026;RO;2º SUPLENTE;NOVO;#NULO;PODE / PL / DC / NOVO / MOBILIZA
2026;MS;2º SUPLENTE;MDB;#NULO;PL / FEDERAÇÃO UNIÃO PROGRESSISTA (44-UNIÃO / 11-PP) / REPUBLICANOS / FEDERAÇÃO PSDB CIDADANIA (45-PSDB / 23-CIDADANIA) / PSD / MDB / PODE / AVANTE
2026;BA;GOVERNADOR;NOVO;#NULO;REPUBLICANOS / PODE / PL / FEDERAÇÃO PSDB CIDADANIA (45-PSDB / 23-CIDADANIA) / FEDERAÇÃO RENOVAÇÃO SOLIDÁRIA (25-PRD / 77-SOLIDARIEDADE) / FEDERAÇÃO UNIÃO PROGRESSISTA (44-UNIÃO / 11-PP) / NOVO
2026;PE;DEPUTADO ESTADUAL;PSOL;50-PSOL/18-REDE;FEDERAÇÃO PSOL REDE (50-PSOL / 18-REDE)
2026;PI;DEPUTADO FEDERAL;PSD;#NULO;PSD
2026;PR;GOVERNADOR;UP;#NULO;UP
2026;ES;2º SUPLENTE;UNIÃO;44-UNIÃO/11-PP;PDT / MDB / PODE / AGIR / PSB / FEDERAÇÃO PSDB CIDADANIA (45-PSDB / 23-CIDADANIA) / FEDERAÇÃO UNIÃO PROGRESSISTA (44-UNIÃO / 11-PP)
2026;CE;1º SUPLENTE;AVANTE;#NULO;PL / DC / AVANTE / FEDERAÇÃO PSDB CIDADANIA (45-PSDB / 23-CIDADANIA) / FEDERAÇÃO UNIÃO PROGRESSISTA (44-UNIÃO / 11-PP)
2026;AL;GOVERNADOR;PDT;#NULO;PDT / PL / DC / FEDERAÇÃO PSDB CIDADANIA (45-PSDB / 23-CIDADANIA) / FEDERAÇÃO RENOVAÇÃO SOLIDÁRIA (25-PRD / 77-SOLIDARIEDADE) / FEDERAÇÃO UNIÃO PROGRESSISTA (44-UNIÃO / 11-PP)
2026;RR;DEPUTADO ESTADUAL;REPUBLICANOS;#NULO;REPUBLICANOS
2026;GO;2º SUPLENTE;MDB;#NULO;MDB
2026;AC;GOVERNADOR;PT;13-PT/65-PC do B/43-PV;PODE / PSB / FEDERAÇÃO BRASIL DA ESPERANÇA - FE BRASIL (13-PT / 65-PC do B / 43-PV)
2026;RS;DEPUTADO ESTADUAL;PP;44-UNIÃO/11-PP;FEDERAÇÃO UNIÃO PROGRESSISTA (44-UNIÃO / 11-PP)
2026;CE;2º SUPLENTE;PCO;#NULO;PCO
2026;MG;2º SUPLENTE;PCO;#NULO;PCO
2026;DF;DEPUTADO FEDERAL;PCDOB;13-PT/65-PC do B/43-PV;FEDERAÇÃO BRASIL DA ESPERANÇA - FE BRASIL (13-PT / 65-PC do B / 43-PV)
2026;RS;DEPUTADO FEDERAL;SOLIDARIEDADE;25-PRD/77-SOLIDARIEDADE;FEDERAÇÃO RENOVAÇÃO SOLIDÁRIA (25-PRD / 77-SOLIDARIEDADE)
2026;AC;DEPUTADO ESTADUAL;CIDADANIA;45-PSDB/23-CIDADANIA;FEDERAÇÃO PSDB CIDADANIA (45-PSDB / 23-CIDADANIA)
2026;PE;1º SUPLENTE;PCB;#NULO;PCB / FEDERAÇÃO PSOL REDE (50-PSOL / 18-REDE)
2026;MA;DEPUTADO FEDERAL;PRD;25-PRD/77-SOLIDARIEDADE;FEDERAÇÃO RENOVAÇÃO SOLIDÁRIA (25-PRD / 77-SOLIDARIEDADE)
2026;TO;DEPUTADO FEDERAL;PL;#NULO;PL
2026;BA;1º SUPLENTE;REDE;50-PSOL/18-REDE;FEDERAÇÃO PSOL REDE (50-PSOL / 18-REDE)
2026;TO;GOVERNADOR;DC;#NULO;DC
2026;MT;DEPUTADO ESTADUAL;PDT;#NULO;PDT
2026;SP;DEPUTADO ESTADUAL;PP;44-UNIÃO/11-PP;FEDERAÇÃO UNIÃO PROGRESSISTA (44-UNIÃO / 11-PP)
2026;BA;VICE-GOVERNADOR;REDE;50-PSOL/18-REDE;FEDERAÇÃO PSOL REDE (50-PSOL / 18-REDE)
2026;PA;DEPUTADO ESTADUAL;PRD;25-PRD/77-SOLIDARIEDADE;FEDERAÇÃO RENOVAÇÃO SOLIDÁRIA (25-PRD / 77-SOLIDARIEDADE)
2026;MG;GOVERNADOR;PV;13-PT/65-PC do B/43-PV;PSB / FEDERAÇÃO BRASIL DA ESPERANÇA - FE BRASIL (13-PT / 65-PC do B / 43-PV) / FEDERAÇÃO PSOL REDE (50-PSOL / 18-REDE)
2026;RN;1º SUPLENTE;REDE;50-PSOL/18-REDE;FEDERAÇÃO PSOL REDE (50-PSOL / 18-REDE)
2026;AL;GOVERNADOR;PSDB;45-PSDB/23-CIDADANIA;PDT / PL / DC / FEDERAÇÃO PSDB CIDADANIA (45-PSDB / 23-CIDADANIA) / FEDERAÇÃO RENOVAÇÃO SOLIDÁRIA (25-PRD / 77-SOLIDARIEDADE) / FEDERAÇÃO UNIÃO PROGRESSISTA (44-UNIÃO / 11-PP)
2026;MA;1º SUPLENTE;UNIÃO;44-UNIÃO/11-PP;FEDERAÇÃO PSDB CIDADANIA (45-PSDB / 23-CIDADANIA) / FEDERAÇÃO UNIÃO PROGRESSISTA (44-UNIÃO / 11-PP)
2026;PB;1º SUPLENTE;PODE;#NULO;REPUBLICANOS / PODE / MOBILIZA / AGIR / PSB / FEDERAÇÃO BRASIL DA ESPERANÇA - FE BRASIL (13-PT / 65-PC do B / 43-PV) / FEDERAÇÃO RENOVAÇÃO SOLIDÁRIA (25-PRD / 77-SOLIDARIEDADE) / FEDERAÇÃO UNIÃO PROGRESSISTA (44-UNIÃO / 11-PP)
2026;BA;GOVERNADOR;PL;#NULO;REPUBLICANOS / PODE / PL / FEDERAÇÃO PSDB CIDADANIA (45-PSDB / 23-CIDADANIA) / FEDERAÇÃO RENOVAÇÃO SOLIDÁRIA (25-PRD / 77-SOLIDARIEDADE) / FEDERAÇÃO UNIÃO PROGRESSISTA (44-UNIÃO / 11-PP) / NOVO
2026;MA;SENADOR;PCDOB;13-PT/65-PC do B/43-PV;PSB / FEDERAÇÃO BRASIL DA ESPERANÇA - FE BRASIL (13-PT / 65-PC do B / 43-PV) / FEDERAÇÃO PSOL REDE (50-PSOL / 18-REDE)
2026;RO;VICE-GOVERNADOR;PDT;#NULO;PDT / MDB
2026;MS;2º SUPLENTE;PCDOB;13-PT/65-PC do B/43-PV;PDT / PSB / FEDERAÇÃO BRASIL DA ESPERANÇA - FE BRASIL (13-PT / 65-PC do B / 43-PV)
2026;RN;DEPUTADO FEDERAL;MOBILIZA;#NULO;MOBILIZA
2026;RS;2º SUPLENTE;PCDOB;13-PT/65-PC do B/43-PV;PDT / PSB / AVANTE / FEDERAÇÃO BRASIL DA ESPERANÇA - FE BRASIL (13-PT / 65-PC do B / 43-PV) / FEDERAÇÃO PSOL REDE (50-PSOL / 18-REDE)
2026;AM;SENADOR;PV;13-PT/65-PC do B/43-PV;REPUBLICANOS / MDB / PSD / FEDERAÇÃO BRASIL DA ESPERANÇA - FE BRASIL (13-PT / 65-PC do B / 43-PV)
2026;PA;VICE-GOVERNADOR;AVANTE;#NULO;REPUBLICANOS / MDB / PSB / PSD / AVANTE / FEDERAÇÃO PSDB CIDADANIA (45-PSDB / 23-CIDADANIA) / FEDERAÇÃO BRASIL DA ESPERANÇA - FE BRASIL (13-PT / 65-PC do B / 43-PV) / FEDERAÇÃO UNIÃO PROGRESSISTA (44-UNIÃO / 11-PP)
2026;CE;1º SUPLENTE;PSD;#NULO;PDT / PODE / PSB / PSD / FEDERAÇÃO BRASIL DA ESPERANÇA - FE BRASIL (13-PT / 65-PC do B / 43-PV) / FEDERAÇÃO PSOL REDE (50-PSOL / 18-REDE) / FEDERAÇÃO RENOVAÇÃO SOLIDÁRIA (25-PRD / 77-SOLIDARIEDADE) / REPUBLICANOS / MDB / MOBILIZA
2026;AC;2º SUPLENTE;DEMOCRATA;#NULO;PDT / MDB / PL / DEMOCRATA / FEDERAÇÃO UNIÃO PROGRESSISTA (44-UNIÃO / 11-PP)
2026;ES;2º SUPLENTE;PSD;#NULO;PSD
2026;SP;SENADOR;PSTU;#NULO;PSTU
2026;AM;DEPUTADO FEDERAL;PODE;#NULO;PODE
2026;BA;GOVERNADOR;PSOL;50-PSOL/18-REDE;FEDERAÇÃO PSOL REDE (50-PSOL / 18-REDE)
2026;MA;DEPUTADO ESTADUAL;AVANTE;#NULO;AVANTE
2026;BA;2º SUPLENTE;DC;#NULO;DC
2026;SP;DEPUTADO FEDERAL;UNIÃO;44-UNIÃO/11-PP;FEDERAÇÃO UNIÃO PROGRESSISTA (44-UNIÃO / 11-PP)
2026;RR;2º SUPLENTE;PCDOB;13-PT/65-PC do B/43-PV;FEDERAÇÃO BRASIL DA ESPERANÇA - FE BRASIL (13-PT / 65-PC do B / 43-PV)
2026;TO;DEPUTADO FEDERAL;PP;44-UNIÃO/11-PP;FEDERAÇÃO UNIÃO PROGRESSISTA (44-UNIÃO / 11-PP)
2026;BA;DEPUTADO FEDERAL;PV;13-PT/65-PC do B/43-PV;FEDERAÇÃO BRASIL DA ESPERANÇA - FE BRASIL (13-PT / 65-PC do B / 43-PV)
2026;DF;DEPUTADO FEDERAL;MDB;#NULO;MDB
2026;PB;GOVERNADOR;DC;#NULO;DC
2026;MA;2º SUPLENTE;UNIÃO;44-UNIÃO/11-PP;FEDERAÇÃO PSDB CIDADANIA (45-PSDB / 23-CIDADANIA) / FEDERAÇÃO UNIÃO PROGRESSISTA (44-UNIÃO / 11-PP)
2026;RO;1º SUPLENTE;NOVO;#NULO;PODE / PL / DC / NOVO / MOBILIZA
2026;TO;VICE-GOVERNADOR;PRD;25-PRD/77-SOLIDARIEDADE;REPUBLICANOS / PODE / AVANTE / PL / FEDERAÇÃO RENOVAÇÃO SOLIDÁRIA (25-PRD / 77-SOLIDARIEDADE) / FEDERAÇÃO UNIÃO PROGRESSISTA (44-UNIÃO / 11-PP)
2026;DF;2º SUPLENTE;PT;13-PT/65-PC do B/43-PV;PDT / FEDERAÇÃO BRASIL DA ESPERANÇA - FE BRASIL (13-PT / 65-PC do B / 43-PV) / FEDERAÇÃO PSOL REDE (50-PSOL / 18-REDE)
2026;RS;SENADOR;MDB;#NULO;MDB / PSD / FEDERAÇÃO RENOVAÇÃO SOLIDÁRIA (25-PRD / 77-SOLIDARIEDADE)
2026;AC;2º SUPLENTE;PSDB;45-PSDB/23-CIDADANIA;FEDERAÇÃO PSDB CIDADANIA (45-PSDB / 23-CIDADANIA) / FEDERAÇÃO RENOVAÇÃO SOLIDÁRIA (25-PRD / 77-SOLIDARIEDADE)
2026;SP;GOVERNADOR;PDT;#NULO;PDT / PSB / FEDERAÇÃO BRASIL DA ESPERANÇA - FE BRASIL (13-PT / 65-PC do B / 43-PV) / FEDERAÇÃO PSOL REDE (50-PSOL / 18-REDE)
2026;SP;GOVERNADOR;REPUBLICANOS;#NULO;REPUBLICANOS / PL / MDB / DEMOCRATA / AVANTE / PSD / FEDERAÇÃO RENOVAÇÃO SOLIDÁRIA (25-PRD / 77-SOLIDARIEDADE) / FEDERAÇÃO UNIÃO PROGRESSISTA (44-UNIÃO / 11-PP)
2026;ES;1º SUPLENTE;CIDADANIA;45-PSDB/23-CIDADANIA;PDT / MDB / PODE / AGIR / PSB / FEDERAÇÃO PSDB CIDADANIA (45-PSDB / 23-CIDADANIA) / FEDERAÇÃO UNIÃO PROGRESSISTA (44-UNIÃO / 11-PP)
2026;MG;DEPUTADO FEDERAL;PSDB;45-PSDB/23-CIDADANIA;FEDERAÇÃO PSDB CIDADANIA (45-PSDB / 23-CIDADANIA)
2026;MS;2º SUPLENTE;AVANTE;#NULO;PL / FEDERAÇÃO UNIÃO PROGRESSISTA (44-UNIÃO / 11-PP) / REPUBLICANOS / FEDERAÇÃO PSDB CIDADANIA (45-PSDB / 23-CIDADANIA) / PSD / MDB / PODE / AVANTE
2026;PE;SENADOR;MDB;#NULO;REPUBLICANOS / PDT / MDB / DC / PSB / FEDERAÇÃO BRASIL DA ESPERANÇA - FE BRASIL (13-PT / 65-PC do B / 43-PV) / FEDERAÇÃO RENOVAÇÃO SOLIDÁRIA (25-PRD / 77-SOLIDARIEDADE)
2026;GO;VICE-GOVERNADOR;PSDB;45-PSDB/23-CIDADANIA;DC / FEDERAÇÃO PSDB CIDADANIA (45-PSDB / 23-CIDADANIA)
2026;PI;DEPUTADO FEDERAL;PDT;#NULO;PDT
2026;GO;DEPUTADO ESTADUAL;PRD;25-PRD/77-SOLIDARIEDADE;FEDERAÇÃO RENOVAÇÃO SOLIDÁRIA (25-PRD / 77-SOLIDARIEDADE)
2026;AP;2º SUPLENTE;PT;13-PT/65-PC do B/43-PV;REPUBLICANOS / PDT / AGIR / FEDERAÇÃO UNIÃO PROGRESSISTA (44-UNIÃO / 11-PP) / FEDERAÇÃO PSDB CIDADANIA (45-PSDB / 23-CIDADANIA) / FEDERAÇÃO BRASIL DA ESPERANÇA - FE BRASIL (13-PT / 65-PC do B / 43-PV) / FEDERAÇÃO RENOVAÇÃO SOLIDÁRIA (25-PRD / 77-SOLIDARIEDADE)
2026;MA;2º SUPLENTE;MDB;#NULO;REPUBLICANOS / PDT / MDB / PODE / FEDERAÇÃO RENOVAÇÃO SOLIDÁRIA (25-PRD / 77-SOLIDARIEDADE)
2026;PI;2º SUPLENTE;PCDOB;13-PT/65-PC do B/43-PV;REPUBLICANOS / PDT / MDB / PSD / FEDERAÇÃO BRASIL DA ESPERANÇA - FE BRASIL (13-PT / 65-PC do B / 43-PV)
2026;RO;2º SUPLENTE;UNIÃO;44-UNIÃO/11-PP;REPUBLICANOS / FEDERAÇÃO UNIÃO PROGRESSISTA (44-UNIÃO / 11-PP)
2026;AP;SENADOR;PP;44-UNIÃO/11-PP;REPUBLICANOS / PDT / AGIR / FEDERAÇÃO UNIÃO PROGRESSISTA (44-UNIÃO / 11-PP) / FEDERAÇÃO PSDB CIDADANIA (45-PSDB / 23-CIDADANIA) / FEDERAÇÃO BRASIL DA ESPERANÇA - FE BRASIL (13-PT / 65-PC do B / 43-PV) / FEDERAÇÃO RENOVAÇÃO SOLIDÁRIA (25-PRD / 77-SOLIDARIEDADE)
2026;PA;SENADOR;PODE;#NULO;PODE
2026;AM;DEPUTADO ESTADUAL;PT;13-PT/65-PC do B/43-PV;FEDERAÇÃO BRASIL DA ESPERANÇA - FE BRASIL (13-PT / 65-PC do B / 43-PV)
2026;MG;VICE-GOVERNADOR;UP;#NULO;UP
2026;RS;1º SUPLENTE;PCDOB;13-PT/65-PC do B/43-PV;PDT / PSB / AVANTE / FEDERAÇÃO BRASIL DA ESPERANÇA - FE BRASIL (13-PT / 65-PC do B / 43-PV) / FEDERAÇÃO PSOL REDE (50-PSOL / 18-REDE)
2026;BA;SENADOR;PV;13-PT/65-PC do B/43-PV;PDT / MDB / PSB / PSD / AVANTE / FEDERAÇÃO BRASIL DA ESPERANÇA - FE BRASIL (13-PT / 65-PC do B / 43-PV)
2026;BA;SENADOR;PRD;25-PRD/77-SOLIDARIEDADE;REPUBLICANOS / PODE / PL / FEDERAÇÃO PSDB CIDADANIA (45-PSDB / 23-CIDADANIA) / FEDERAÇÃO UNIÃO PROGRESSISTA (44-UNIÃO / 11-PP) / FEDERAÇÃO RENOVAÇÃO SOLIDÁRIA (25-PRD / 77-SOLIDARIEDADE) / NOVO
2026;RJ;DEPUTADO FEDERAL;PT;13-PT/65-PC do B/43-PV;FEDERAÇÃO BRASIL DA ESPERANÇA - FE BRASIL (13-PT / 65-PC do B / 43-PV)
2026;BA;VICE-GOVERNADOR;PCO;#NULO;PCO
2026;MA;2º SUPLENTE;PSDB;45-PSDB/23-CIDADANIA;FEDERAÇÃO PSDB CIDADANIA (45-PSDB / 23-CIDADANIA) / FEDERAÇÃO UNIÃO PROGRESSISTA (44-UNIÃO / 11-PP)
2026;PE;GOVERNADOR;AVANTE;#NULO;PODE / PSD / AVANTE / FEDERAÇÃO PSDB CIDADANIA (45-PSDB / 23-CIDADANIA) / FEDERAÇÃO UNIÃO PROGRESSISTA (44-UNIÃO / 11-PP)
2026;AM;2º SUPLENTE;PSD;#NULO;REPUBLICANOS / MDB / PSD / FEDERAÇÃO BRASIL DA ESPERANÇA - FE BRASIL (13-PT / 65-PC do B / 43-PV)
2026;MG;VICE-GOVERNADOR;NOVO;#NULO;PSD / FEDERAÇÃO UNIÃO PROGRESSISTA (44-UNIÃO / 11-PP) / NOVO / AVANTE / FEDERAÇÃO RENOVAÇÃO SOLIDÁRIA (25-PRD / 77-SOLIDARIEDADE) / MOBILIZA / DC / AGIR
2026;TO;VICE-GOVERNADOR;PCDOB;13-PT/65-PC do B/43-PV;PDT / PSB / PSD / FEDERAÇÃO BRASIL DA ESPERANÇA - FE BRASIL (13-PT / 65-PC do B / 43-PV)
2026;RS;GOVERNADOR;PT;13-PT/65-PC do B/43-PV;PDT / PSB / AVANTE / FEDERAÇÃO BRASIL DA ESPERANÇA - FE BRASIL (13-PT / 65-PC do B / 43-PV) / FEDERAÇÃO PSOL REDE (50-PSOL / 18-REDE)
2026;PB;1º SUPLENTE;PDT;#NULO;MDB / DEMOCRATA / PSD / FEDERAÇÃO PSDB CIDADANIA (45-PSDB / 23-CIDADANIA) / PDT
2026;GO;SENADOR;NOVO;#NULO;PL / NOVO
2026;RR;SENADOR;PRD;25-PRD/77-SOLIDARIEDADE;AVANTE / FEDERAÇÃO RENOVAÇÃO SOLIDÁRIA (25-PRD / 77-SOLIDARIEDADE)
2026;CE;SENADOR;PSOL;50-PSOL/18-REDE;PDT / PODE / PSB / PSD / FEDERAÇÃO BRASIL DA ESPERANÇA - FE BRASIL (13-PT / 65-PC do B / 43-PV) / FEDERAÇÃO PSOL REDE (50-PSOL / 18-REDE) / FEDERAÇÃO RENOVAÇÃO SOLIDÁRIA (25-PRD / 77-SOLIDARIEDADE) / REPUBLICANOS / MDB / MOBILIZA
2026;RO;DEPUTADO FEDERAL;MDB;#NULO;MDB
2026;GO;2º SUPLENTE;NOVO;#NULO;PL / NOVO
2026;MA;DEPUTADO ESTADUAL;NOVO;#NULO;NOVO
2026;DF;DEPUTADO DISTRITAL;DC;#NULO;DC
2026;PR;DEPUTADO ESTADUAL;REPUBLICANOS;#NULO;REPUBLICANOS
2026;MS;DEPUTADO ESTADUAL;AVANTE;#NULO;AVANTE
2026;PB;DEPUTADO FEDERAL;REDE;50-PSOL/18-REDE;FEDERAÇÃO PSOL REDE (50-PSOL / 18-REDE)
2026;SC;1º SUPLENTE;UP;#NULO;UP
2026;PE;1º SUPLENTE;PSTU;#NULO;PSTU
2026;BA;VICE-GOVERNADOR;UP;#NULO;UP
2026;SP;DEPUTADO ESTADUAL;PSB;#NULO;PSB
2026;MS;2º SUPLENTE;PODE;#NULO;PL / FEDERAÇÃO UNIÃO PROGRESSISTA (44-UNIÃO / 11-PP) / REPUBLICANOS / FEDERAÇÃO PSDB CIDADANIA (45-PSDB / 23-CIDADANIA) / PSD / MDB / PODE / AVANTE
2026;PR;DEPUTADO ESTADUAL;PV;13-PT/65-PC do B/43-PV;FEDERAÇÃO BRASIL DA ESPERANÇA - FE BRASIL (13-PT / 65-PC do B / 43-PV)
2026;AM;DEPUTADO ESTADUAL;PSTU;#NULO;PSTU
2026;MT;DEPUTADO ESTADUAL;PL;#NULO;PL
2026;RR;2º SUPLENTE;NOVO;#NULO;NOVO
2026;AC;VICE-GOVERNADOR;SOLIDARIEDADE;25-PRD/77-SOLIDARIEDADE;FEDERAÇÃO RENOVAÇÃO SOLIDÁRIA (25-PRD / 77-SOLIDARIEDADE) / FEDERAÇÃO PSDB CIDADANIA (45-PSDB / 23-CIDADANIA)
2026;SC;DEPUTADO FEDERAL;REDE;50-PSOL/18-REDE;FEDERAÇÃO PSOL REDE (50-PSOL / 18-REDE)
2026;MA;2º SUPLENTE;PCB;#NULO;PCB
2026;MT;1º SUPLENTE;PODE;#NULO;REPUBLICANOS / PODE / FEDERAÇÃO PSDB CIDADANIA (45-PSDB / 23-CIDADANIA) / FEDERAÇÃO UNIÃO PROGRESSISTA (44-UNIÃO / 11-PP)
2026;RO;2º SUPLENTE;PDT;#NULO;PDT / MDB
2026;RO;1º SUPLENTE;PRD;25-PRD/77-SOLIDARIEDADE;PSD / AVANTE / FEDERAÇÃO RENOVAÇÃO SOLIDÁRIA (25-PRD / 77-SOLIDARIEDADE)
2026;SP;2º SUPLENTE;PCDOB;13-PT/65-PC do B/43-PV;PDT / PSB / FEDERAÇÃO BRASIL DA ESPERANÇA - FE BRASIL (13-PT / 65-PC do B / 43-PV) / FEDERAÇÃO PSOL REDE (50-PSOL / 18-REDE)
2026;PB;SENADOR;REPUBLICANOS;#NULO;REPUBLICANOS / PODE / MOBILIZA / AGIR / PSB / FEDERAÇÃO BRASIL DA ESPERANÇA - FE BRASIL (13-PT / 65-PC do B / 43-PV) / FEDERAÇÃO RENOVAÇÃO SOLIDÁRIA (25-PRD / 77-SOLIDARIEDADE) / FEDERAÇÃO UNIÃO PROGRESSISTA (44-UNIÃO / 11-PP)
2026;SP;2º SUPLENTE;REDE;50-PSOL/18-REDE;PDT / PSB / FEDERAÇÃO BRASIL DA ESPERANÇA - FE BRASIL (13-PT / 65-PC do B / 43-PV) / FEDERAÇÃO PSOL REDE (50-PSOL / 18-REDE)
2026;PE;1º SUPLENTE;MDB;#NULO;REPUBLICANOS / PDT / MDB / DC / PSB / FEDERAÇÃO BRASIL DA ESPERANÇA - FE BRASIL (13-PT / 65-PC do B / 43-PV) / FEDERAÇÃO RENOVAÇÃO SOLIDÁRIA (25-PRD / 77-SOLIDARIEDADE)
2026;MS;DEPUTADO ESTADUAL;SOLIDARIEDADE;25-PRD/77-SOLIDARIEDADE;FEDERAÇÃO RENOVAÇÃO SOLIDÁRIA (25-PRD / 77-SOLIDARIEDADE)
2026;MT;DEPUTADO FEDERAL;PRD;25-PRD/77-SOLIDARIEDADE;FEDERAÇÃO RENOVAÇÃO SOLIDÁRIA (25-PRD / 77-SOLIDARIEDADE)
2026;GO;DEPUTADO ESTADUAL;PV;13-PT/65-PC do B/43-PV;FEDERAÇÃO BRASIL DA ESPERANÇA - FE BRASIL (13-PT / 65-PC do B / 43-PV)
2026;RS;VICE-GOVERNADOR;PSTU;#NULO;PSTU
2026;AL;1º SUPLENTE;AGIR;#NULO;MDB / PODE / AGIR / PSB / PSD / AVANTE / FEDERAÇÃO BRASIL DA ESPERANÇA - FE BRASIL (13-PT / 65-PC do B / 43-PV)
2026;AP;1º SUPLENTE;PSD;#NULO;PODE / PL / NOVO / PSD
2026;RR;SENADOR;PCDOB;13-PT/65-PC do B/43-PV;FEDERAÇÃO BRASIL DA ESPERANÇA - FE BRASIL (13-PT / 65-PC do B / 43-PV)
2026;AP;VICE-GOVERNADOR;PCO;#NULO;PCO
2026;AC;SENADOR;PSOL;50-PSOL/18-REDE;FEDERAÇÃO PSOL REDE (50-PSOL / 18-REDE)
2026;RN;GOVERNADOR;PL;#NULO;PODE / PL / NOVO / FEDERAÇÃO PSDB CIDADANIA (45-PSDB / 23-CIDADANIA) / MOBILIZA
2026;BA;1º SUPLENTE;PDT;#NULO;PDT / MDB / PSB / PSD / AVANTE / FEDERAÇÃO BRASIL DA ESPERANÇA - FE BRASIL (13-PT / 65-PC do B / 43-PV)
2026;DF;SENADOR;UNIÃO;44-UNIÃO/11-PP;REPUBLICANOS / MDB / PODE / PL / FEDERAÇÃO RENOVAÇÃO SOLIDÁRIA (25-PRD / 77-SOLIDARIEDADE) / FEDERAÇÃO UNIÃO PROGRESSISTA (44-UNIÃO / 11-PP) / DC / MOBILIZA / DEMOCRATA
2026;DF;SENADOR;PT;13-PT/65-PC do B/43-PV;PDT / FEDERAÇÃO BRASIL DA ESPERANÇA - FE BRASIL (13-PT / 65-PC do B / 43-PV) / FEDERAÇÃO PSOL REDE (50-PSOL / 18-REDE)
2026;MS;VICE-GOVERNADOR;PP;44-UNIÃO/11-PP;FEDERAÇÃO UNIÃO PROGRESSISTA (44-UNIÃO / 11-PP) / PL / FEDERAÇÃO PSDB CIDADANIA (45-PSDB / 23-CIDADANIA) / PODE / AVANTE / REPUBLICANOS / PSD / MDB
2026;AP;GOVERNADOR;PL;#NULO;NOVO / PSD / PODE / PL
2026;RJ;1º SUPLENTE;MDB;#NULO;PDT / MDB / DC / FEDERAÇÃO BRASIL DA ESPERANÇA - FE BRASIL (13-PT / 65-PC do B / 43-PV) / PSB / PSD / FEDERAÇÃO PSDB CIDADANIA (45-PSDB / 23-CIDADANIA) / FEDERAÇÃO RENOVAÇÃO SOLIDÁRIA (25-PRD / 77-SOLIDARIEDADE)
2026;ES;2º SUPLENTE;NOVO;#NULO;NOVO
2026;BA;VICE-GOVERNADOR;PV;13-PT/65-PC do B/43-PV;PDT / MDB / PSB / PSD / AVANTE / FEDERAÇÃO BRASIL DA ESPERANÇA - FE BRASIL (13-PT / 65-PC do B / 43-PV)
2026;GO;2º SUPLENTE;PSB;#NULO;PDT / PSB / FEDERAÇÃO BRASIL DA ESPERANÇA - FE BRASIL (13-PT / 65-PC do B / 43-PV) / FEDERAÇÃO PSOL REDE (50-PSOL / 18-REDE)
2026;DF;VICE-GOVERNADOR;PDT;#NULO;PDT / FEDERAÇÃO BRASIL DA ESPERANÇA - FE BRASIL (13-PT / 65-PC do B / 43-PV) / FEDERAÇÃO PSOL REDE (50-PSOL / 18-REDE)
2026;AL;1º SUPLENTE;UNIÃO;44-UNIÃO/11-PP;PDT / PL / FEDERAÇÃO PSDB CIDADANIA (45-PSDB / 23-CIDADANIA) / FEDERAÇÃO RENOVAÇÃO SOLIDÁRIA (25-PRD / 77-SOLIDARIEDADE) / FEDERAÇÃO UNIÃO PROGRESSISTA (44-UNIÃO / 11-PP) / DC
2026;MT;VICE-GOVERNADOR;REPUBLICANOS;#NULO;FEDERAÇÃO PSDB CIDADANIA (45-PSDB / 23-CIDADANIA) / REPUBLICANOS / FEDERAÇÃO UNIÃO PROGRESSISTA (44-UNIÃO / 11-PP) / PODE
2026;SC;1º SUPLENTE;REPUBLICANOS;#NULO;REPUBLICANOS / PODE / PL / DC / NOVO / AGIR / AVANTE / FEDERAÇÃO PSDB CIDADANIA (45-PSDB / 23-CIDADANIA)
2026;MT;2º SUPLENTE;PRD;25-PRD/77-SOLIDARIEDADE;MDB / PL / NOVO / FEDERAÇÃO RENOVAÇÃO SOLIDÁRIA (25-PRD / 77-SOLIDARIEDADE)
2026;SC;VICE-GOVERNADOR;UP;#NULO;UP
2026;CE;SENADOR;PCO;#NULO;PCO
2026;PE;DEPUTADO FEDERAL;NOVO;#NULO;NOVO
2026;MT;2º SUPLENTE;AGIR;#NULO;AGIR
2026;SC;VICE-GOVERNADOR;PSTU;#NULO;PSTU
2026;AM;VICE-GOVERNADOR;UNIÃO;44-UNIÃO/11-PP;PSB / FEDERAÇÃO UNIÃO PROGRESSISTA (44-UNIÃO / 11-PP) / PODE
2026;BR;PRESIDENTE;PCO;#NULO;PCO
2026;AC;DEPUTADO ESTADUAL;PT;13-PT/65-PC do B/43-PV;FEDERAÇÃO BRASIL DA ESPERANÇA - FE BRASIL (13-PT / 65-PC do B / 43-PV)
2026;PB;VICE-GOVERNADOR;MOBILIZA;#NULO;PODE / MOBILIZA / FEDERAÇÃO BRASIL DA ESPERANÇA - FE BRASIL (13-PT / 65-PC do B / 43-PV) / AGIR / FEDERAÇÃO RENOVAÇÃO SOLIDÁRIA (25-PRD / 77-SOLIDARIEDADE) / FEDERAÇÃO UNIÃO PROGRESSISTA (44-UNIÃO / 11-PP) / REPUBLICANOS / PSB
2026;SC;1º SUPLENTE;CIDADANIA;45-PSDB/23-CIDADANIA;REPUBLICANOS / PODE / PL / DC / NOVO / AGIR / AVANTE / FEDERAÇÃO PSDB CIDADANIA (45-PSDB / 23-CIDADANIA)
2026;CE;SENADOR;AVANTE;#NULO;PL / DC / AVANTE / FEDERAÇÃO PSDB CIDADANIA (45-PSDB / 23-CIDADANIA) / FEDERAÇÃO UNIÃO PROGRESSISTA (44-UNIÃO / 11-PP)
2026;MS;DEPUTADO ESTADUAL;PRD;25-PRD/77-SOLIDARIEDADE;FEDERAÇÃO RENOVAÇÃO SOLIDÁRIA (25-PRD / 77-SOLIDARIEDADE)
2026;RR;DEPUTADO ESTADUAL;PSDB;45-PSDB/23-CIDADANIA;FEDERAÇÃO PSDB CIDADANIA (45-PSDB / 23-CIDADANIA)
2026;RJ;VICE-GOVERNADOR;PSOL;50-PSOL/18-REDE;FEDERAÇÃO PSOL REDE (50-PSOL / 18-REDE)
2026;AC;GOVERNADOR;PSDB;45-PSDB/23-CIDADANIA;FEDERAÇÃO RENOVAÇÃO SOLIDÁRIA (25-PRD / 77-SOLIDARIEDADE) / FEDERAÇÃO PSDB CIDADANIA (45-PSDB / 23-CIDADANIA)
2026;MS;VICE-GOVERNADOR;PSD;#NULO;FEDERAÇÃO UNIÃO PROGRESSISTA (44-UNIÃO / 11-PP) / PL / FEDERAÇÃO PSDB CIDADANIA (45-PSDB / 23-CIDADANIA) / PODE / AVANTE / REPUBLICANOS / PSD / MDB
2026;CE;SENADOR;SOLIDARIEDADE;25-PRD/77-SOLIDARIEDADE;PDT / PODE / PSB / PSD / FEDERAÇÃO BRASIL DA ESPERANÇA - FE BRASIL (13-PT / 65-PC do B / 43-PV) / FEDERAÇÃO PSOL REDE (50-PSOL / 18-REDE) / FEDERAÇÃO RENOVAÇÃO SOLIDÁRIA (25-PRD / 77-SOLIDARIEDADE) / REPUBLICANOS / MDB / MOBILIZA
2026;DF;VICE-GOVERNADOR;REPUBLICANOS;#NULO;REPUBLICANOS / MDB / PODE / PL / DC / MOBILIZA / DEMOCRATA / FEDERAÇÃO RENOVAÇÃO SOLIDÁRIA (25-PRD / 77-SOLIDARIEDADE) / FEDERAÇÃO UNIÃO PROGRESSISTA (44-UNIÃO / 11-PP)
2026;RR;SENADOR;PP;44-UNIÃO/11-PP;REPUBLICANOS / PODE / AGIR / PSD / FEDERAÇÃO UNIÃO PROGRESSISTA (44-UNIÃO / 11-PP)
2026;RN;DEPUTADO ESTADUAL;CIDADANIA;45-PSDB/23-CIDADANIA;FEDERAÇÃO PSDB CIDADANIA (45-PSDB / 23-CIDADANIA)
2026;DF;DEPUTADO FEDERAL;AGIR;#NULO;AGIR
2026;AL;DEPUTADO FEDERAL;PCDOB;13-PT/65-PC do B/43-PV;FEDERAÇÃO BRASIL DA ESPERANÇA - FE BRASIL (13-PT / 65-PC do B / 43-PV)
2026;AM;DEPUTADO FEDERAL;PCDOB;13-PT/65-PC do B/43-PV;FEDERAÇÃO BRASIL DA ESPERANÇA - FE BRASIL (13-PT / 65-PC do B / 43-PV)
2026;RS;1º SUPLENTE;PSDB;45-PSDB/23-CIDADANIA;FEDERAÇÃO PSDB CIDADANIA (45-PSDB / 23-CIDADANIA)
2026;MT;DEPUTADO FEDERAL;PODE;#NULO;PODE
2026;SC;GOVERNADOR;PSTU;#NULO;PSTU
2026;MA;2º SUPLENTE;PCDOB;13-PT/65-PC do B/43-PV;PSB / FEDERAÇÃO BRASIL DA ESPERANÇA - FE BRASIL (13-PT / 65-PC do B / 43-PV) / FEDERAÇÃO PSOL REDE (50-PSOL / 18-REDE)
2026;RS;VICE-GOVERNADOR;DC;#NULO;REPUBLICANOS / PODE / PL / DC / NOVO / FEDERAÇÃO UNIÃO PROGRESSISTA (44-UNIÃO / 11-PP)
2026;MS;DEPUTADO FEDERAL;PV;13-PT/65-PC do B/43-PV;FEDERAÇÃO BRASIL DA ESPERANÇA - FE BRASIL (13-PT / 65-PC do B / 43-PV)
2026;PB;GOVERNADOR;PCO;#NULO;PCO
2026;SE;DEPUTADO FEDERAL;PL;#NULO;PL
2026;PI;DEPUTADO FEDERAL;UNIÃO;44-UNIÃO/11-PP;FEDERAÇÃO UNIÃO PROGRESSISTA (44-UNIÃO / 11-PP)
2026;RO;VICE-GOVERNADOR;AVANTE;#NULO;PSD / AVANTE / FEDERAÇÃO RENOVAÇÃO SOLIDÁRIA (25-PRD / 77-SOLIDARIEDADE)
2026;PA;GOVERNADOR;DC;#NULO;PODE / PL / DC / NOVO / FEDERAÇÃO RENOVAÇÃO SOLIDÁRIA (25-PRD / 77-SOLIDARIEDADE)
2026;AL;VICE-GOVERNADOR;PSD;#NULO;MDB / PODE / AGIR / PSB / PSD / AVANTE / FEDERAÇÃO BRASIL DA ESPERANÇA - FE BRASIL (13-PT / 65-PC do B / 43-PV)
2026;PE;GOVERNADOR;PP;44-UNIÃO/11-PP;PODE / PSD / AVANTE / FEDERAÇÃO PSDB CIDADANIA (45-PSDB / 23-CIDADANIA) / FEDERAÇÃO UNIÃO PROGRESSISTA (44-UNIÃO / 11-PP)
2026;GO;DEPUTADO ESTADUAL;REPUBLICANOS;#NULO;REPUBLICANOS
2026;RS;SENADOR;PCO;#NULO;PCO
2026;BR;VICE-PRESIDENTE;PCDOB;13-PT/65-PC do B/43-PV;PSB / PDT / FEDERAÇÃO BRASIL DA ESPERANÇA - FE BRASIL (13-PT / 65-PC do B / 43-PV) / FEDERAÇÃO PSOL REDE (50-PSOL / 18-REDE)
2026;RN;SENADOR;NOVO;#NULO;PODE / PL / NOVO / FEDERAÇÃO PSDB CIDADANIA (45-PSDB / 23-CIDADANIA) / MOBILIZA
2026;SE;1º SUPLENTE;PV;13-PT/65-PC do B/43-PV;PSB / PSD / FEDERAÇÃO BRASIL DA ESPERANÇA - FE BRASIL (13-PT / 65-PC do B / 43-PV) / FEDERAÇÃO UNIÃO PROGRESSISTA (44-UNIÃO / 11-PP)
2026;RN;GOVERNADOR;NOVO;#NULO;PODE / PL / NOVO / FEDERAÇÃO PSDB CIDADANIA (45-PSDB / 23-CIDADANIA) / MOBILIZA
2026;RJ;1º SUPLENTE;REPUBLICANOS;#NULO;REPUBLICANOS
2026;MS;GOVERNADOR;PL;#NULO;FEDERAÇÃO UNIÃO PROGRESSISTA (44-UNIÃO / 11-PP) / PL / FEDERAÇÃO PSDB CIDADANIA (45-PSDB / 23-CIDADANIA) / PODE / AVANTE / REPUBLICANOS / PSD / MDB
2026;PR;VICE-GOVERNADOR;PP;44-UNIÃO/11-PP;REPUBLICANOS / MDB / DEMOCRATA / PSD / AVANTE / FEDERAÇÃO PSDB CIDADANIA (45-PSDB / 23-CIDADANIA) / FEDERAÇÃO UNIÃO PROGRESSISTA (44-UNIÃO / 11-PP)
2026;PE;VICE-GOVERNADOR;PP;44-UNIÃO/11-PP;PODE / PSD / AVANTE / FEDERAÇÃO PSDB CIDADANIA (45-PSDB / 23-CIDADANIA) / FEDERAÇÃO UNIÃO PROGRESSISTA (44-UNIÃO / 11-PP)
2026;PB;VICE-GOVERNADOR;PCDOB;13-PT/65-PC do B/43-PV;PODE / MOBILIZA / FEDERAÇÃO BRASIL DA ESPERANÇA - FE BRASIL (13-PT / 65-PC do B / 43-PV) / AGIR / FEDERAÇÃO RENOVAÇÃO SOLIDÁRIA (25-PRD / 77-SOLIDARIEDADE) / FEDERAÇÃO UNIÃO PROGRESSISTA (44-UNIÃO / 11-PP) / REPUBLICANOS / PSB
2026;MG;VICE-GOVERNADOR;AVANTE;#NULO;PSD / FEDERAÇÃO UNIÃO PROGRESSISTA (44-UNIÃO / 11-PP) / NOVO / AVANTE / FEDERAÇÃO RENOVAÇÃO SOLIDÁRIA (25-PRD / 77-SOLIDARIEDADE) / MOBILIZA / DC / AGIR
2026;RO;SENADOR;PSD;#NULO;PSD / AVANTE / FEDERAÇÃO RENOVAÇÃO SOLIDÁRIA (25-PRD / 77-SOLIDARIEDADE)
2026;RN;DEPUTADO FEDERAL;UP;#NULO;UP
2026;MG;DEPUTADO FEDERAL;SOLIDARIEDADE;25-PRD/77-SOLIDARIEDADE;FEDERAÇÃO RENOVAÇÃO SOLIDÁRIA (25-PRD / 77-SOLIDARIEDADE)
2026;PR;DEPUTADO ESTADUAL;UP;#NULO;UP
2026;MT;DEPUTADO FEDERAL;PCDOB;13-PT/65-PC do B/43-PV;FEDERAÇÃO BRASIL DA ESPERANÇA - FE BRASIL (13-PT / 65-PC do B / 43-PV)
2026;RJ;SENADOR;PL;#NULO;PL
2026;ES;SENADOR;PT;13-PT/65-PC do B/43-PV;FEDERAÇÃO BRASIL DA ESPERANÇA - FE BRASIL (13-PT / 65-PC do B / 43-PV)
2026;PE;SENADOR;UNIÃO;44-UNIÃO/11-PP;PODE / PSD / AVANTE / FEDERAÇÃO PSDB CIDADANIA (45-PSDB / 23-CIDADANIA) / FEDERAÇÃO UNIÃO PROGRESSISTA (44-UNIÃO / 11-PP)
2026;RO;2º SUPLENTE;PODE;#NULO;PODE / PL / DC / NOVO / MOBILIZA
2026;PR;1º SUPLENTE;PCO;#NULO;PCO
2026;RO;VICE-GOVERNADOR;PSB;#NULO;PSB
2026;SC;DEPUTADO FEDERAL;UP;#NULO;UP
2026;SE;2º SUPLENTE;PSB;#NULO;PSB / PSD / FEDERAÇÃO BRASIL DA ESPERANÇA - FE BRASIL (13-PT / 65-PC do B / 43-PV) / FEDERAÇÃO UNIÃO PROGRESSISTA (44-UNIÃO / 11-PP)
2026;PA;2º SUPLENTE;PSD;#NULO;PSD / FEDERAÇÃO UNIÃO PROGRESSISTA (44-UNIÃO / 11-PP) / PSB / REPUBLICANOS / FEDERAÇÃO BRASIL DA ESPERANÇA - FE BRASIL (13-PT / 65-PC do B / 43-PV) / FEDERAÇÃO PSDB CIDADANIA (45-PSDB / 23-CIDADANIA) / MDB / AVANTE
2026;RO;2º SUPLENTE;DC;#NULO;PODE / PL / DC / NOVO / MOBILIZA
2026;MT;VICE-GOVERNADOR;PODE;#NULO;FEDERAÇÃO PSDB CIDADANIA (45-PSDB / 23-CIDADANIA) / REPUBLICANOS / FEDERAÇÃO UNIÃO PROGRESSISTA (44-UNIÃO / 11-PP) / PODE
2026;PE;1º SUPLENTE;AVANTE;#NULO;PODE / PSD / AVANTE / FEDERAÇÃO PSDB CIDADANIA (45-PSDB / 23-CIDADANIA) / FEDERAÇÃO UNIÃO PROGRESSISTA (44-UNIÃO / 11-PP)
2026;RN;DEPUTADO ESTADUAL;PCDOB;13-PT/65-PC do B/43-PV;FEDERAÇÃO BRASIL DA ESPERANÇA - FE BRASIL (13-PT / 65-PC do B / 43-PV)
2026;AL;DEPUTADO FEDERAL;PP;44-UNIÃO/11-PP;FEDERAÇÃO UNIÃO PROGRESSISTA (44-UNIÃO / 11-PP)
2026;ES;DEPUTADO FEDERAL;DC;#NULO;DC
2026;MS;DEPUTADO ESTADUAL;PDT;#NULO;PDT
2026;AP;DEPUTADO ESTADUAL;MDB;#NULO;MDB
2026;BA;DEPUTADO ESTADUAL;DC;#NULO;DC
2026;DF;DEPUTADO DISTRITAL;SOLIDARIEDADE;25-PRD/77-SOLIDARIEDADE;FEDERAÇÃO RENOVAÇÃO SOLIDÁRIA (25-PRD / 77-SOLIDARIEDADE)
2026;AM;DEPUTADO FEDERAL;REDE;50-PSOL/18-REDE;FEDERAÇÃO PSOL REDE (50-PSOL / 18-REDE)
2026;PB;DEPUTADO FEDERAL;PSB;#NULO;PSB
2026;GO;SENADOR;PSD;#NULO;PSD
2026;PI;SENADOR;AVANTE;#NULO;AVANTE
2026;PA;DEPUTADO FEDERAL;PL;#NULO;PL
2026;PA;2º SUPLENTE;PP;44-UNIÃO/11-PP;PSD / FEDERAÇÃO UNIÃO PROGRESSISTA (44-UNIÃO / 11-PP) / PSB / REPUBLICANOS / FEDERAÇÃO BRASIL DA ESPERANÇA - FE BRASIL (13-PT / 65-PC do B / 43-PV) / FEDERAÇÃO PSDB CIDADANIA (45-PSDB / 23-CIDADANIA) / MDB / AVANTE
2026;SP;2º SUPLENTE;PSB;#NULO;PDT / PSB / FEDERAÇÃO BRASIL DA ESPERANÇA - FE BRASIL (13-PT / 65-PC do B / 43-PV) / FEDERAÇÃO PSOL REDE (50-PSOL / 18-REDE)
2026;PE;GOVERNADOR;PV;13-PT/65-PC do B/43-PV;REPUBLICANOS / PDT / MDB / PSB / FEDERAÇÃO BRASIL DA ESPERANÇA - FE BRASIL (13-PT / 65-PC do B / 43-PV) / FEDERAÇÃO RENOVAÇÃO SOLIDÁRIA (25-PRD / 77-SOLIDARIEDADE) / DC
2026;ES;SENADOR;PRTB;#NULO;PRTB
2026;SC;2º SUPLENTE;PSTU;#NULO;PSTU
2026;BR;PRESIDENTE;AVANTE;#NULO;AGIR / AVANTE
2026;MT;SENADOR;CIDADANIA;45-PSDB/23-CIDADANIA;REPUBLICANOS / PODE / FEDERAÇÃO PSDB CIDADANIA (45-PSDB / 23-CIDADANIA) / FEDERAÇÃO UNIÃO PROGRESSISTA (44-UNIÃO / 11-PP)
2026;BA;VICE-GOVERNADOR;MDB;#NULO;PDT / MDB / PSB / PSD / AVANTE / FEDERAÇÃO BRASIL DA ESPERANÇA - FE BRASIL (13-PT / 65-PC do B / 43-PV)
2026;RJ;GOVERNADOR;PV;13-PT/65-PC do B/43-PV;PDT / MDB / DC / PSB / PSD / FEDERAÇÃO PSDB CIDADANIA (45-PSDB / 23-CIDADANIA) / FEDERAÇÃO BRASIL DA ESPERANÇA - FE BRASIL (13-PT / 65-PC do B / 43-PV) / FEDERAÇÃO RENOVAÇÃO SOLIDÁRIA (25-PRD / 77-SOLIDARIEDADE)
2026;RJ;GOVERNADOR;MDB;#NULO;PDT / MDB / DC / PSB / PSD / FEDERAÇÃO PSDB CIDADANIA (45-PSDB / 23-CIDADANIA) / FEDERAÇÃO BRASIL DA ESPERANÇA - FE BRASIL (13-PT / 65-PC do B / 43-PV) / FEDERAÇÃO RENOVAÇÃO SOLIDÁRIA (25-PRD / 77-SOLIDARIEDADE)
2026;AP;SENADOR;PL;#NULO;PODE / PL / NOVO / PSD
2026;AC;VICE-GOVERNADOR;DEMOCRATA;#NULO;PDT / MDB / PL / DEMOCRATA / FEDERAÇÃO UNIÃO PROGRESSISTA (44-UNIÃO / 11-PP)
2026;MA;DEPUTADO ESTADUAL;PDT;#NULO;PDT
2026;PI;1º SUPLENTE;PSOL;50-PSOL/18-REDE;FEDERAÇÃO PSOL REDE (50-PSOL / 18-REDE)
2026;PI;DEPUTADO ESTADUAL;PP;44-UNIÃO/11-PP;FEDERAÇÃO UNIÃO PROGRESSISTA (44-UNIÃO / 11-PP)
2026;RR;DEPUTADO FEDERAL;SOLIDARIEDADE;25-PRD/77-SOLIDARIEDADE;FEDERAÇÃO RENOVAÇÃO SOLIDÁRIA (25-PRD / 77-SOLIDARIEDADE)
2026;SP;DEPUTADO FEDERAL;PV;13-PT/65-PC do B/43-PV;FEDERAÇÃO BRASIL DA ESPERANÇA - FE BRASIL (13-PT / 65-PC do B / 43-PV)
2026;MT;GOVERNADOR;PL;#NULO;MDB / PL / NOVO / FEDERAÇÃO RENOVAÇÃO SOLIDÁRIA (25-PRD / 77-SOLIDARIEDADE)
2026;BA;1º SUPLENTE;PRD;25-PRD/77-SOLIDARIEDADE;REPUBLICANOS / PODE / PL / FEDERAÇÃO PSDB CIDADANIA (45-PSDB / 23-CIDADANIA) / FEDERAÇÃO UNIÃO PROGRESSISTA (44-UNIÃO / 11-PP) / FEDERAÇÃO RENOVAÇÃO SOLIDÁRIA (25-PRD / 77-SOLIDARIEDADE) / NOVO
2026;PI;SENADOR;MDB;#NULO;REPUBLICANOS / PDT / MDB / PSD / FEDERAÇÃO BRASIL DA ESPERANÇA - FE BRASIL (13-PT / 65-PC do B / 43-PV)
2026;RS;2º SUPLENTE;PSD;#NULO;MDB / PSD / FEDERAÇÃO RENOVAÇÃO SOLIDÁRIA (25-PRD / 77-SOLIDARIEDADE)
2026;MG;GOVERNADOR;PSB;#NULO;PSB / FEDERAÇÃO BRASIL DA ESPERANÇA - FE BRASIL (13-PT / 65-PC do B / 43-PV) / FEDERAÇÃO PSOL REDE (50-PSOL / 18-REDE)
2026;SC;1º SUPLENTE;PT;13-PT/65-PC do B/43-PV;PDT / PSB / FEDERAÇÃO BRASIL DA ESPERANÇA - FE BRASIL (13-PT / 65-PC do B / 43-PV) / FEDERAÇÃO PSOL REDE (50-PSOL / 18-REDE)
2026;RN;GOVERNADOR;PV;13-PT/65-PC do B/43-PV;PDT / PSB / FEDERAÇÃO BRASIL DA ESPERANÇA - FE BRASIL (13-PT / 65-PC do B / 43-PV)
2026;CE;DEPUTADO ESTADUAL;REDE;50-PSOL/18-REDE;FEDERAÇÃO PSOL REDE (50-PSOL / 18-REDE)
2026;TO;2º SUPLENTE;PDT;#NULO;FEDERAÇÃO BRASIL DA ESPERANÇA - FE BRASIL (13-PT / 65-PC do B / 43-PV) / PDT / PSB / PSD
2026;RS;1º SUPLENTE;SOLIDARIEDADE;25-PRD/77-SOLIDARIEDADE;MDB / PSD / FEDERAÇÃO RENOVAÇÃO SOLIDÁRIA (25-PRD / 77-SOLIDARIEDADE)
2026;GO;VICE-GOVERNADOR;PCDOB;13-PT/65-PC do B/43-PV;PDT / PSB / FEDERAÇÃO BRASIL DA ESPERANÇA - FE BRASIL (13-PT / 65-PC do B / 43-PV) / FEDERAÇÃO PSOL REDE (50-PSOL / 18-REDE)
2026;DF;1º SUPLENTE;PSOL;50-PSOL/18-REDE;PDT / FEDERAÇÃO BRASIL DA ESPERANÇA - FE BRASIL (13-PT / 65-PC do B / 43-PV) / FEDERAÇÃO PSOL REDE (50-PSOL / 18-REDE)
2026;PR;SENADOR;NOVO;#NULO;PODE / PL / NOVO
2026;RR;2º SUPLENTE;REPUBLICANOS;#NULO;REPUBLICANOS / PODE / AGIR / PSD / FEDERAÇÃO UNIÃO PROGRESSISTA (44-UNIÃO / 11-PP)
2026;PA;VICE-GOVERNADOR;PODE;#NULO;PODE / PL / DC / NOVO / FEDERAÇÃO RENOVAÇÃO SOLIDÁRIA (25-PRD / 77-SOLIDARIEDADE)
2026;PI;VICE-GOVERNADOR;PODE;#NULO;PODE / FEDERAÇÃO RENOVAÇÃO SOLIDÁRIA (25-PRD / 77-SOLIDARIEDADE) / FEDERAÇÃO UNIÃO PROGRESSISTA (44-UNIÃO / 11-PP) / PL
2026;PB;GOVERNADOR;PCDOB;13-PT/65-PC do B/43-PV;PODE / MOBILIZA / FEDERAÇÃO BRASIL DA ESPERANÇA - FE BRASIL (13-PT / 65-PC do B / 43-PV) / AGIR / FEDERAÇÃO RENOVAÇÃO SOLIDÁRIA (25-PRD / 77-SOLIDARIEDADE) / FEDERAÇÃO UNIÃO PROGRESSISTA (44-UNIÃO / 11-PP) / REPUBLICANOS / PSB
2026;MT;1º SUPLENTE;PSD;#NULO;PDT / PSB / PSD / FEDERAÇÃO BRASIL DA ESPERANÇA - FE BRASIL (13-PT / 65-PC do B / 43-PV) / FEDERAÇÃO PSOL REDE (50-PSOL / 18-REDE)
2026;PB;DEPUTADO ESTADUAL;PT;13-PT/65-PC do B/43-PV;FEDERAÇÃO BRASIL DA ESPERANÇA - FE BRASIL (13-PT / 65-PC do B / 43-PV)
2026;MS;1º SUPLENTE;PSOL;50-PSOL/18-REDE;FEDERAÇÃO PSOL REDE (50-PSOL / 18-REDE)
2026;CE;DEPUTADO FEDERAL;PL;#NULO;PL
2026;PR;DEPUTADO FEDERAL;PSOL;50-PSOL/18-REDE;FEDERAÇÃO PSOL REDE (50-PSOL / 18-REDE)
2026;SP;DEPUTADO FEDERAL;REPUBLICANOS;#NULO;REPUBLICANOS
2026;GO;2º SUPLENTE;UNIÃO;44-UNIÃO/11-PP;FEDERAÇÃO UNIÃO PROGRESSISTA (44-UNIÃO / 11-PP)
2026;PE;2º SUPLENTE;PL;#NULO;PL
2026;PI;DEPUTADO FEDERAL;UP;#NULO;UP
2026;RJ;2º SUPLENTE;PCO;#NULO;PCO
2026;GO;2º SUPLENTE;PRD;25-PRD/77-SOLIDARIEDADE;FEDERAÇÃO RENOVAÇÃO SOLIDÁRIA (25-PRD / 77-SOLIDARIEDADE)
2026;RJ;2º SUPLENTE;PCDOB;13-PT/65-PC do B/43-PV;PDT / MDB / DC / FEDERAÇÃO BRASIL DA ESPERANÇA - FE BRASIL (13-PT / 65-PC do B / 43-PV) / PSB / PSD / FEDERAÇÃO PSDB CIDADANIA (45-PSDB / 23-CIDADANIA) / FEDERAÇÃO RENOVAÇÃO SOLIDÁRIA (25-PRD / 77-SOLIDARIEDADE)
2026;MA;GOVERNADOR;PSOL;50-PSOL/18-REDE;FEDERAÇÃO BRASIL DA ESPERANÇA - FE BRASIL (13-PT / 65-PC do B / 43-PV) / PSB / FEDERAÇÃO PSOL REDE (50-PSOL / 18-REDE)
2026;RJ;2º SUPLENTE;PSOL;50-PSOL/18-REDE;FEDERAÇÃO PSOL REDE (50-PSOL / 18-REDE)
2026;MG;GOVERNADOR;REPUBLICANOS;#NULO;REPUBLICANOS / PODE
2026;MG;2º SUPLENTE;PSD;#NULO;PSD
2026;CE;1º SUPLENTE;PV;13-PT/65-PC do B/43-PV;PDT / PODE / PSB / PSD / FEDERAÇÃO BRASIL DA ESPERANÇA - FE BRASIL (13-PT / 65-PC do B / 43-PV) / FEDERAÇÃO PSOL REDE (50-PSOL / 18-REDE) / FEDERAÇÃO RENOVAÇÃO SOLIDÁRIA (25-PRD / 77-SOLIDARIEDADE) / REPUBLICANOS / MDB / MOBILIZA
2026;SE;SENADOR;PP;44-UNIÃO/11-PP;PSB / PSD / FEDERAÇÃO BRASIL DA ESPERANÇA - FE BRASIL (13-PT / 65-PC do B / 43-PV) / FEDERAÇÃO UNIÃO PROGRESSISTA (44-UNIÃO / 11-PP)
2026;RS;DEPUTADO ESTADUAL;PODE;#NULO;PODE
2026;AC;1º SUPLENTE;PSD;#NULO;REPUBLICANOS / PSD / AVANTE / NOVO
2026;PR;VICE-GOVERNADOR;REDE;50-PSOL/18-REDE;PDT / FEDERAÇÃO BRASIL DA ESPERANÇA - FE BRASIL (13-PT / 65-PC do B / 43-PV) / FEDERAÇÃO PSOL REDE (50-PSOL / 18-REDE) / FEDERAÇÃO RENOVAÇÃO SOLIDÁRIA (25-PRD / 77-SOLIDARIEDADE)
2026;AP;VICE-GOVERNADOR;PSDB;45-PSDB/23-CIDADANIA;REPUBLICANOS / PDT / AGIR / FEDERAÇÃO UNIÃO PROGRESSISTA (44-UNIÃO / 11-PP) / FEDERAÇÃO PSDB CIDADANIA (45-PSDB / 23-CIDADANIA) / FEDERAÇÃO BRASIL DA ESPERANÇA - FE BRASIL (13-PT / 65-PC do B / 43-PV) / FEDERAÇÃO RENOVAÇÃO SOLIDÁRIA (25-PRD / 77-SOLIDARIEDADE)
2026;AL;1º SUPLENTE;PDT;#NULO;PDT / PL / FEDERAÇÃO PSDB CIDADANIA (45-PSDB / 23-CIDADANIA) / FEDERAÇÃO RENOVAÇÃO SOLIDÁRIA (25-PRD / 77-SOLIDARIEDADE) / FEDERAÇÃO UNIÃO PROGRESSISTA (44-UNIÃO / 11-PP) / DC
2026;RO;VICE-GOVERNADOR;PCDOB;13-PT/65-PC do B/43-PV;FEDERAÇÃO BRASIL DA ESPERANÇA - FE BRASIL (13-PT / 65-PC do B / 43-PV) / FEDERAÇÃO PSOL REDE (50-PSOL / 18-REDE)
2026;BA;1º SUPLENTE;PODE;#NULO;REPUBLICANOS / PODE / PL / FEDERAÇÃO PSDB CIDADANIA (45-PSDB / 23-CIDADANIA) / FEDERAÇÃO UNIÃO PROGRESSISTA (44-UNIÃO / 11-PP) / FEDERAÇÃO RENOVAÇÃO SOLIDÁRIA (25-PRD / 77-SOLIDARIEDADE) / NOVO
2026;RR;DEPUTADO FEDERAL;PP;44-UNIÃO/11-PP;FEDERAÇÃO UNIÃO PROGRESSISTA (44-UNIÃO / 11-PP)
2026;BR;VICE-PRESIDENTE;AVANTE;#NULO;AVANTE
2026;DF;DEPUTADO FEDERAL;DEMOCRATA;#NULO;DEMOCRATA
2026;PI;2º SUPLENTE;MOBILIZA;#NULO;MOBILIZA
2026;PA;DEPUTADO FEDERAL;PODE;#NULO;PODE
2026;AC;2º SUPLENTE;PDT;#NULO;PDT / MDB / PL / DEMOCRATA / FEDERAÇÃO UNIÃO PROGRESSISTA (44-UNIÃO / 11-PP)
2026;DF;SENADOR;DEMOCRATA;#NULO;DEMOCRATA
2026;CE;1º SUPLENTE;MDB;#NULO;PDT / PODE / PSB / PSD / FEDERAÇÃO BRASIL DA ESPERANÇA - FE BRASIL (13-PT / 65-PC do B / 43-PV) / FEDERAÇÃO PSOL REDE (50-PSOL / 18-REDE) / FEDERAÇÃO RENOVAÇÃO SOLIDÁRIA (25-PRD / 77-SOLIDARIEDADE) / REPUBLICANOS / MDB / MOBILIZA
2026;RJ;1º SUPLENTE;PCDOB;13-PT/65-PC do B/43-PV;PDT / MDB / DC / FEDERAÇÃO BRASIL DA ESPERANÇA - FE BRASIL (13-PT / 65-PC do B / 43-PV) / PSB / PSD / FEDERAÇÃO PSDB CIDADANIA (45-PSDB / 23-CIDADANIA) / FEDERAÇÃO RENOVAÇÃO SOLIDÁRIA (25-PRD / 77-SOLIDARIEDADE)
2026;PB;GOVERNADOR;MDB;#NULO;MDB / DEMOCRATA / PSD / FEDERAÇÃO PSDB CIDADANIA (45-PSDB / 23-CIDADANIA) / PDT
2026;SP;1º SUPLENTE;SOLIDARIEDADE;25-PRD/77-SOLIDARIEDADE;FEDERAÇÃO UNIÃO PROGRESSISTA (44-UNIÃO / 11-PP) / REPUBLICANOS / PL / MDB / DEMOCRATA / PSD / FEDERAÇÃO RENOVAÇÃO SOLIDÁRIA (25-PRD / 77-SOLIDARIEDADE) / AVANTE
2026;MS;SENADOR;PSDB;45-PSDB/23-CIDADANIA;PL / FEDERAÇÃO UNIÃO PROGRESSISTA (44-UNIÃO / 11-PP) / REPUBLICANOS / FEDERAÇÃO PSDB CIDADANIA (45-PSDB / 23-CIDADANIA) / PSD / MDB / PODE / AVANTE
2026;DF;SENADOR;PODE;#NULO;REPUBLICANOS / MDB / PODE / PL / FEDERAÇÃO RENOVAÇÃO SOLIDÁRIA (25-PRD / 77-SOLIDARIEDADE) / FEDERAÇÃO UNIÃO PROGRESSISTA (44-UNIÃO / 11-PP) / DC / MOBILIZA / DEMOCRATA
2026;CE;DEPUTADO FEDERAL;UNIÃO;44-UNIÃO/11-PP;FEDERAÇÃO UNIÃO PROGRESSISTA (44-UNIÃO / 11-PP)
2026;RO;DEPUTADO FEDERAL;PODE;#NULO;PODE
2026;SP;SENADOR;AGIR;#NULO;AGIR
2026;AL;DEPUTADO FEDERAL;PV;13-PT/65-PC do B/43-PV;FEDERAÇÃO BRASIL DA ESPERANÇA - FE BRASIL (13-PT / 65-PC do B / 43-PV)
2026;PB;DEPUTADO FEDERAL;DC;#NULO;DC
2026;RO;2º SUPLENTE;MISSÃO;#NULO;MISSÃO
2026;PE;DEPUTADO ESTADUAL;PSB;#NULO;PSB
2026;MS;DEPUTADO ESTADUAL;UNIÃO;44-UNIÃO/11-PP;FEDERAÇÃO UNIÃO PROGRESSISTA (44-UNIÃO / 11-PP)
2026;PA;1º SUPLENTE;SOLIDARIEDADE;25-PRD/77-SOLIDARIEDADE;FEDERAÇÃO RENOVAÇÃO SOLIDÁRIA (25-PRD / 77-SOLIDARIEDADE)
2026;MG;1º SUPLENTE;NOVO;#NULO;NOVO
2026;MA;1º SUPLENTE;PT;13-PT/65-PC do B/43-PV;PSB / FEDERAÇÃO BRASIL DA ESPERANÇA - FE BRASIL (13-PT / 65-PC do B / 43-PV) / FEDERAÇÃO PSOL REDE (50-PSOL / 18-REDE)
2026;RS;SENADOR;PSB;#NULO;PDT / PSB / AVANTE / FEDERAÇÃO BRASIL DA ESPERANÇA - FE BRASIL (13-PT / 65-PC do B / 43-PV) / FEDERAÇÃO PSOL REDE (50-PSOL / 18-REDE)
2026;DF;DEPUTADO DISTRITAL;UP;#NULO;UP
2026;SC;GOVERNADOR;PSOL;50-PSOL/18-REDE;PDT / PSB / FEDERAÇÃO PSOL REDE (50-PSOL / 18-REDE) / FEDERAÇÃO BRASIL DA ESPERANÇA - FE BRASIL (13-PT / 65-PC do B / 43-PV)
2026;MT;VICE-GOVERNADOR;SOLIDARIEDADE;25-PRD/77-SOLIDARIEDADE;MDB / PL / NOVO / FEDERAÇÃO RENOVAÇÃO SOLIDÁRIA (25-PRD / 77-SOLIDARIEDADE)
2026;SP;2º SUPLENTE;AGIR;#NULO;AGIR
2026;MT;DEPUTADO FEDERAL;NOVO;#NULO;NOVO
2026;MT;DEPUTADO ESTADUAL;REPUBLICANOS;#NULO;REPUBLICANOS
2026;GO;2º SUPLENTE;PSD;#NULO;PSD
2026;MA;DEPUTADO ESTADUAL;PSD;#NULO;PSD
2026;AL;DEPUTADO ESTADUAL;MDB;#NULO;MDB
2026;AP;DEPUTADO FEDERAL;REDE;50-PSOL/18-REDE;FEDERAÇÃO PSOL REDE (50-PSOL / 18-REDE)
2026;SP;DEPUTADO ESTADUAL;PSD;#NULO;PSD
2026;CE;GOVERNADOR;UP;#NULO;UP
2026;RO;DEPUTADO ESTADUAL;PP;44-UNIÃO/11-PP;FEDERAÇÃO UNIÃO PROGRESSISTA (44-UNIÃO / 11-PP)
2026;SP;DEPUTADO FEDERAL;PSOL;50-PSOL/18-REDE;FEDERAÇÃO PSOL REDE (50-PSOL / 18-REDE)
2026;DF;SENADOR;REDE;50-PSOL/18-REDE;PDT / FEDERAÇÃO BRASIL DA ESPERANÇA - FE BRASIL (13-PT / 65-PC do B / 43-PV) / FEDERAÇÃO PSOL REDE (50-PSOL / 18-REDE)
2026;RO;GOVERNADOR;REDE;50-PSOL/18-REDE;FEDERAÇÃO BRASIL DA ESPERANÇA - FE BRASIL (13-PT / 65-PC do B / 43-PV) / FEDERAÇÃO PSOL REDE (50-PSOL / 18-REDE)
2026;BA;1º SUPLENTE;PSDB;45-PSDB/23-CIDADANIA;REPUBLICANOS / PODE / PL / FEDERAÇÃO PSDB CIDADANIA (45-PSDB / 23-CIDADANIA) / FEDERAÇÃO UNIÃO PROGRESSISTA (44-UNIÃO / 11-PP) / FEDERAÇÃO RENOVAÇÃO SOLIDÁRIA (25-PRD / 77-SOLIDARIEDADE) / NOVO
2026;RN;SENADOR;AVANTE;#NULO;REPUBLICANOS / MDB / PSD / FEDERAÇÃO RENOVAÇÃO SOLIDÁRIA (25-PRD / 77-SOLIDARIEDADE) / FEDERAÇÃO UNIÃO PROGRESSISTA (44-UNIÃO / 11-PP) / AVANTE
2026;AC;1º SUPLENTE;PV;13-PT/65-PC do B/43-PV;PODE / PSB / FEDERAÇÃO BRASIL DA ESPERANÇA - FE BRASIL (13-PT / 65-PC do B / 43-PV)
2026;RJ;GOVERNADOR;PSD;#NULO;PDT / MDB / DC / PSB / PSD / FEDERAÇÃO PSDB CIDADANIA (45-PSDB / 23-CIDADANIA) / FEDERAÇÃO BRASIL DA ESPERANÇA - FE BRASIL (13-PT / 65-PC do B / 43-PV) / FEDERAÇÃO RENOVAÇÃO SOLIDÁRIA (25-PRD / 77-SOLIDARIEDADE)
2026;AL;VICE-GOVERNADOR;AGIR;#NULO;MDB / PODE / AGIR / PSB / PSD / AVANTE / FEDERAÇÃO BRASIL DA ESPERANÇA - FE BRASIL (13-PT / 65-PC do B / 43-PV)
2026;AM;1º SUPLENTE;PP;44-UNIÃO/11-PP;PSB / FEDERAÇÃO UNIÃO PROGRESSISTA (44-UNIÃO / 11-PP) / PODE
2026;PA;VICE-GOVERNADOR;PL;#NULO;PODE / PL / DC / NOVO / FEDERAÇÃO RENOVAÇÃO SOLIDÁRIA (25-PRD / 77-SOLIDARIEDADE)
2026;AM;GOVERNADOR;REDE;50-PSOL/18-REDE;FEDERAÇÃO PSOL REDE (50-PSOL / 18-REDE)
2026;GO;DEPUTADO FEDERAL;MDB;#NULO;MDB
2026;TO;DEPUTADO ESTADUAL;PCDOB;13-PT/65-PC do B/43-PV;FEDERAÇÃO BRASIL DA ESPERANÇA - FE BRASIL (13-PT / 65-PC do B / 43-PV)
2026;SC;1º SUPLENTE;MISSÃO;#NULO;MISSÃO
2026;TO;2º SUPLENTE;REPUBLICANOS;#NULO;REPUBLICANOS
2026;PA;DEPUTADO FEDERAL;MISSÃO;#NULO;MISSÃO
2026;TO;DEPUTADO FEDERAL;PSDB;45-PSDB/23-CIDADANIA;FEDERAÇÃO PSDB CIDADANIA (45-PSDB / 23-CIDADANIA)
2026;RJ;SENADOR;PSD;#NULO;PDT / MDB / DC / FEDERAÇÃO BRASIL DA ESPERANÇA - FE BRASIL (13-PT / 65-PC do B / 43-PV) / PSB / PSD / FEDERAÇÃO PSDB CIDADANIA (45-PSDB / 23-CIDADANIA) / FEDERAÇÃO RENOVAÇÃO SOLIDÁRIA (25-PRD / 77-SOLIDARIEDADE)
2026;RO;GOVERNADOR;PODE;#NULO;PODE / PL / DC / NOVO / MOBILIZA
2026;AL;GOVERNADOR;DC;#NULO;PDT / PL / DC / FEDERAÇÃO PSDB CIDADANIA (45-PSDB / 23-CIDADANIA) / FEDERAÇÃO RENOVAÇÃO SOLIDÁRIA (25-PRD / 77-SOLIDARIEDADE) / FEDERAÇÃO UNIÃO PROGRESSISTA (44-UNIÃO / 11-PP)
2026;RN;SENADOR;PSB;#NULO;PDT / PSB / FEDERAÇÃO BRASIL DA ESPERANÇA - FE BRASIL (13-PT / 65-PC do B / 43-PV)
2026;RS;VICE-GOVERNADOR;PSB;#NULO;PDT / PSB / AVANTE / FEDERAÇÃO BRASIL DA ESPERANÇA - FE BRASIL (13-PT / 65-PC do B / 43-PV) / FEDERAÇÃO PSOL REDE (50-PSOL / 18-REDE)
2026;BA;DEPUTADO ESTADUAL;DC;#NULO;DC
2026;CE;DEPUTADO FEDERAL;PSDB;45-PSDB/23-CIDADANIA;FEDERAÇÃO PSDB CIDADANIA (45-PSDB / 23-CIDADANIA)
2026;AL;SENADOR;CIDADANIA;45-PSDB/23-CIDADANIA;PDT / PL / FEDERAÇÃO PSDB CIDADANIA (45-PSDB / 23-CIDADANIA) / FEDERAÇÃO RENOVAÇÃO SOLIDÁRIA (25-PRD / 77-SOLIDARIEDADE) / FEDERAÇÃO UNIÃO PROGRESSISTA (44-UNIÃO / 11-PP) / DC
2026;CE;1º SUPLENTE;PSDB;45-PSDB/23-CIDADANIA;PL / DC / AVANTE / FEDERAÇÃO PSDB CIDADANIA (45-PSDB / 23-CIDADANIA) / FEDERAÇÃO UNIÃO PROGRESSISTA (44-UNIÃO / 11-PP)
2026;SP;SENADOR;DEMOCRATA;#NULO;FEDERAÇÃO UNIÃO PROGRESSISTA (44-UNIÃO / 11-PP) / REPUBLICANOS / PL / MDB / DEMOCRATA / PSD / FEDERAÇÃO RENOVAÇÃO SOLIDÁRIA (25-PRD / 77-SOLIDARIEDADE) / AVANTE
2026;DF;VICE-GOVERNADOR;PODE;#NULO;REPUBLICANOS / MDB / PODE / PL / DC / MOBILIZA / DEMOCRATA / FEDERAÇÃO RENOVAÇÃO SOLIDÁRIA (25-PRD / 77-SOLIDARIEDADE) / FEDERAÇÃO UNIÃO PROGRESSISTA (44-UNIÃO / 11-PP)
2026;GO;2º SUPLENTE;CIDADANIA;45-PSDB/23-CIDADANIA;DC / FEDERAÇÃO PSDB CIDADANIA (45-PSDB / 23-CIDADANIA)
2026;SE;SENADOR;MDB;#NULO;MDB
2026;AC;DEPUTADO FEDERAL;REDE;50-PSOL/18-REDE;FEDERAÇÃO PSOL REDE (50-PSOL / 18-REDE)
2026;RR;1º SUPLENTE;PV;13-PT/65-PC do B/43-PV;FEDERAÇÃO BRASIL DA ESPERANÇA - FE BRASIL (13-PT / 65-PC do B / 43-PV)
2026;PE;VICE-GOVERNADOR;UP;#NULO;UP
2026;RJ;SENADOR;PRTB;#NULO;PRTB
2026;GO;VICE-GOVERNADOR;CIDADANIA;45-PSDB/23-CIDADANIA;DC / FEDERAÇÃO PSDB CIDADANIA (45-PSDB / 23-CIDADANIA)
2026;RO;1º SUPLENTE;PL;#NULO;PODE / PL / DC / NOVO / MOBILIZA
2026;PR;DEPUTADO ESTADUAL;DEMOCRATA;#NULO;DEMOCRATA
2026;CE;1º SUPLENTE;UNIÃO;44-UNIÃO/11-PP;PL / DC / AVANTE / FEDERAÇÃO PSDB CIDADANIA (45-PSDB / 23-CIDADANIA) / FEDERAÇÃO UNIÃO PROGRESSISTA (44-UNIÃO / 11-PP)
2026;AC;2º SUPLENTE;PL;#NULO;PDT / MDB / PL / DEMOCRATA / FEDERAÇÃO UNIÃO PROGRESSISTA (44-UNIÃO / 11-PP)
2026;MS;1º SUPLENTE;AGIR;#NULO;AGIR
2026;PE;DEPUTADO ESTADUAL;MOBILIZA;#NULO;MOBILIZA
2026;MS;2º SUPLENTE;DC;#NULO;DC
2026;SC;DEPUTADO FEDERAL;UNIÃO;44-UNIÃO/11-PP;FEDERAÇÃO UNIÃO PROGRESSISTA (44-UNIÃO / 11-PP)
2026;PI;2º SUPLENTE;PSDB;45-PSDB/23-CIDADANIA;FEDERAÇÃO PSDB CIDADANIA (45-PSDB / 23-CIDADANIA)
2026;RR;SENADOR;CIDADANIA;45-PSDB/23-CIDADANIA;PSB / FEDERAÇÃO PSDB CIDADANIA (45-PSDB / 23-CIDADANIA)
2026;PB;GOVERNADOR;SOLIDARIEDADE;25-PRD/77-SOLIDARIEDADE;PODE / MOBILIZA / FEDERAÇÃO BRASIL DA ESPERANÇA - FE BRASIL (13-PT / 65-PC do B / 43-PV) / AGIR / FEDERAÇÃO RENOVAÇÃO SOLIDÁRIA (25-PRD / 77-SOLIDARIEDADE) / FEDERAÇÃO UNIÃO PROGRESSISTA (44-UNIÃO / 11-PP) / REPUBLICANOS / PSB
2026;PR;1º SUPLENTE;PT;13-PT/65-PC do B/43-PV;PDT / FEDERAÇÃO BRASIL DA ESPERANÇA - FE BRASIL (13-PT / 65-PC do B / 43-PV) / FEDERAÇÃO PSOL REDE (50-PSOL / 18-REDE) / FEDERAÇÃO RENOVAÇÃO SOLIDÁRIA (25-PRD / 77-SOLIDARIEDADE)
2026;BA;2º SUPLENTE;PRD;25-PRD/77-SOLIDARIEDADE;REPUBLICANOS / PODE / PL / FEDERAÇÃO PSDB CIDADANIA (45-PSDB / 23-CIDADANIA) / FEDERAÇÃO UNIÃO PROGRESSISTA (44-UNIÃO / 11-PP) / FEDERAÇÃO RENOVAÇÃO SOLIDÁRIA (25-PRD / 77-SOLIDARIEDADE) / NOVO
2026;RJ;GOVERNADOR;PSDB;45-PSDB/23-CIDADANIA;PDT / MDB / DC / PSB / PSD / FEDERAÇÃO PSDB CIDADANIA (45-PSDB / 23-CIDADANIA) / FEDERAÇÃO BRASIL DA ESPERANÇA - FE BRASIL (13-PT / 65-PC do B / 43-PV) / FEDERAÇÃO RENOVAÇÃO SOLIDÁRIA (25-PRD / 77-SOLIDARIEDADE)
2026;PA;SENADOR;DC;#NULO;DC
2026;RR;GOVERNADOR;PCO;#NULO;PCO
2026;SP;DEPUTADO ESTADUAL;UP;#NULO;UP
2026;PA;VICE-GOVERNADOR;REPUBLICANOS;#NULO;REPUBLICANOS / MDB / PSB / PSD / AVANTE / FEDERAÇÃO PSDB CIDADANIA (45-PSDB / 23-CIDADANIA) / FEDERAÇÃO BRASIL DA ESPERANÇA - FE BRASIL (13-PT / 65-PC do B / 43-PV) / FEDERAÇÃO UNIÃO PROGRESSISTA (44-UNIÃO / 11-PP)
2026;SP;1º SUPLENTE;AVANTE;#NULO;FEDERAÇÃO UNIÃO PROGRESSISTA (44-UNIÃO / 11-PP) / REPUBLICANOS / PL / MDB / DEMOCRATA / PSD / FEDERAÇÃO RENOVAÇÃO SOLIDÁRIA (25-PRD / 77-SOLIDARIEDADE) / AVANTE
2026;PR;VICE-GOVERNADOR;MOBILIZA;#NULO;MOBILIZA
2026;AC;GOVERNADOR;PSB;#NULO;PODE / PSB / FEDERAÇÃO BRASIL DA ESPERANÇA - FE BRASIL (13-PT / 65-PC do B / 43-PV)
2026;PA;1º SUPLENTE;UP;#NULO;UP
2026;GO;VICE-GOVERNADOR;PT;13-PT/65-PC do B/43-PV;PDT / PSB / FEDERAÇÃO BRASIL DA ESPERANÇA - FE BRASIL (13-PT / 65-PC do B / 43-PV) / FEDERAÇÃO PSOL REDE (50-PSOL / 18-REDE)
2026;RN;VICE-GOVERNADOR;PL;#NULO;PODE / PL / NOVO / FEDERAÇÃO PSDB CIDADANIA (45-PSDB / 23-CIDADANIA) / MOBILIZA
2026;MA;1º SUPLENTE;CIDADANIA;45-PSDB/23-CIDADANIA;FEDERAÇÃO PSDB CIDADANIA (45-PSDB / 23-CIDADANIA) / FEDERAÇÃO UNIÃO PROGRESSISTA (44-UNIÃO / 11-PP)
2026;MS;DEPUTADO ESTADUAL;DC;#NULO;DC
2026;SE;DEPUTADO FEDERAL;CIDADANIA;45-PSDB/23-CIDADANIA;FEDERAÇÃO PSDB CIDADANIA (45-PSDB / 23-CIDADANIA)
2026;PR;DEPUTADO ESTADUAL;PL;#NULO;PL
2026;PR;DEPUTADO ESTADUAL;AVANTE;#NULO;AVANTE
2026;ES;DEPUTADO FEDERAL;SOLIDARIEDADE;25-PRD/77-SOLIDARIEDADE;FEDERAÇÃO RENOVAÇÃO SOLIDÁRIA (25-PRD / 77-SOLIDARIEDADE)
2026;RO;SENADOR;PT;13-PT/65-PC do B/43-PV;FEDERAÇÃO BRASIL DA ESPERANÇA - FE BRASIL (13-PT / 65-PC do B / 43-PV)
2026;PI;VICE-GOVERNADOR;PSDB;45-PSDB/23-CIDADANIA;FEDERAÇÃO PSDB CIDADANIA (45-PSDB / 23-CIDADANIA)
2026;PR;1º SUPLENTE;PP;44-UNIÃO/11-PP;REPUBLICANOS / MDB / DEMOCRATA / PSD / AVANTE / FEDERAÇÃO PSDB CIDADANIA (45-PSDB / 23-CIDADANIA) / FEDERAÇÃO UNIÃO PROGRESSISTA (44-UNIÃO / 11-PP)
2026;GO;DEPUTADO FEDERAL;PV;13-PT/65-PC do B/43-PV;FEDERAÇÃO BRASIL DA ESPERANÇA - FE BRASIL (13-PT / 65-PC do B / 43-PV)
2026;MA;VICE-GOVERNADOR;PRTB;#NULO;PRTB
2026;TO;SENADOR;PODE;#NULO;PODE
2026;SP;DEPUTADO ESTADUAL;PSDB;45-PSDB/23-CIDADANIA;FEDERAÇÃO PSDB CIDADANIA (45-PSDB / 23-CIDADANIA)
2026;PI;DEPUTADO ESTADUAL;REDE;50-PSOL/18-REDE;FEDERAÇÃO PSOL REDE (50-PSOL / 18-REDE)
2026;CE;2º SUPLENTE;PT;13-PT/65-PC do B/43-PV;PDT / PODE / PSB / PSD / FEDERAÇÃO BRASIL DA ESPERANÇA - FE BRASIL (13-PT / 65-PC do B / 43-PV) / FEDERAÇÃO PSOL REDE (50-PSOL / 18-REDE) / FEDERAÇÃO RENOVAÇÃO SOLIDÁRIA (25-PRD / 77-SOLIDARIEDADE) / REPUBLICANOS / MDB / MOBILIZA
2026;AP;2º SUPLENTE;UNIÃO;44-UNIÃO/11-PP;REPUBLICANOS / PDT / AGIR / FEDERAÇÃO UNIÃO PROGRESSISTA (44-UNIÃO / 11-PP) / FEDERAÇÃO PSDB CIDADANIA (45-PSDB / 23-CIDADANIA) / FEDERAÇÃO BRASIL DA ESPERANÇA - FE BRASIL (13-PT / 65-PC do B / 43-PV) / FEDERAÇÃO RENOVAÇÃO SOLIDÁRIA (25-PRD / 77-SOLIDARIEDADE)
2026;RJ;SENADOR;MDB;#NULO;PDT / MDB / DC / FEDERAÇÃO BRASIL DA ESPERANÇA - FE BRASIL (13-PT / 65-PC do B / 43-PV) / PSB / PSD / FEDERAÇÃO PSDB CIDADANIA (45-PSDB / 23-CIDADANIA) / FEDERAÇÃO RENOVAÇÃO SOLIDÁRIA (25-PRD / 77-SOLIDARIEDADE)
2026;PE;SENADOR;CIDADANIA;45-PSDB/23-CIDADANIA;PODE / PSD / AVANTE / FEDERAÇÃO PSDB CIDADANIA (45-PSDB / 23-CIDADANIA) / FEDERAÇÃO UNIÃO PROGRESSISTA (44-UNIÃO / 11-PP)
2026;RS;2º SUPLENTE;PRD;25-PRD/77-SOLIDARIEDADE;MDB / PSD / FEDERAÇÃO RENOVAÇÃO SOLIDÁRIA (25-PRD / 77-SOLIDARIEDADE)
2026;RR;GOVERNADOR;PSOL;50-PSOL/18-REDE;FEDERAÇÃO BRASIL DA ESPERANÇA - FE BRASIL (13-PT / 65-PC do B / 43-PV) / FEDERAÇÃO PSOL REDE (50-PSOL / 18-REDE)
2026;MG;1º SUPLENTE;PT;13-PT/65-PC do B/43-PV;PSB / FEDERAÇÃO BRASIL DA ESPERANÇA - FE BRASIL (13-PT / 65-PC do B / 43-PV) / FEDERAÇÃO PSOL REDE (50-PSOL / 18-REDE)
2026;AP;SENADOR;PODE;#NULO;PODE / PL / NOVO / PSD
2026;PR;GOVERNADOR;PCDOB;13-PT/65-PC do B/43-PV;PDT / FEDERAÇÃO BRASIL DA ESPERANÇA - FE BRASIL (13-PT / 65-PC do B / 43-PV) / FEDERAÇÃO PSOL REDE (50-PSOL / 18-REDE) / FEDERAÇÃO RENOVAÇÃO SOLIDÁRIA (25-PRD / 77-SOLIDARIEDADE)
2026;SP;GOVERNADOR;SOLIDARIEDADE;25-PRD/77-SOLIDARIEDADE;REPUBLICANOS / PL / MDB / DEMOCRATA / AVANTE / PSD / FEDERAÇÃO RENOVAÇÃO SOLIDÁRIA (25-PRD / 77-SOLIDARIEDADE) / FEDERAÇÃO UNIÃO PROGRESSISTA (44-UNIÃO / 11-PP)
2026;DF;SENADOR;AVANTE;#NULO;AVANTE
2026;SE;1º SUPLENTE;PSOL;50-PSOL/18-REDE;FEDERAÇÃO PSOL REDE (50-PSOL / 18-REDE)
2026;RN;1º SUPLENTE;PSOL;50-PSOL/18-REDE;FEDERAÇÃO PSOL REDE (50-PSOL / 18-REDE)
2026;PI;SENADOR;PSTU;#NULO;PSTU
2026;GO;DEPUTADO FEDERAL;PRD;25-PRD/77-SOLIDARIEDADE;FEDERAÇÃO RENOVAÇÃO SOLIDÁRIA (25-PRD / 77-SOLIDARIEDADE)
2026;MT;DEPUTADO ESTADUAL;PSDB;45-PSDB/23-CIDADANIA;FEDERAÇÃO PSDB CIDADANIA (45-PSDB / 23-CIDADANIA)
2026;SC;1º SUPLENTE;SOLIDARIEDADE;25-PRD/77-SOLIDARIEDADE;FEDERAÇÃO RENOVAÇÃO SOLIDÁRIA (25-PRD / 77-SOLIDARIEDADE)
2026;PI;GOVERNADOR;PSTU;#NULO;PSTU
2026;RN;DEPUTADO ESTADUAL;PSDB;45-PSDB/23-CIDADANIA;FEDERAÇÃO PSDB CIDADANIA (45-PSDB / 23-CIDADANIA)
2026;SP;2º SUPLENTE;MISSÃO;#NULO;MISSÃO
2026;RR;2º SUPLENTE;MDB;#NULO;PDT / MDB
2026;CE;1º SUPLENTE;REDE;50-PSOL/18-REDE;PDT / PODE / PSB / PSD / FEDERAÇÃO BRASIL DA ESPERANÇA - FE BRASIL (13-PT / 65-PC do B / 43-PV) / FEDERAÇÃO PSOL REDE (50-PSOL / 18-REDE) / FEDERAÇÃO RENOVAÇÃO SOLIDÁRIA (25-PRD / 77-SOLIDARIEDADE) / REPUBLICANOS / MDB / MOBILIZA
2026;RS;2º SUPLENTE;PSDB;45-PSDB/23-CIDADANIA;FEDERAÇÃO PSDB CIDADANIA (45-PSDB / 23-CIDADANIA)
2026;RS;DEPUTADO FEDERAL;MISSÃO;#NULO;MISSÃO
2026;RJ;DEPUTADO ESTADUAL;MISSÃO;#NULO;MISSÃO
2026;RJ;DEPUTADO ESTADUAL;PCDOB;13-PT/65-PC do B/43-PV;FEDERAÇÃO BRASIL DA ESPERANÇA - FE BRASIL (13-PT / 65-PC do B / 43-PV)
2026;PR;SENADOR;PSDB;45-PSDB/23-CIDADANIA;REPUBLICANOS / MDB / DEMOCRATA / PSD / AVANTE / FEDERAÇÃO PSDB CIDADANIA (45-PSDB / 23-CIDADANIA) / FEDERAÇÃO UNIÃO PROGRESSISTA (44-UNIÃO / 11-PP)
2026;SP;VICE-GOVERNADOR;PL;#NULO;REPUBLICANOS / PL / MDB / DEMOCRATA / AVANTE / PSD / FEDERAÇÃO RENOVAÇÃO SOLIDÁRIA (25-PRD / 77-SOLIDARIEDADE) / FEDERAÇÃO UNIÃO PROGRESSISTA (44-UNIÃO / 11-PP)
2026;SP;1º SUPLENTE;PL;#NULO;FEDERAÇÃO UNIÃO PROGRESSISTA (44-UNIÃO / 11-PP) / REPUBLICANOS / PL / MDB / DEMOCRATA / PSD / FEDERAÇÃO RENOVAÇÃO SOLIDÁRIA (25-PRD / 77-SOLIDARIEDADE) / AVANTE
2026;AC;VICE-GOVERNADOR;CIDADANIA;45-PSDB/23-CIDADANIA;FEDERAÇÃO RENOVAÇÃO SOLIDÁRIA (25-PRD / 77-SOLIDARIEDADE) / FEDERAÇÃO PSDB CIDADANIA (45-PSDB / 23-CIDADANIA)
2026;AC;DEPUTADO FEDERAL;DEMOCRATA;#NULO;DEMOCRATA
2026;GO;1º SUPLENTE;PRD;25-PRD/77-SOLIDARIEDADE;FEDERAÇÃO RENOVAÇÃO SOLIDÁRIA (25-PRD / 77-SOLIDARIEDADE)
2026;TO;DEPUTADO FEDERAL;NOVO;#NULO;NOVO
2026;PR;GOVERNADOR;PSOL;50-PSOL/18-REDE;PDT / FEDERAÇÃO BRASIL DA ESPERANÇA - FE BRASIL (13-PT / 65-PC do B / 43-PV) / FEDERAÇÃO PSOL REDE (50-PSOL / 18-REDE) / FEDERAÇÃO RENOVAÇÃO SOLIDÁRIA (25-PRD / 77-SOLIDARIEDADE)
2026;GO;DEPUTADO FEDERAL;REDE;50-PSOL/18-REDE;FEDERAÇÃO PSOL REDE (50-PSOL / 18-REDE)
2026;PB;VICE-GOVERNADOR;PV;13-PT/65-PC do B/43-PV;PODE / MOBILIZA / FEDERAÇÃO BRASIL DA ESPERANÇA - FE BRASIL (13-PT / 65-PC do B / 43-PV) / AGIR / FEDERAÇÃO RENOVAÇÃO SOLIDÁRIA (25-PRD / 77-SOLIDARIEDADE) / FEDERAÇÃO UNIÃO PROGRESSISTA (44-UNIÃO / 11-PP) / REPUBLICANOS / PSB
2026;ES;SENADOR;DC;#NULO;DC / FEDERAÇÃO RENOVAÇÃO SOLIDÁRIA (25-PRD / 77-SOLIDARIEDADE)
2026;MT;2º SUPLENTE;CIDADANIA;45-PSDB/23-CIDADANIA;REPUBLICANOS / PODE / FEDERAÇÃO PSDB CIDADANIA (45-PSDB / 23-CIDADANIA) / FEDERAÇÃO UNIÃO PROGRESSISTA (44-UNIÃO / 11-PP)
2026;SC;DEPUTADO ESTADUAL;REPUBLICANOS;#NULO;REPUBLICANOS
2026;SP;SENADOR;PSDB;45-PSDB/23-CIDADANIA;FEDERAÇÃO PSDB CIDADANIA (45-PSDB / 23-CIDADANIA)
2026;RO;1º SUPLENTE;PT;13-PT/65-PC do B/43-PV;FEDERAÇÃO BRASIL DA ESPERANÇA - FE BRASIL (13-PT / 65-PC do B / 43-PV)
2026;MT;DEPUTADO FEDERAL;CIDADANIA;45-PSDB/23-CIDADANIA;FEDERAÇÃO PSDB CIDADANIA (45-PSDB / 23-CIDADANIA)
2026;AL;DEPUTADO ESTADUAL;DC;#NULO;DC
2026;TO;1º SUPLENTE;DEMOCRATA;#NULO;DEMOCRATA
2026;TO;DEPUTADO FEDERAL;PODE;#NULO;PODE
2026;TO;SENADOR;REPUBLICANOS;#NULO;REPUBLICANOS
2026;PR;SENADOR;UP;#NULO;UP
2026;MT;GOVERNADOR;REDE;50-PSOL/18-REDE;PDT / PSB / PSD / FEDERAÇÃO BRASIL DA ESPERANÇA - FE BRASIL (13-PT / 65-PC do B / 43-PV) / FEDERAÇÃO PSOL REDE (50-PSOL / 18-REDE)
2026;PB;SENADOR;PSB;#NULO;REPUBLICANOS / PODE / MOBILIZA / AGIR / PSB / FEDERAÇÃO BRASIL DA ESPERANÇA - FE BRASIL (13-PT / 65-PC do B / 43-PV) / FEDERAÇÃO RENOVAÇÃO SOLIDÁRIA (25-PRD / 77-SOLIDARIEDADE) / FEDERAÇÃO UNIÃO PROGRESSISTA (44-UNIÃO / 11-PP)
2026;PR;1º SUPLENTE;AVANTE;#NULO;REPUBLICANOS / MDB / DEMOCRATA / PSD / AVANTE / FEDERAÇÃO PSDB CIDADANIA (45-PSDB / 23-CIDADANIA) / FEDERAÇÃO UNIÃO PROGRESSISTA (44-UNIÃO / 11-PP)
2026;PB;1º SUPLENTE;DEMOCRATA;#NULO;MDB / DEMOCRATA / PSD / FEDERAÇÃO PSDB CIDADANIA (45-PSDB / 23-CIDADANIA) / PDT
2026;MT;VICE-GOVERNADOR;PSOL;50-PSOL/18-REDE;PDT / PSB / PSD / FEDERAÇÃO BRASIL DA ESPERANÇA - FE BRASIL (13-PT / 65-PC do B / 43-PV) / FEDERAÇÃO PSOL REDE (50-PSOL / 18-REDE)
2026;PE;GOVERNADOR;PCB;#NULO;PCB / FEDERAÇÃO PSOL REDE (50-PSOL / 18-REDE)
2026;RO;2º SUPLENTE;PSD;#NULO;PSD / AVANTE / FEDERAÇÃO RENOVAÇÃO SOLIDÁRIA (25-PRD / 77-SOLIDARIEDADE)
2026;RR;2º SUPLENTE;AGIR;#NULO;REPUBLICANOS / PODE / AGIR / PSD / FEDERAÇÃO UNIÃO PROGRESSISTA (44-UNIÃO / 11-PP)
2026;PI;DEPUTADO FEDERAL;AVANTE;#NULO;AVANTE
2026;MT;DEPUTADO FEDERAL;SOLIDARIEDADE;25-PRD/77-SOLIDARIEDADE;FEDERAÇÃO RENOVAÇÃO SOLIDÁRIA (25-PRD / 77-SOLIDARIEDADE)
2026;GO;DEPUTADO ESTADUAL;CIDADANIA;45-PSDB/23-CIDADANIA;FEDERAÇÃO PSDB CIDADANIA (45-PSDB / 23-CIDADANIA)
2026;PA;GOVERNADOR;PT;13-PT/65-PC do B/43-PV;REPUBLICANOS / MDB / PSB / PSD / AVANTE / FEDERAÇÃO PSDB CIDADANIA (45-PSDB / 23-CIDADANIA) / FEDERAÇÃO BRASIL DA ESPERANÇA - FE BRASIL (13-PT / 65-PC do B / 43-PV) / FEDERAÇÃO UNIÃO PROGRESSISTA (44-UNIÃO / 11-PP)
2026;DF;VICE-GOVERNADOR;MDB;#NULO;REPUBLICANOS / MDB / PODE / PL / DC / MOBILIZA / DEMOCRATA / FEDERAÇÃO RENOVAÇÃO SOLIDÁRIA (25-PRD / 77-SOLIDARIEDADE) / FEDERAÇÃO UNIÃO PROGRESSISTA (44-UNIÃO / 11-PP)
2026;RN;SENADOR;SOLIDARIEDADE;25-PRD/77-SOLIDARIEDADE;REPUBLICANOS / MDB / PSD / FEDERAÇÃO RENOVAÇÃO SOLIDÁRIA (25-PRD / 77-SOLIDARIEDADE) / FEDERAÇÃO UNIÃO PROGRESSISTA (44-UNIÃO / 11-PP) / AVANTE
2026;RR;GOVERNADOR;REDE;50-PSOL/18-REDE;FEDERAÇÃO BRASIL DA ESPERANÇA - FE BRASIL (13-PT / 65-PC do B / 43-PV) / FEDERAÇÃO PSOL REDE (50-PSOL / 18-REDE)
2026;PB;SENADOR;PT;13-PT/65-PC do B/43-PV;REPUBLICANOS / PODE / MOBILIZA / AGIR / PSB / FEDERAÇÃO BRASIL DA ESPERANÇA - FE BRASIL (13-PT / 65-PC do B / 43-PV) / FEDERAÇÃO RENOVAÇÃO SOLIDÁRIA (25-PRD / 77-SOLIDARIEDADE) / FEDERAÇÃO UNIÃO PROGRESSISTA (44-UNIÃO / 11-PP)
2026;GO;GOVERNADOR;REDE;50-PSOL/18-REDE;PDT / PSB / FEDERAÇÃO BRASIL DA ESPERANÇA - FE BRASIL (13-PT / 65-PC do B / 43-PV) / FEDERAÇÃO PSOL REDE (50-PSOL / 18-REDE)
2026;BA;VICE-GOVERNADOR;PL;#NULO;REPUBLICANOS / PODE / PL / FEDERAÇÃO PSDB CIDADANIA (45-PSDB / 23-CIDADANIA) / FEDERAÇÃO RENOVAÇÃO SOLIDÁRIA (25-PRD / 77-SOLIDARIEDADE) / FEDERAÇÃO UNIÃO PROGRESSISTA (44-UNIÃO / 11-PP) / NOVO
2026;MA;SENADOR;PODE;#NULO;REPUBLICANOS / PDT / MDB / PODE / FEDERAÇÃO RENOVAÇÃO SOLIDÁRIA (25-PRD / 77-SOLIDARIEDADE)
2026;SE;SENADOR;PV;13-PT/65-PC do B/43-PV;PSB / PSD / FEDERAÇÃO BRASIL DA ESPERANÇA - FE BRASIL (13-PT / 65-PC do B / 43-PV) / FEDERAÇÃO UNIÃO PROGRESSISTA (44-UNIÃO / 11-PP)
2026;RS;1º SUPLENTE;PSOL;50-PSOL/18-REDE;PDT / PSB / AVANTE / FEDERAÇÃO BRASIL DA ESPERANÇA - FE BRASIL (13-PT / 65-PC do B / 43-PV) / FEDERAÇÃO PSOL REDE (50-PSOL / 18-REDE)
2026;PR;1º SUPLENTE;PL;#NULO;PODE / PL / NOVO
2026;PR;SENADOR;PV;13-PT/65-PC do B/43-PV;PDT / FEDERAÇÃO BRASIL DA ESPERANÇA - FE BRASIL (13-PT / 65-PC do B / 43-PV) / FEDERAÇÃO PSOL REDE (50-PSOL / 18-REDE) / FEDERAÇÃO RENOVAÇÃO SOLIDÁRIA (25-PRD / 77-SOLIDARIEDADE)
2026;MT;SENADOR;PODE;#NULO;REPUBLICANOS / PODE / FEDERAÇÃO PSDB CIDADANIA (45-PSDB / 23-CIDADANIA) / FEDERAÇÃO UNIÃO PROGRESSISTA (44-UNIÃO / 11-PP)
2026;TO;GOVERNADOR;PSD;#NULO;PDT / PSB / PSD / FEDERAÇÃO BRASIL DA ESPERANÇA - FE BRASIL (13-PT / 65-PC do B / 43-PV)
2026;MS;2º SUPLENTE;PV;13-PT/65-PC do B/43-PV;PDT / PSB / FEDERAÇÃO BRASIL DA ESPERANÇA - FE BRASIL (13-PT / 65-PC do B / 43-PV)
2026;MG;DEPUTADO FEDERAL;PCO;#NULO;PCO
2026;RO;DEPUTADO ESTADUAL;SOLIDARIEDADE;25-PRD/77-SOLIDARIEDADE;FEDERAÇÃO RENOVAÇÃO SOLIDÁRIA (25-PRD / 77-SOLIDARIEDADE)
2026;DF;GOVERNADOR;UP;#NULO;UP
2026;SE;DEPUTADO ESTADUAL;PL;#NULO;PL
2026;RR;1º SUPLENTE;DC;#NULO;DC
2026;PE;1º SUPLENTE;PSDB;45-PSDB/23-CIDADANIA;PODE / PSD / AVANTE / FEDERAÇÃO PSDB CIDADANIA (45-PSDB / 23-CIDADANIA) / FEDERAÇÃO UNIÃO PROGRESSISTA (44-UNIÃO / 11-PP)
2026;PR;SENADOR;UNIÃO;44-UNIÃO/11-PP;REPUBLICANOS / MDB / DEMOCRATA / PSD / AVANTE / FEDERAÇÃO PSDB CIDADANIA (45-PSDB / 23-CIDADANIA) / FEDERAÇÃO UNIÃO PROGRESSISTA (44-UNIÃO / 11-PP)
2026;MG;2º SUPLENTE;PV;13-PT/65-PC do B/43-PV;PSB / FEDERAÇÃO BRASIL DA ESPERANÇA - FE BRASIL (13-PT / 65-PC do B / 43-PV) / FEDERAÇÃO PSOL REDE (50-PSOL / 18-REDE)
2026;MS;SENADOR;PP;44-UNIÃO/11-PP;PL / FEDERAÇÃO UNIÃO PROGRESSISTA (44-UNIÃO / 11-PP) / REPUBLICANOS / FEDERAÇÃO PSDB CIDADANIA (45-PSDB / 23-CIDADANIA) / PSD / MDB / PODE / AVANTE
2026;ES;DEPUTADO ESTADUAL;AGIR;#NULO;AGIR
2026;SE;VICE-GOVERNADOR;PSDB;45-PSDB/23-CIDADANIA;FEDERAÇÃO PSDB CIDADANIA (45-PSDB / 23-CIDADANIA)
2026;RO;2º SUPLENTE;PV;13-PT/65-PC do B/43-PV;FEDERAÇÃO BRASIL DA ESPERANÇA - FE BRASIL (13-PT / 65-PC do B / 43-PV)
2026;CE;GOVERNADOR;PSDB;45-PSDB/23-CIDADANIA;PL / FEDERAÇÃO PSDB CIDADANIA (45-PSDB / 23-CIDADANIA) / FEDERAÇÃO UNIÃO PROGRESSISTA (44-UNIÃO / 11-PP) / DC / AVANTE
2026;PE;GOVERNADOR;MISSÃO;#NULO;MISSÃO
2026;CE;DEPUTADO ESTADUAL;SOLIDARIEDADE;25-PRD/77-SOLIDARIEDADE;FEDERAÇÃO RENOVAÇÃO SOLIDÁRIA (25-PRD / 77-SOLIDARIEDADE)
2026;AC;DEPUTADO FEDERAL;PDT;#NULO;PDT
2026;RN;GOVERNADOR;PODE;#NULO;PODE / PL / NOVO / FEDERAÇÃO PSDB CIDADANIA (45-PSDB / 23-CIDADANIA) / MOBILIZA
2026;SE;GOVERNADOR;PV;13-PT/65-PC do B/43-PV;PSB / PSD / FEDERAÇÃO UNIÃO PROGRESSISTA (44-UNIÃO / 11-PP) / FEDERAÇÃO BRASIL DA ESPERANÇA - FE BRASIL (13-PT / 65-PC do B / 43-PV)
2026;CE;SENADOR;MDB;#NULO;PDT / PODE / PSB / PSD / FEDERAÇÃO BRASIL DA ESPERANÇA - FE BRASIL (13-PT / 65-PC do B / 43-PV) / FEDERAÇÃO PSOL REDE (50-PSOL / 18-REDE) / FEDERAÇÃO RENOVAÇÃO SOLIDÁRIA (25-PRD / 77-SOLIDARIEDADE) / REPUBLICANOS / MDB / MOBILIZA
2026;MS;2º SUPLENTE;PP;44-UNIÃO/11-PP;PL / FEDERAÇÃO UNIÃO PROGRESSISTA (44-UNIÃO / 11-PP) / REPUBLICANOS / FEDERAÇÃO PSDB CIDADANIA (45-PSDB / 23-CIDADANIA) / PSD / MDB / PODE / AVANTE
2026;PA;VICE-GOVERNADOR;SOLIDARIEDADE;25-PRD/77-SOLIDARIEDADE;PODE / PL / DC / NOVO / FEDERAÇÃO RENOVAÇÃO SOLIDÁRIA (25-PRD / 77-SOLIDARIEDADE)
2026;MT;SENADOR;PSDB;45-PSDB/23-CIDADANIA;REPUBLICANOS / PODE / FEDERAÇÃO PSDB CIDADANIA (45-PSDB / 23-CIDADANIA) / FEDERAÇÃO UNIÃO PROGRESSISTA (44-UNIÃO / 11-PP)
2026;AP;1º SUPLENTE;PDT;#NULO;REPUBLICANOS / PDT / AGIR / FEDERAÇÃO UNIÃO PROGRESSISTA (44-UNIÃO / 11-PP) / FEDERAÇÃO PSDB CIDADANIA (45-PSDB / 23-CIDADANIA) / FEDERAÇÃO BRASIL DA ESPERANÇA - FE BRASIL (13-PT / 65-PC do B / 43-PV) / FEDERAÇÃO RENOVAÇÃO SOLIDÁRIA (25-PRD / 77-SOLIDARIEDADE)
2026;SP;DEPUTADO ESTADUAL;MISSÃO;#NULO;MISSÃO
2026;RN;VICE-GOVERNADOR;PCO;#NULO;PCO
2026;RN;GOVERNADOR;REPUBLICANOS;#NULO;REPUBLICANOS / MDB / PSD / AVANTE / FEDERAÇÃO RENOVAÇÃO SOLIDÁRIA (25-PRD / 77-SOLIDARIEDADE) / FEDERAÇÃO UNIÃO PROGRESSISTA (44-UNIÃO / 11-PP)
2026;PE;SENADOR;REDE;50-PSOL/18-REDE;PCB / FEDERAÇÃO PSOL REDE (50-PSOL / 18-REDE)
2026;AP;1º SUPLENTE;NOVO;#NULO;PODE / PL / NOVO / PSD
2026;BR;PRESIDENTE;PV;13-PT/65-PC do B/43-PV;PSB / PDT / FEDERAÇÃO BRASIL DA ESPERANÇA - FE BRASIL (13-PT / 65-PC do B / 43-PV) / FEDERAÇÃO PSOL REDE (50-PSOL / 18-REDE)
2026;AL;SENADOR;PV;13-PT/65-PC do B/43-PV;MDB / PODE / AGIR / PSB / PSD / AVANTE / FEDERAÇÃO BRASIL DA ESPERANÇA - FE BRASIL (13-PT / 65-PC do B / 43-PV)
2026;SE;DEPUTADO FEDERAL;UNIÃO;44-UNIÃO/11-PP;FEDERAÇÃO UNIÃO PROGRESSISTA (44-UNIÃO / 11-PP)
2026;DF;2º SUPLENTE;DEMOCRATA;#NULO;REPUBLICANOS / MDB / PODE / PL / FEDERAÇÃO RENOVAÇÃO SOLIDÁRIA (25-PRD / 77-SOLIDARIEDADE) / FEDERAÇÃO UNIÃO PROGRESSISTA (44-UNIÃO / 11-PP) / DC / MOBILIZA / DEMOCRATA
2026;PE;2º SUPLENTE;PSB;#NULO;REPUBLICANOS / PDT / MDB / DC / PSB / FEDERAÇÃO BRASIL DA ESPERANÇA - FE BRASIL (13-PT / 65-PC do B / 43-PV) / FEDERAÇÃO RENOVAÇÃO SOLIDÁRIA (25-PRD / 77-SOLIDARIEDADE)
2026;AL;1º SUPLENTE;UP;#NULO;UP
2026;RJ;VICE-GOVERNADOR;NOVO;#NULO;NOVO
2026;AL;SENADOR;UP;#NULO;UP
2026;DF;GOVERNADOR;PODE;#NULO;REPUBLICANOS / MDB / PODE / PL / DC / MOBILIZA / DEMOCRATA / FEDERAÇÃO RENOVAÇÃO SOLIDÁRIA (25-PRD / 77-SOLIDARIEDADE) / FEDERAÇÃO UNIÃO PROGRESSISTA (44-UNIÃO / 11-PP)
2026;DF;VICE-GOVERNADOR;PSOL;50-PSOL/18-REDE;PDT / FEDERAÇÃO BRASIL DA ESPERANÇA - FE BRASIL (13-PT / 65-PC do B / 43-PV) / FEDERAÇÃO PSOL REDE (50-PSOL / 18-REDE)
2026;PR;VICE-GOVERNADOR;AVANTE;#NULO;REPUBLICANOS / MDB / DEMOCRATA / PSD / AVANTE / FEDERAÇÃO PSDB CIDADANIA (45-PSDB / 23-CIDADANIA) / FEDERAÇÃO UNIÃO PROGRESSISTA (44-UNIÃO / 11-PP)
2026;SE;GOVERNADOR;NOVO;#NULO;PODE / PL / NOVO
2026;PI;GOVERNADOR;CIDADANIA;45-PSDB/23-CIDADANIA;FEDERAÇÃO PSDB CIDADANIA (45-PSDB / 23-CIDADANIA)
2026;AL;2º SUPLENTE;UNIÃO;44-UNIÃO/11-PP;PDT / PL / FEDERAÇÃO PSDB CIDADANIA (45-PSDB / 23-CIDADANIA) / FEDERAÇÃO RENOVAÇÃO SOLIDÁRIA (25-PRD / 77-SOLIDARIEDADE) / FEDERAÇÃO UNIÃO PROGRESSISTA (44-UNIÃO / 11-PP) / DC
2026;PB;GOVERNADOR;PSD;#NULO;MDB / DEMOCRATA / PSD / FEDERAÇÃO PSDB CIDADANIA (45-PSDB / 23-CIDADANIA) / PDT
2026;GO;DEPUTADO FEDERAL;DC;#NULO;DC
2026;DF;1º SUPLENTE;PSTU;#NULO;PSTU
2026;SC;DEPUTADO ESTADUAL;PSTU;#NULO;PSTU
2026;SC;GOVERNADOR;NOVO;#NULO;AVANTE / AGIR / DC / FEDERAÇÃO PSDB CIDADANIA (45-PSDB / 23-CIDADANIA) / NOVO / REPUBLICANOS / PODE / PL
2026;BA;SENADOR;PSD;#NULO;PDT / MDB / PSB / PSD / AVANTE / FEDERAÇÃO BRASIL DA ESPERANÇA - FE BRASIL (13-PT / 65-PC do B / 43-PV)
2026;DF;DEPUTADO FEDERAL;UNIÃO;44-UNIÃO/11-PP;FEDERAÇÃO UNIÃO PROGRESSISTA (44-UNIÃO / 11-PP)
2026;RN;DEPUTADO ESTADUAL;PV;13-PT/65-PC do B/43-PV;FEDERAÇÃO BRASIL DA ESPERANÇA - FE BRASIL (13-PT / 65-PC do B / 43-PV)
2026;PA;GOVERNADOR;DEMOCRATA;#NULO;DEMOCRATA
2026;TO;DEPUTADO FEDERAL;MISSÃO;#NULO;MISSÃO
2026;DF;2º SUPLENTE;REDE;50-PSOL/18-REDE;PDT / FEDERAÇÃO BRASIL DA ESPERANÇA - FE BRASIL (13-PT / 65-PC do B / 43-PV) / FEDERAÇÃO PSOL REDE (50-PSOL / 18-REDE)
2026;PR;GOVERNADOR;PL;#NULO;PODE / PL / NOVO
2026;PI;1º SUPLENTE;PT;13-PT/65-PC do B/43-PV;REPUBLICANOS / PDT / MDB / PSD / FEDERAÇÃO BRASIL DA ESPERANÇA - FE BRASIL (13-PT / 65-PC do B / 43-PV)
2026;BR;PRESIDENTE;PDT;#NULO;PSB / PDT / FEDERAÇÃO BRASIL DA ESPERANÇA - FE BRASIL (13-PT / 65-PC do B / 43-PV) / FEDERAÇÃO PSOL REDE (50-PSOL / 18-REDE)
2026;MA;VICE-GOVERNADOR;NOVO;#NULO;NOVO / PSD
2026;DF;2º SUPLENTE;PSTU;#NULO;PSTU
2026;RR;1º SUPLENTE;REDE;50-PSOL/18-REDE;FEDERAÇÃO PSOL REDE (50-PSOL / 18-REDE)
2026;PA;DEPUTADO ESTADUAL;PSTU;#NULO;PSTU
2026;SE;2º SUPLENTE;REDE;50-PSOL/18-REDE;FEDERAÇÃO PSOL REDE (50-PSOL / 18-REDE)
2026;RR;DEPUTADO FEDERAL;UNIÃO;44-UNIÃO/11-PP;FEDERAÇÃO UNIÃO PROGRESSISTA (44-UNIÃO / 11-PP)
2026;AC;VICE-GOVERNADOR;PCB;#NULO;PCB
2026;PB;VICE-GOVERNADOR;UP;#NULO;UP
2026;CE;1º SUPLENTE;PDT;#NULO;PDT / PODE / PSB / PSD / FEDERAÇÃO BRASIL DA ESPERANÇA - FE BRASIL (13-PT / 65-PC do B / 43-PV) / FEDERAÇÃO PSOL REDE (50-PSOL / 18-REDE) / FEDERAÇÃO RENOVAÇÃO SOLIDÁRIA (25-PRD / 77-SOLIDARIEDADE) / REPUBLICANOS / MDB / MOBILIZA
2026;MT;1º SUPLENTE;PV;13-PT/65-PC do B/43-PV;PDT / PSB / PSD / FEDERAÇÃO BRASIL DA ESPERANÇA - FE BRASIL (13-PT / 65-PC do B / 43-PV) / FEDERAÇÃO PSOL REDE (50-PSOL / 18-REDE)
2026;RR;1º SUPLENTE;PP;44-UNIÃO/11-PP;REPUBLICANOS / PODE / AGIR / PSD / FEDERAÇÃO UNIÃO PROGRESSISTA (44-UNIÃO / 11-PP)
2026;AP;GOVERNADOR;CIDADANIA;45-PSDB/23-CIDADANIA;REPUBLICANOS / PDT / AGIR / FEDERAÇÃO UNIÃO PROGRESSISTA (44-UNIÃO / 11-PP) / FEDERAÇÃO PSDB CIDADANIA (45-PSDB / 23-CIDADANIA) / FEDERAÇÃO BRASIL DA ESPERANÇA - FE BRASIL (13-PT / 65-PC do B / 43-PV) / FEDERAÇÃO RENOVAÇÃO SOLIDÁRIA (25-PRD / 77-SOLIDARIEDADE)
2026;RO;SENADOR;DC;#NULO;PODE / PL / DC / NOVO / MOBILIZA
2026;SC;SENADOR;PSOL;50-PSOL/18-REDE;PDT / PSB / FEDERAÇÃO BRASIL DA ESPERANÇA - FE BRASIL (13-PT / 65-PC do B / 43-PV) / FEDERAÇÃO PSOL REDE (50-PSOL / 18-REDE)
2026;MS;DEPUTADO FEDERAL;MISSÃO;#NULO;MISSÃO
2026;DF;1º SUPLENTE;AVANTE;#NULO;AVANTE
2026;PA;DEPUTADO FEDERAL;PSDB;45-PSDB/23-CIDADANIA;FEDERAÇÃO PSDB CIDADANIA (45-PSDB / 23-CIDADANIA)
2026;RO;DEPUTADO FEDERAL;PV;13-PT/65-PC do B/43-PV;FEDERAÇÃO BRASIL DA ESPERANÇA - FE BRASIL (13-PT / 65-PC do B / 43-PV)
2026;RO;DEPUTADO ESTADUAL;PL;#NULO;PL
2026;TO;DEPUTADO FEDERAL;DC;#NULO;DC
2026;MA;2º SUPLENTE;REDE;50-PSOL/18-REDE;PSB / FEDERAÇÃO BRASIL DA ESPERANÇA - FE BRASIL (13-PT / 65-PC do B / 43-PV) / FEDERAÇÃO PSOL REDE (50-PSOL / 18-REDE)
2026;PI;2º SUPLENTE;DEMOCRATA;#NULO;DEMOCRATA
2026;AM;VICE-GOVERNADOR;PODE;#NULO;PSB / FEDERAÇÃO UNIÃO PROGRESSISTA (44-UNIÃO / 11-PP) / PODE
2026;DF;SENADOR;MOBILIZA;#NULO;REPUBLICANOS / MDB / PODE / PL / FEDERAÇÃO RENOVAÇÃO SOLIDÁRIA (25-PRD / 77-SOLIDARIEDADE) / FEDERAÇÃO UNIÃO PROGRESSISTA (44-UNIÃO / 11-PP) / DC / MOBILIZA / DEMOCRATA
2026;RN;2º SUPLENTE;PP;44-UNIÃO/11-PP;REPUBLICANOS / MDB / PSD / FEDERAÇÃO RENOVAÇÃO SOLIDÁRIA (25-PRD / 77-SOLIDARIEDADE) / FEDERAÇÃO UNIÃO PROGRESSISTA (44-UNIÃO / 11-PP) / AVANTE
2026;PE;1º SUPLENTE;PP;44-UNIÃO/11-PP;PODE / PSD / AVANTE / FEDERAÇÃO PSDB CIDADANIA (45-PSDB / 23-CIDADANIA) / FEDERAÇÃO UNIÃO PROGRESSISTA (44-UNIÃO / 11-PP)
2026;AM;1º SUPLENTE;PCDOB;13-PT/65-PC do B/43-PV;REPUBLICANOS / MDB / PSD / FEDERAÇÃO BRASIL DA ESPERANÇA - FE BRASIL (13-PT / 65-PC do B / 43-PV)
2026;AM;VICE-GOVERNADOR;SOLIDARIEDADE;25-PRD/77-SOLIDARIEDADE;PDT / DC / AGIR / AVANTE / FEDERAÇÃO RENOVAÇÃO SOLIDÁRIA (25-PRD / 77-SOLIDARIEDADE)
2026;PI;DEPUTADO FEDERAL;NOVO;#NULO;NOVO
2026;AC;2º SUPLENTE;PSD;#NULO;REPUBLICANOS / PSD / AVANTE / NOVO
2026;RR;1º SUPLENTE;CIDADANIA;45-PSDB/23-CIDADANIA;PSB / FEDERAÇÃO PSDB CIDADANIA (45-PSDB / 23-CIDADANIA)
2026;PE;DEPUTADO ESTADUAL;NOVO;#NULO;NOVO
2026;BA;DEPUTADO FEDERAL;PSB;#NULO;PSB
2026;AP;2º SUPLENTE;PSB;#NULO;PSB
2026;PE;SENADOR;UP;#NULO;UP
2026;ES;GOVERNADOR;PCDOB;13-PT/65-PC do B/43-PV;FEDERAÇÃO BRASIL DA ESPERANÇA - FE BRASIL (13-PT / 65-PC do B / 43-PV)
2026;DF;GOVERNADOR;SOLIDARIEDADE;25-PRD/77-SOLIDARIEDADE;REPUBLICANOS / MDB / PODE / PL / DC / MOBILIZA / DEMOCRATA / FEDERAÇÃO RENOVAÇÃO SOLIDÁRIA (25-PRD / 77-SOLIDARIEDADE) / FEDERAÇÃO UNIÃO PROGRESSISTA (44-UNIÃO / 11-PP)
2026;RJ;GOVERNADOR;CIDADANIA;45-PSDB/23-CIDADANIA;PDT / MDB / DC / PSB / PSD / FEDERAÇÃO PSDB CIDADANIA (45-PSDB / 23-CIDADANIA) / FEDERAÇÃO BRASIL DA ESPERANÇA - FE BRASIL (13-PT / 65-PC do B / 43-PV) / FEDERAÇÃO RENOVAÇÃO SOLIDÁRIA (25-PRD / 77-SOLIDARIEDADE)
2026;RR;VICE-GOVERNADOR;AGIR;#NULO;REPUBLICANOS / PODE / AGIR / PSD / FEDERAÇÃO UNIÃO PROGRESSISTA (44-UNIÃO / 11-PP)
2026;BA;1º SUPLENTE;PCDOB;13-PT/65-PC do B/43-PV;PDT / MDB / PSB / PSD / AVANTE / FEDERAÇÃO BRASIL DA ESPERANÇA - FE BRASIL (13-PT / 65-PC do B / 43-PV)
2026;MG;DEPUTADO ESTADUAL;PP;44-UNIÃO/11-PP;FEDERAÇÃO UNIÃO PROGRESSISTA (44-UNIÃO / 11-PP)
2026;CE;GOVERNADOR;PP;44-UNIÃO/11-PP;PL / FEDERAÇÃO PSDB CIDADANIA (45-PSDB / 23-CIDADANIA) / FEDERAÇÃO UNIÃO PROGRESSISTA (44-UNIÃO / 11-PP) / DC / AVANTE
2026;RN;2º SUPLENTE;CIDADANIA;45-PSDB/23-CIDADANIA;PODE / PL / NOVO / FEDERAÇÃO PSDB CIDADANIA (45-PSDB / 23-CIDADANIA) / MOBILIZA
2026;AM;SENADOR;UNIÃO;44-UNIÃO/11-PP;PSB / FEDERAÇÃO UNIÃO PROGRESSISTA (44-UNIÃO / 11-PP) / PODE
2026;MT;1º SUPLENTE;NOVO;#NULO;MDB / PL / NOVO / FEDERAÇÃO RENOVAÇÃO SOLIDÁRIA (25-PRD / 77-SOLIDARIEDADE)
2026;MS;DEPUTADO FEDERAL;CIDADANIA;45-PSDB/23-CIDADANIA;FEDERAÇÃO PSDB CIDADANIA (45-PSDB / 23-CIDADANIA)
2026;GO;DEPUTADO ESTADUAL;PSB;#NULO;PSB
2026;PA;SENADOR;PSOL;50-PSOL/18-REDE;FEDERAÇÃO PSOL REDE (50-PSOL / 18-REDE)
2026;PI;1º SUPLENTE;PP;44-UNIÃO/11-PP;PODE / PL / FEDERAÇÃO RENOVAÇÃO SOLIDÁRIA (25-PRD / 77-SOLIDARIEDADE) / FEDERAÇÃO UNIÃO PROGRESSISTA (44-UNIÃO / 11-PP)
2026;SP;1º SUPLENTE;UNIÃO;44-UNIÃO/11-PP;FEDERAÇÃO UNIÃO PROGRESSISTA (44-UNIÃO / 11-PP) / REPUBLICANOS / PL / MDB / DEMOCRATA / PSD / FEDERAÇÃO RENOVAÇÃO SOLIDÁRIA (25-PRD / 77-SOLIDARIEDADE) / AVANTE
2026;TO;GOVERNADOR;REPUBLICANOS;#NULO;REPUBLICANOS / PODE / AVANTE / PL / FEDERAÇÃO RENOVAÇÃO SOLIDÁRIA (25-PRD / 77-SOLIDARIEDADE) / FEDERAÇÃO UNIÃO PROGRESSISTA (44-UNIÃO / 11-PP)
2026;SC;SENADOR;MISSÃO;#NULO;MISSÃO
2026;MS;VICE-GOVERNADOR;NOVO;#NULO;NOVO
2026;MS;SENADOR;PT;13-PT/65-PC do B/43-PV;PDT / PSB / FEDERAÇÃO BRASIL DA ESPERANÇA - FE BRASIL (13-PT / 65-PC do B / 43-PV)
2026;MA;VICE-GOVERNADOR;PODE;#NULO;MDB / PDT / REPUBLICANOS / PODE / FEDERAÇÃO RENOVAÇÃO SOLIDÁRIA (25-PRD / 77-SOLIDARIEDADE)
2026;SP;VICE-GOVERNADOR;PSTU;#NULO;PSTU
2026;AL;SENADOR;UNIÃO;44-UNIÃO/11-PP;PDT / PL / FEDERAÇÃO PSDB CIDADANIA (45-PSDB / 23-CIDADANIA) / FEDERAÇÃO RENOVAÇÃO SOLIDÁRIA (25-PRD / 77-SOLIDARIEDADE) / FEDERAÇÃO UNIÃO PROGRESSISTA (44-UNIÃO / 11-PP) / DC
2026;RO;DEPUTADO ESTADUAL;PT;13-PT/65-PC do B/43-PV;FEDERAÇÃO BRASIL DA ESPERANÇA - FE BRASIL (13-PT / 65-PC do B / 43-PV)
2026;SE;GOVERNADOR;PSDB;45-PSDB/23-CIDADANIA;FEDERAÇÃO PSDB CIDADANIA (45-PSDB / 23-CIDADANIA)
2026;SE;DEPUTADO ESTADUAL;MDB;#NULO;MDB
2026;SE;DEPUTADO ESTADUAL;PODE;#NULO;PODE
2026;PA;DEPUTADO FEDERAL;CIDADANIA;45-PSDB/23-CIDADANIA;FEDERAÇÃO PSDB CIDADANIA (45-PSDB / 23-CIDADANIA)
2026;SE;GOVERNADOR;PP;44-UNIÃO/11-PP;PSB / PSD / FEDERAÇÃO UNIÃO PROGRESSISTA (44-UNIÃO / 11-PP) / FEDERAÇÃO BRASIL DA ESPERANÇA - FE BRASIL (13-PT / 65-PC do B / 43-PV)
2026;DF;VICE-GOVERNADOR;PSD;#NULO;PSD / AVANTE
2026;AC;VICE-GOVERNADOR;PSB;#NULO;PODE / PSB / FEDERAÇÃO BRASIL DA ESPERANÇA - FE BRASIL (13-PT / 65-PC do B / 43-PV)
2026;AP;VICE-GOVERNADOR;PDT;#NULO;REPUBLICANOS / PDT / AGIR / FEDERAÇÃO UNIÃO PROGRESSISTA (44-UNIÃO / 11-PP) / FEDERAÇÃO PSDB CIDADANIA (45-PSDB / 23-CIDADANIA) / FEDERAÇÃO BRASIL DA ESPERANÇA - FE BRASIL (13-PT / 65-PC do B / 43-PV) / FEDERAÇÃO RENOVAÇÃO SOLIDÁRIA (25-PRD / 77-SOLIDARIEDADE)
2026;ES;DEPUTADO ESTADUAL;PP;44-UNIÃO/11-PP;FEDERAÇÃO UNIÃO PROGRESSISTA (44-UNIÃO / 11-PP)
2026;SE;DEPUTADO FEDERAL;PODE;#NULO;PODE
2026;AP;DEPUTADO FEDERAL;PCO;#NULO;PCO
2026;DF;2º SUPLENTE;PSDB;45-PSDB/23-CIDADANIA;FEDERAÇÃO PSDB CIDADANIA (45-PSDB / 23-CIDADANIA)
2026;ES;1º SUPLENTE;PSD;#NULO;PSD
2026;MS;1º SUPLENTE;DC;#NULO;DC
2026;TO;GOVERNADOR;PP;44-UNIÃO/11-PP;REPUBLICANOS / PODE / AVANTE / PL / FEDERAÇÃO RENOVAÇÃO SOLIDÁRIA (25-PRD / 77-SOLIDARIEDADE) / FEDERAÇÃO UNIÃO PROGRESSISTA (44-UNIÃO / 11-PP)
2026;RS;GOVERNADOR;PV;13-PT/65-PC do B/43-PV;PDT / PSB / AVANTE / FEDERAÇÃO BRASIL DA ESPERANÇA - FE BRASIL (13-PT / 65-PC do B / 43-PV) / FEDERAÇÃO PSOL REDE (50-PSOL / 18-REDE)
2026;AM;2º SUPLENTE;REPUBLICANOS;#NULO;REPUBLICANOS / MDB / PSD / FEDERAÇÃO BRASIL DA ESPERANÇA - FE BRASIL (13-PT / 65-PC do B / 43-PV)
2026;MG;VICE-GOVERNADOR;PSB;#NULO;PSB / FEDERAÇÃO BRASIL DA ESPERANÇA - FE BRASIL (13-PT / 65-PC do B / 43-PV) / FEDERAÇÃO PSOL REDE (50-PSOL / 18-REDE)
2026;MS;GOVERNADOR;PCDOB;13-PT/65-PC do B/43-PV;PDT / PSB / FEDERAÇÃO BRASIL DA ESPERANÇA - FE BRASIL (13-PT / 65-PC do B / 43-PV)
2026;PE;VICE-GOVERNADOR;MDB;#NULO;REPUBLICANOS / PDT / MDB / PSB / FEDERAÇÃO BRASIL DA ESPERANÇA - FE BRASIL (13-PT / 65-PC do B / 43-PV) / FEDERAÇÃO RENOVAÇÃO SOLIDÁRIA (25-PRD / 77-SOLIDARIEDADE) / DC
2026;MG;1º SUPLENTE;PCDOB;13-PT/65-PC do B/43-PV;PSB / FEDERAÇÃO BRASIL DA ESPERANÇA - FE BRASIL (13-PT / 65-PC do B / 43-PV) / FEDERAÇÃO PSOL REDE (50-PSOL / 18-REDE)
2026;PR;2º SUPLENTE;PCDOB;13-PT/65-PC do B/43-PV;PDT / FEDERAÇÃO BRASIL DA ESPERANÇA - FE BRASIL (13-PT / 65-PC do B / 43-PV) / FEDERAÇÃO PSOL REDE (50-PSOL / 18-REDE) / FEDERAÇÃO RENOVAÇÃO SOLIDÁRIA (25-PRD / 77-SOLIDARIEDADE)
2026;PI;GOVERNADOR;REDE;50-PSOL/18-REDE;FEDERAÇÃO PSOL REDE (50-PSOL / 18-REDE)
2026;RR;1º SUPLENTE;PT;13-PT/65-PC do B/43-PV;FEDERAÇÃO BRASIL DA ESPERANÇA - FE BRASIL (13-PT / 65-PC do B / 43-PV)
2026;TO;DEPUTADO ESTADUAL;NOVO;#NULO;NOVO
2026;MS;DEPUTADO FEDERAL;PSOL;50-PSOL/18-REDE;FEDERAÇÃO PSOL REDE (50-PSOL / 18-REDE)
2026;MA;GOVERNADOR;PCB;#NULO;PCB
2026;RR;2º SUPLENTE;DC;#NULO;DC
2026;ES;DEPUTADO ESTADUAL;REDE;50-PSOL/18-REDE;FEDERAÇÃO PSOL REDE (50-PSOL / 18-REDE)
2026;BA;DEPUTADO ESTADUAL;UP;#NULO;UP
2026;SP;VICE-GOVERNADOR;PCB;#NULO;PCB
2026;PE;2º SUPLENTE;UP;#NULO;UP
2026;AC;1º SUPLENTE;PODE;#NULO;PODE / PSB / FEDERAÇÃO BRASIL DA ESPERANÇA - FE BRASIL (13-PT / 65-PC do B / 43-PV)
2026;SE;VICE-GOVERNADOR;PL;#NULO;PODE / PL / NOVO
2026;BR;VICE-PRESIDENTE;PV;13-PT/65-PC do B/43-PV;PSB / PDT / FEDERAÇÃO BRASIL DA ESPERANÇA - FE BRASIL (13-PT / 65-PC do B / 43-PV) / FEDERAÇÃO PSOL REDE (50-PSOL / 18-REDE)
2026;PA;SENADOR;MDB;#NULO;PSD / FEDERAÇÃO UNIÃO PROGRESSISTA (44-UNIÃO / 11-PP) / PSB / REPUBLICANOS / FEDERAÇÃO BRASIL DA ESPERANÇA - FE BRASIL (13-PT / 65-PC do B / 43-PV) / FEDERAÇÃO PSDB CIDADANIA (45-PSDB / 23-CIDADANIA) / MDB / AVANTE
2026;CE;GOVERNADOR;NOVO;#NULO;NOVO
2026;AL;DEPUTADO FEDERAL;PSD;#NULO;PSD
2026;MS;DEPUTADO FEDERAL;AGIR;#NULO;AGIR
2026;SE;GOVERNADOR;DC;#NULO;DC
2026;PA;DEPUTADO FEDERAL;AVANTE;#NULO;AVANTE
2026;RJ;1º SUPLENTE;PODE;#NULO;PODE
2026;AC;1º SUPLENTE;PP;44-UNIÃO/11-PP;PDT / MDB / PL / DEMOCRATA / FEDERAÇÃO UNIÃO PROGRESSISTA (44-UNIÃO / 11-PP)
2026;PB;1º SUPLENTE;MDB;#NULO;MDB / DEMOCRATA / PSD / FEDERAÇÃO PSDB CIDADANIA (45-PSDB / 23-CIDADANIA) / PDT
2026;BA;VICE-GOVERNADOR;PSOL;50-PSOL/18-REDE;FEDERAÇÃO PSOL REDE (50-PSOL / 18-REDE)
2026;SE;DEPUTADO FEDERAL;REPUBLICANOS;#NULO;REPUBLICANOS
2026;SE;1º SUPLENTE;MDB;#NULO;MDB
2026;RN;2º SUPLENTE;UP;#NULO;UP
2026;MG;DEPUTADO ESTADUAL;PODE;#NULO;PODE
2026;PI;2º SUPLENTE;DC;#NULO;DC
2026;RJ;2º SUPLENTE;REDE;50-PSOL/18-REDE;FEDERAÇÃO PSOL REDE (50-PSOL / 18-REDE)
2026;AL;2º SUPLENTE;MDB;#NULO;MDB / PODE / AGIR / PSB / PSD / AVANTE / FEDERAÇÃO BRASIL DA ESPERANÇA - FE BRASIL (13-PT / 65-PC do B / 43-PV)
2026;RO;1º SUPLENTE;REPUBLICANOS;#NULO;REPUBLICANOS / FEDERAÇÃO UNIÃO PROGRESSISTA (44-UNIÃO / 11-PP)
2026;AC;VICE-GOVERNADOR;PL;#NULO;PDT / MDB / PL / DEMOCRATA / FEDERAÇÃO UNIÃO PROGRESSISTA (44-UNIÃO / 11-PP)
2026;AP;SENADOR;PV;13-PT/65-PC do B/43-PV;REPUBLICANOS / PDT / AGIR / FEDERAÇÃO UNIÃO PROGRESSISTA (44-UNIÃO / 11-PP) / FEDERAÇÃO PSDB CIDADANIA (45-PSDB / 23-CIDADANIA) / FEDERAÇÃO BRASIL DA ESPERANÇA - FE BRASIL (13-PT / 65-PC do B / 43-PV) / FEDERAÇÃO RENOVAÇÃO SOLIDÁRIA (25-PRD / 77-SOLIDARIEDADE)
2026;AM;SENADOR;PCDOB;13-PT/65-PC do B/43-PV;REPUBLICANOS / MDB / PSD / FEDERAÇÃO BRASIL DA ESPERANÇA - FE BRASIL (13-PT / 65-PC do B / 43-PV)
2026;DF;VICE-GOVERNADOR;PP;44-UNIÃO/11-PP;REPUBLICANOS / MDB / PODE / PL / DC / MOBILIZA / DEMOCRATA / FEDERAÇÃO RENOVAÇÃO SOLIDÁRIA (25-PRD / 77-SOLIDARIEDADE) / FEDERAÇÃO UNIÃO PROGRESSISTA (44-UNIÃO / 11-PP)
2026;AP;SENADOR;CIDADANIA;45-PSDB/23-CIDADANIA;REPUBLICANOS / PDT / AGIR / FEDERAÇÃO UNIÃO PROGRESSISTA (44-UNIÃO / 11-PP) / FEDERAÇÃO PSDB CIDADANIA (45-PSDB / 23-CIDADANIA) / FEDERAÇÃO BRASIL DA ESPERANÇA - FE BRASIL (13-PT / 65-PC do B / 43-PV) / FEDERAÇÃO RENOVAÇÃO SOLIDÁRIA (25-PRD / 77-SOLIDARIEDADE)
2026;SE;2º SUPLENTE;PP;44-UNIÃO/11-PP;PSB / PSD / FEDERAÇÃO BRASIL DA ESPERANÇA - FE BRASIL (13-PT / 65-PC do B / 43-PV) / FEDERAÇÃO UNIÃO PROGRESSISTA (44-UNIÃO / 11-PP)
2026;MS;SENADOR;PCDOB;13-PT/65-PC do B/43-PV;PDT / PSB / FEDERAÇÃO BRASIL DA ESPERANÇA - FE BRASIL (13-PT / 65-PC do B / 43-PV)
2026;DF;DEPUTADO DISTRITAL;CIDADANIA;45-PSDB/23-CIDADANIA;FEDERAÇÃO PSDB CIDADANIA (45-PSDB / 23-CIDADANIA)
2026;CE;GOVERNADOR;AVANTE;#NULO;PL / FEDERAÇÃO PSDB CIDADANIA (45-PSDB / 23-CIDADANIA) / FEDERAÇÃO UNIÃO PROGRESSISTA (44-UNIÃO / 11-PP) / DC / AVANTE
2026;MS;SENADOR;PV;13-PT/65-PC do B/43-PV;PDT / PSB / FEDERAÇÃO BRASIL DA ESPERANÇA - FE BRASIL (13-PT / 65-PC do B / 43-PV)
2026;MG;VICE-GOVERNADOR;REDE;50-PSOL/18-REDE;PSB / FEDERAÇÃO BRASIL DA ESPERANÇA - FE BRASIL (13-PT / 65-PC do B / 43-PV) / FEDERAÇÃO PSOL REDE (50-PSOL / 18-REDE)
2026;PR;2º SUPLENTE;REPUBLICANOS;#NULO;REPUBLICANOS / MDB / DEMOCRATA / PSD / AVANTE / FEDERAÇÃO PSDB CIDADANIA (45-PSDB / 23-CIDADANIA) / FEDERAÇÃO UNIÃO PROGRESSISTA (44-UNIÃO / 11-PP)
2026;SC;SENADOR;PODE;#NULO;REPUBLICANOS / PODE / PL / DC / NOVO / AGIR / AVANTE / FEDERAÇÃO PSDB CIDADANIA (45-PSDB / 23-CIDADANIA)
2026;PE;VICE-GOVERNADOR;CIDADANIA;45-PSDB/23-CIDADANIA;PODE / PSD / AVANTE / FEDERAÇÃO PSDB CIDADANIA (45-PSDB / 23-CIDADANIA) / FEDERAÇÃO UNIÃO PROGRESSISTA (44-UNIÃO / 11-PP)
2026;RS;2º SUPLENTE;PP;44-UNIÃO/11-PP;REPUBLICANOS / PODE / DC / NOVO / PL / FEDERAÇÃO UNIÃO PROGRESSISTA (44-UNIÃO / 11-PP)
2026;CE;SENADOR;PRD;25-PRD/77-SOLIDARIEDADE;PDT / PODE / PSB / PSD / FEDERAÇÃO BRASIL DA ESPERANÇA - FE BRASIL (13-PT / 65-PC do B / 43-PV) / FEDERAÇÃO PSOL REDE (50-PSOL / 18-REDE) / FEDERAÇÃO RENOVAÇÃO SOLIDÁRIA (25-PRD / 77-SOLIDARIEDADE) / REPUBLICANOS / MDB / MOBILIZA
2026;GO;VICE-GOVERNADOR;PSD;#NULO;REPUBLICANOS / MDB / PODE / MOBILIZA / DEMOCRATA / AGIR / PSD / AVANTE / FEDERAÇÃO RENOVAÇÃO SOLIDÁRIA (25-PRD / 77-SOLIDARIEDADE) / FEDERAÇÃO UNIÃO PROGRESSISTA (44-UNIÃO / 11-PP)
2026;SP;SENADOR;PSD;#NULO;FEDERAÇÃO UNIÃO PROGRESSISTA (44-UNIÃO / 11-PP) / REPUBLICANOS / PL / MDB / DEMOCRATA / PSD / FEDERAÇÃO RENOVAÇÃO SOLIDÁRIA (25-PRD / 77-SOLIDARIEDADE) / AVANTE
2026;PA;1º SUPLENTE;CIDADANIA;45-PSDB/23-CIDADANIA;PSD / FEDERAÇÃO UNIÃO PROGRESSISTA (44-UNIÃO / 11-PP) / PSB / REPUBLICANOS / FEDERAÇÃO BRASIL DA ESPERANÇA - FE BRASIL (13-PT / 65-PC do B / 43-PV) / FEDERAÇÃO PSDB CIDADANIA (45-PSDB / 23-CIDADANIA) / MDB / AVANTE
2026;SP;VICE-GOVERNADOR;PCDOB;13-PT/65-PC do B/43-PV;PDT / PSB / FEDERAÇÃO BRASIL DA ESPERANÇA - FE BRASIL (13-PT / 65-PC do B / 43-PV) / FEDERAÇÃO PSOL REDE (50-PSOL / 18-REDE)
2026;SC;GOVERNADOR;AVANTE;#NULO;AVANTE / AGIR / DC / FEDERAÇÃO PSDB CIDADANIA (45-PSDB / 23-CIDADANIA) / NOVO / REPUBLICANOS / PODE / PL
2026;ES;GOVERNADOR;PSDB;45-PSDB/23-CIDADANIA;PODE / MDB / AGIR / PSB / PDT / FEDERAÇÃO PSDB CIDADANIA (45-PSDB / 23-CIDADANIA) / FEDERAÇÃO UNIÃO PROGRESSISTA (44-UNIÃO / 11-PP)
2026;PB;SENADOR;DEMOCRATA;#NULO;MDB / DEMOCRATA / PSD / FEDERAÇÃO PSDB CIDADANIA (45-PSDB / 23-CIDADANIA) / PDT
2026;AP;DEPUTADO ESTADUAL;PT;13-PT/65-PC do B/43-PV;FEDERAÇÃO BRASIL DA ESPERANÇA - FE BRASIL (13-PT / 65-PC do B / 43-PV)
2026;PE;DEPUTADO ESTADUAL;SOLIDARIEDADE;25-PRD/77-SOLIDARIEDADE;FEDERAÇÃO RENOVAÇÃO SOLIDÁRIA (25-PRD / 77-SOLIDARIEDADE)
2026;BA;DEPUTADO ESTADUAL;MOBILIZA;#NULO;MOBILIZA
2026;MG;DEPUTADO FEDERAL;MDB;#NULO;MDB
2026;DF;SENADOR;PSDB;45-PSDB/23-CIDADANIA;FEDERAÇÃO PSDB CIDADANIA (45-PSDB / 23-CIDADANIA)
2026;CE;SENADOR;PSTU;#NULO;PSTU
2026;MG;VICE-GOVERNADOR;PL;#NULO;PL
2026;PB;SENADOR;CIDADANIA;45-PSDB/23-CIDADANIA;MDB / DEMOCRATA / PSD / FEDERAÇÃO PSDB CIDADANIA (45-PSDB / 23-CIDADANIA) / PDT
2026;RN;VICE-GOVERNADOR;MDB;#NULO;REPUBLICANOS / MDB / PSD / AVANTE / FEDERAÇÃO RENOVAÇÃO SOLIDÁRIA (25-PRD / 77-SOLIDARIEDADE) / FEDERAÇÃO UNIÃO PROGRESSISTA (44-UNIÃO / 11-PP)
2026;BA;VICE-GOVERNADOR;PSB;#NULO;PDT / MDB / PSB / PSD / AVANTE / FEDERAÇÃO BRASIL DA ESPERANÇA - FE BRASIL (13-PT / 65-PC do B / 43-PV)
2026;GO;2º SUPLENTE;DC;#NULO;DC / FEDERAÇÃO PSDB CIDADANIA (45-PSDB / 23-CIDADANIA)
2026;RN;GOVERNADOR;MOBILIZA;#NULO;PODE / PL / NOVO / FEDERAÇÃO PSDB CIDADANIA (45-PSDB / 23-CIDADANIA) / MOBILIZA
2026;RN;GOVERNADOR;PRD;25-PRD/77-SOLIDARIEDADE;REPUBLICANOS / MDB / PSD / AVANTE / FEDERAÇÃO RENOVAÇÃO SOLIDÁRIA (25-PRD / 77-SOLIDARIEDADE) / FEDERAÇÃO UNIÃO PROGRESSISTA (44-UNIÃO / 11-PP)
2026;AM;GOVERNADOR;MOBILIZA;#NULO;MOBILIZA
2026;RJ;2º SUPLENTE;PODE;#NULO;PODE
2026;PA;DEPUTADO ESTADUAL;REPUBLICANOS;#NULO;REPUBLICANOS
2026;SP;1º SUPLENTE;PSDB;45-PSDB/23-CIDADANIA;FEDERAÇÃO PSDB CIDADANIA (45-PSDB / 23-CIDADANIA)
2026;SC;DEPUTADO ESTADUAL;PRD;25-PRD/77-SOLIDARIEDADE;FEDERAÇÃO RENOVAÇÃO SOLIDÁRIA (25-PRD / 77-SOLIDARIEDADE)
2026;DF;1º SUPLENTE;PCO;#NULO;PCO
2026;RS;1º SUPLENTE;PSD;#NULO;MDB / PSD / FEDERAÇÃO RENOVAÇÃO SOLIDÁRIA (25-PRD / 77-SOLIDARIEDADE)
2026;BA;GOVERNADOR;PSB;#NULO;PDT / MDB / PSB / PSD / AVANTE / FEDERAÇÃO BRASIL DA ESPERANÇA - FE BRASIL (13-PT / 65-PC do B / 43-PV)
2026;AP;VICE-GOVERNADOR;PRD;25-PRD/77-SOLIDARIEDADE;REPUBLICANOS / PDT / AGIR / FEDERAÇÃO UNIÃO PROGRESSISTA (44-UNIÃO / 11-PP) / FEDERAÇÃO PSDB CIDADANIA (45-PSDB / 23-CIDADANIA) / FEDERAÇÃO BRASIL DA ESPERANÇA - FE BRASIL (13-PT / 65-PC do B / 43-PV) / FEDERAÇÃO RENOVAÇÃO SOLIDÁRIA (25-PRD / 77-SOLIDARIEDADE)
2026;PA;SENADOR;PV;13-PT/65-PC do B/43-PV;PSD / FEDERAÇÃO UNIÃO PROGRESSISTA (44-UNIÃO / 11-PP) / PSB / REPUBLICANOS / FEDERAÇÃO BRASIL DA ESPERANÇA - FE BRASIL (13-PT / 65-PC do B / 43-PV) / FEDERAÇÃO PSDB CIDADANIA (45-PSDB / 23-CIDADANIA) / MDB / AVANTE
2026;SP;SENADOR;REDE;50-PSOL/18-REDE;PDT / PSB / FEDERAÇÃO BRASIL DA ESPERANÇA - FE BRASIL (13-PT / 65-PC do B / 43-PV) / FEDERAÇÃO PSOL REDE (50-PSOL / 18-REDE)
2026;MT;GOVERNADOR;PV;13-PT/65-PC do B/43-PV;PDT / PSB / PSD / FEDERAÇÃO BRASIL DA ESPERANÇA - FE BRASIL (13-PT / 65-PC do B / 43-PV) / FEDERAÇÃO PSOL REDE (50-PSOL / 18-REDE)
2026;PA;VICE-GOVERNADOR;PSDB;45-PSDB/23-CIDADANIA;REPUBLICANOS / MDB / PSB / PSD / AVANTE / FEDERAÇÃO PSDB CIDADANIA (45-PSDB / 23-CIDADANIA) / FEDERAÇÃO BRASIL DA ESPERANÇA - FE BRASIL (13-PT / 65-PC do B / 43-PV) / FEDERAÇÃO UNIÃO PROGRESSISTA (44-UNIÃO / 11-PP)
2026;RR;SENADOR;PSOL;50-PSOL/18-REDE;FEDERAÇÃO PSOL REDE (50-PSOL / 18-REDE)
2026;SC;DEPUTADO FEDERAL;CIDADANIA;45-PSDB/23-CIDADANIA;FEDERAÇÃO PSDB CIDADANIA (45-PSDB / 23-CIDADANIA)
2026;AL;2º SUPLENTE;PT;13-PT/65-PC do B/43-PV;MDB / PODE / AGIR / PSB / PSD / AVANTE / FEDERAÇÃO BRASIL DA ESPERANÇA - FE BRASIL (13-PT / 65-PC do B / 43-PV)
2026;RJ;DEPUTADO FEDERAL;PSB;#NULO;PSB
2026;AL;DEPUTADO ESTADUAL;PSDB;45-PSDB/23-CIDADANIA;FEDERAÇÃO PSDB CIDADANIA (45-PSDB / 23-CIDADANIA)
2026;SP;SENADOR;PP;44-UNIÃO/11-PP;FEDERAÇÃO UNIÃO PROGRESSISTA (44-UNIÃO / 11-PP) / REPUBLICANOS / PL / MDB / DEMOCRATA / PSD / FEDERAÇÃO RENOVAÇÃO SOLIDÁRIA (25-PRD / 77-SOLIDARIEDADE) / AVANTE
2026;MT;VICE-GOVERNADOR;NOVO;#NULO;MDB / PL / NOVO / FEDERAÇÃO RENOVAÇÃO SOLIDÁRIA (25-PRD / 77-SOLIDARIEDADE)
2026;PR;SENADOR;CIDADANIA;45-PSDB/23-CIDADANIA;REPUBLICANOS / MDB / DEMOCRATA / PSD / AVANTE / FEDERAÇÃO PSDB CIDADANIA (45-PSDB / 23-CIDADANIA) / FEDERAÇÃO UNIÃO PROGRESSISTA (44-UNIÃO / 11-PP)
2026;RR;2º SUPLENTE;SOLIDARIEDADE;25-PRD/77-SOLIDARIEDADE;AVANTE / FEDERAÇÃO RENOVAÇÃO SOLIDÁRIA (25-PRD / 77-SOLIDARIEDADE)
2026;RN;GOVERNADOR;PSD;#NULO;REPUBLICANOS / MDB / PSD / AVANTE / FEDERAÇÃO RENOVAÇÃO SOLIDÁRIA (25-PRD / 77-SOLIDARIEDADE) / FEDERAÇÃO UNIÃO PROGRESSISTA (44-UNIÃO / 11-PP)
2026;AC;1º SUPLENTE;PT;13-PT/65-PC do B/43-PV;PODE / PSB / FEDERAÇÃO BRASIL DA ESPERANÇA - FE BRASIL (13-PT / 65-PC do B / 43-PV)
2026;RR;VICE-GOVERNADOR;UNIÃO;44-UNIÃO/11-PP;REPUBLICANOS / PODE / AGIR / PSD / FEDERAÇÃO UNIÃO PROGRESSISTA (44-UNIÃO / 11-PP)
2026;AL;GOVERNADOR;CIDADANIA;45-PSDB/23-CIDADANIA;PDT / PL / DC / FEDERAÇÃO PSDB CIDADANIA (45-PSDB / 23-CIDADANIA) / FEDERAÇÃO RENOVAÇÃO SOLIDÁRIA (25-PRD / 77-SOLIDARIEDADE) / FEDERAÇÃO UNIÃO PROGRESSISTA (44-UNIÃO / 11-PP)
2026;MA;SENADOR;NOVO;#NULO;NOVO / PSD
2026;PA;VICE-GOVERNADOR;MDB;#NULO;REPUBLICANOS / MDB / PSB / PSD / AVANTE / FEDERAÇÃO PSDB CIDADANIA (45-PSDB / 23-CIDADANIA) / FEDERAÇÃO BRASIL DA ESPERANÇA - FE BRASIL (13-PT / 65-PC do B / 43-PV) / FEDERAÇÃO UNIÃO PROGRESSISTA (44-UNIÃO / 11-PP)
2026;MT;1º SUPLENTE;MDB;#NULO;MDB / PL / NOVO / FEDERAÇÃO RENOVAÇÃO SOLIDÁRIA (25-PRD / 77-SOLIDARIEDADE)
2026;PA;GOVERNADOR;PV;13-PT/65-PC do B/43-PV;REPUBLICANOS / MDB / PSB / PSD / AVANTE / FEDERAÇÃO PSDB CIDADANIA (45-PSDB / 23-CIDADANIA) / FEDERAÇÃO BRASIL DA ESPERANÇA - FE BRASIL (13-PT / 65-PC do B / 43-PV) / FEDERAÇÃO UNIÃO PROGRESSISTA (44-UNIÃO / 11-PP)
2026;AP;GOVERNADOR;PDT;#NULO;REPUBLICANOS / PDT / AGIR / FEDERAÇÃO UNIÃO PROGRESSISTA (44-UNIÃO / 11-PP) / FEDERAÇÃO PSDB CIDADANIA (45-PSDB / 23-CIDADANIA) / FEDERAÇÃO BRASIL DA ESPERANÇA - FE BRASIL (13-PT / 65-PC do B / 43-PV) / FEDERAÇÃO RENOVAÇÃO SOLIDÁRIA (25-PRD / 77-SOLIDARIEDADE)
2026;GO;GOVERNADOR;PSB;#NULO;PDT / PSB / FEDERAÇÃO BRASIL DA ESPERANÇA - FE BRASIL (13-PT / 65-PC do B / 43-PV) / FEDERAÇÃO PSOL REDE (50-PSOL / 18-REDE)
2026;PB;DEPUTADO ESTADUAL;UNIÃO;44-UNIÃO/11-PP;FEDERAÇÃO UNIÃO PROGRESSISTA (44-UNIÃO / 11-PP)
2026;PB;2º SUPLENTE;PCDOB;13-PT/65-PC do B/43-PV;REPUBLICANOS / PODE / MOBILIZA / AGIR / PSB / FEDERAÇÃO BRASIL DA ESPERANÇA - FE BRASIL (13-PT / 65-PC do B / 43-PV) / FEDERAÇÃO RENOVAÇÃO SOLIDÁRIA (25-PRD / 77-SOLIDARIEDADE) / FEDERAÇÃO UNIÃO PROGRESSISTA (44-UNIÃO / 11-PP)
2026;GO;DEPUTADO ESTADUAL;NOVO;#NULO;NOVO
2026;MA;DEPUTADO ESTADUAL;PRD;25-PRD/77-SOLIDARIEDADE;FEDERAÇÃO RENOVAÇÃO SOLIDÁRIA (25-PRD / 77-SOLIDARIEDADE)
2026;AL;DEPUTADO FEDERAL;DEMOCRATA;#NULO;DEMOCRATA
2026;RJ;DEPUTADO ESTADUAL;PSD;#NULO;PSD
2026;DF;SENADOR;PCO;#NULO;PCO
2026;MG;2º SUPLENTE;UNIÃO;44-UNIÃO/11-PP;FEDERAÇÃO UNIÃO PROGRESSISTA (44-UNIÃO / 11-PP)
2026;RN;DEPUTADO FEDERAL;UNIÃO;44-UNIÃO/11-PP;FEDERAÇÃO UNIÃO PROGRESSISTA (44-UNIÃO / 11-PP)
2026;DF;2º SUPLENTE;DEMOCRATA;#NULO;DEMOCRATA
2026;CE;2º SUPLENTE;PV;13-PT/65-PC do B/43-PV;PDT / PODE / PSB / PSD / FEDERAÇÃO BRASIL DA ESPERANÇA - FE BRASIL (13-PT / 65-PC do B / 43-PV) / FEDERAÇÃO PSOL REDE (50-PSOL / 18-REDE) / FEDERAÇÃO RENOVAÇÃO SOLIDÁRIA (25-PRD / 77-SOLIDARIEDADE) / REPUBLICANOS / MDB / MOBILIZA
2026;DF;1º SUPLENTE;PCDOB;13-PT/65-PC do B/43-PV;PDT / FEDERAÇÃO BRASIL DA ESPERANÇA - FE BRASIL (13-PT / 65-PC do B / 43-PV) / FEDERAÇÃO PSOL REDE (50-PSOL / 18-REDE)
2026;SP;2º SUPLENTE;DEMOCRATA;#NULO;FEDERAÇÃO UNIÃO PROGRESSISTA (44-UNIÃO / 11-PP) / REPUBLICANOS / PL / MDB / DEMOCRATA / PSD / FEDERAÇÃO RENOVAÇÃO SOLIDÁRIA (25-PRD / 77-SOLIDARIEDADE) / AVANTE
2026;SP;SENADOR;PT;13-PT/65-PC do B/43-PV;PDT / PSB / FEDERAÇÃO BRASIL DA ESPERANÇA - FE BRASIL (13-PT / 65-PC do B / 43-PV) / FEDERAÇÃO PSOL REDE (50-PSOL / 18-REDE)
2026;AC;GOVERNADOR;PSD;#NULO;REPUBLICANOS / NOVO / PSD / AVANTE
2026;MG;VICE-GOVERNADOR;PSOL;50-PSOL/18-REDE;PSB / FEDERAÇÃO BRASIL DA ESPERANÇA - FE BRASIL (13-PT / 65-PC do B / 43-PV) / FEDERAÇÃO PSOL REDE (50-PSOL / 18-REDE)
2026;GO;1º SUPLENTE;PSB;#NULO;PDT / PSB / FEDERAÇÃO BRASIL DA ESPERANÇA - FE BRASIL (13-PT / 65-PC do B / 43-PV) / FEDERAÇÃO PSOL REDE (50-PSOL / 18-REDE)
2026;RN;1º SUPLENTE;PCDOB;13-PT/65-PC do B/43-PV;PDT / PSB / FEDERAÇÃO BRASIL DA ESPERANÇA - FE BRASIL (13-PT / 65-PC do B / 43-PV)
2026;AM;GOVERNADOR;PSB;#NULO;PSB / FEDERAÇÃO UNIÃO PROGRESSISTA (44-UNIÃO / 11-PP) / PODE
2026;MG;GOVERNADOR;MDB;#NULO;MDB
2026;MS;GOVERNADOR;MDB;#NULO;FEDERAÇÃO UNIÃO PROGRESSISTA (44-UNIÃO / 11-PP) / PL / FEDERAÇÃO PSDB CIDADANIA (45-PSDB / 23-CIDADANIA) / PODE / AVANTE / REPUBLICANOS / PSD / MDB
2026;SE;DEPUTADO FEDERAL;DC;#NULO;DC
2026;PA;1º SUPLENTE;DC;#NULO;DC
2026;CE;DEPUTADO FEDERAL;AVANTE;#NULO;AVANTE
2026;RS;DEPUTADO FEDERAL;PODE;#NULO;PODE
2026;AP;DEPUTADO FEDERAL;NOVO;#NULO;NOVO
2026;PI;1º SUPLENTE;UP;#NULO;UP
2026;AC;DEPUTADO ESTADUAL;AGIR;#NULO;AGIR
2026;SC;VICE-GOVERNADOR;UNIÃO;44-UNIÃO/11-PP;MDB / PSD / FEDERAÇÃO UNIÃO PROGRESSISTA (44-UNIÃO / 11-PP)
2026;PA;SENADOR;PCDOB;13-PT/65-PC do B/43-PV;PSD / FEDERAÇÃO UNIÃO PROGRESSISTA (44-UNIÃO / 11-PP) / PSB / REPUBLICANOS / FEDERAÇÃO BRASIL DA ESPERANÇA - FE BRASIL (13-PT / 65-PC do B / 43-PV) / FEDERAÇÃO PSDB CIDADANIA (45-PSDB / 23-CIDADANIA) / MDB / AVANTE
2026;MA;1º SUPLENTE;PSOL;50-PSOL/18-REDE;PSB / FEDERAÇÃO BRASIL DA ESPERANÇA - FE BRASIL (13-PT / 65-PC do B / 43-PV) / FEDERAÇÃO PSOL REDE (50-PSOL / 18-REDE)
2026;AL;2º SUPLENTE;PRD;25-PRD/77-SOLIDARIEDADE;PDT / PL / FEDERAÇÃO PSDB CIDADANIA (45-PSDB / 23-CIDADANIA) / FEDERAÇÃO RENOVAÇÃO SOLIDÁRIA (25-PRD / 77-SOLIDARIEDADE) / FEDERAÇÃO UNIÃO PROGRESSISTA (44-UNIÃO / 11-PP) / DC
2026;RO;DEPUTADO ESTADUAL;PSOL;50-PSOL/18-REDE;FEDERAÇÃO PSOL REDE (50-PSOL / 18-REDE)
2026;AL;2º SUPLENTE;UP;#NULO;UP
2026;TO;1º SUPLENTE;NOVO;#NULO;NOVO
2026;MT;VICE-GOVERNADOR;PSD;#NULO;PDT / PSB / PSD / FEDERAÇÃO BRASIL DA ESPERANÇA - FE BRASIL (13-PT / 65-PC do B / 43-PV) / FEDERAÇÃO PSOL REDE (50-PSOL / 18-REDE)
2026;RN;GOVERNADOR;CIDADANIA;45-PSDB/23-CIDADANIA;PODE / PL / NOVO / FEDERAÇÃO PSDB CIDADANIA (45-PSDB / 23-CIDADANIA) / MOBILIZA
2026;SE;1º SUPLENTE;PT;13-PT/65-PC do B/43-PV;PSB / PSD / FEDERAÇÃO BRASIL DA ESPERANÇA - FE BRASIL (13-PT / 65-PC do B / 43-PV) / FEDERAÇÃO UNIÃO PROGRESSISTA (44-UNIÃO / 11-PP)
2026;RN;1º SUPLENTE;PSD;#NULO;REPUBLICANOS / MDB / PSD / FEDERAÇÃO RENOVAÇÃO SOLIDÁRIA (25-PRD / 77-SOLIDARIEDADE) / FEDERAÇÃO UNIÃO PROGRESSISTA (44-UNIÃO / 11-PP) / AVANTE
2026;MA;VICE-GOVERNADOR;REDE;50-PSOL/18-REDE;FEDERAÇÃO BRASIL DA ESPERANÇA - FE BRASIL (13-PT / 65-PC do B / 43-PV) / PSB / FEDERAÇÃO PSOL REDE (50-PSOL / 18-REDE)
2026;MG;DEPUTADO FEDERAL;CIDADANIA;45-PSDB/23-CIDADANIA;FEDERAÇÃO PSDB CIDADANIA (45-PSDB / 23-CIDADANIA)
2026;SC;SENADOR;AVANTE;#NULO;REPUBLICANOS / PODE / PL / DC / NOVO / AGIR / AVANTE / FEDERAÇÃO PSDB CIDADANIA (45-PSDB / 23-CIDADANIA)
2026;SC;1º SUPLENTE;MDB;#NULO;MDB / PSD / FEDERAÇÃO UNIÃO PROGRESSISTA (44-UNIÃO / 11-PP)
2026;AL;DEPUTADO ESTADUAL;AVANTE;#NULO;AVANTE
2026;RJ;DEPUTADO ESTADUAL;PSTU;#NULO;PSTU
2026;SE;SENADOR;PSOL;50-PSOL/18-REDE;FEDERAÇÃO PSOL REDE (50-PSOL / 18-REDE)
2026;RO;SENADOR;PRD;25-PRD/77-SOLIDARIEDADE;PSD / AVANTE / FEDERAÇÃO RENOVAÇÃO SOLIDÁRIA (25-PRD / 77-SOLIDARIEDADE)
2026;PB;2º SUPLENTE;MOBILIZA;#NULO;REPUBLICANOS / PODE / MOBILIZA / AGIR / PSB / FEDERAÇÃO BRASIL DA ESPERANÇA - FE BRASIL (13-PT / 65-PC do B / 43-PV) / FEDERAÇÃO RENOVAÇÃO SOLIDÁRIA (25-PRD / 77-SOLIDARIEDADE) / FEDERAÇÃO UNIÃO PROGRESSISTA (44-UNIÃO / 11-PP)
2026;AL;2º SUPLENTE;DC;#NULO;PDT / PL / FEDERAÇÃO PSDB CIDADANIA (45-PSDB / 23-CIDADANIA) / FEDERAÇÃO RENOVAÇÃO SOLIDÁRIA (25-PRD / 77-SOLIDARIEDADE) / FEDERAÇÃO UNIÃO PROGRESSISTA (44-UNIÃO / 11-PP) / DC
2026;AL;SENADOR;DC;#NULO;PDT / PL / FEDERAÇÃO PSDB CIDADANIA (45-PSDB / 23-CIDADANIA) / FEDERAÇÃO RENOVAÇÃO SOLIDÁRIA (25-PRD / 77-SOLIDARIEDADE) / FEDERAÇÃO UNIÃO PROGRESSISTA (44-UNIÃO / 11-PP) / DC
2026;SE;2º SUPLENTE;PSD;#NULO;PSB / PSD / FEDERAÇÃO BRASIL DA ESPERANÇA - FE BRASIL (13-PT / 65-PC do B / 43-PV) / FEDERAÇÃO UNIÃO PROGRESSISTA (44-UNIÃO / 11-PP)
2026;AP;1º SUPLENTE;PRD;25-PRD/77-SOLIDARIEDADE;REPUBLICANOS / PDT / AGIR / FEDERAÇÃO UNIÃO PROGRESSISTA (44-UNIÃO / 11-PP) / FEDERAÇÃO PSDB CIDADANIA (45-PSDB / 23-CIDADANIA) / FEDERAÇÃO BRASIL DA ESPERANÇA - FE BRASIL (13-PT / 65-PC do B / 43-PV) / FEDERAÇÃO RENOVAÇÃO SOLIDÁRIA (25-PRD / 77-SOLIDARIEDADE)
2026;AP;1º SUPLENTE;PP;44-UNIÃO/11-PP;REPUBLICANOS / PDT / AGIR / FEDERAÇÃO UNIÃO PROGRESSISTA (44-UNIÃO / 11-PP) / FEDERAÇÃO PSDB CIDADANIA (45-PSDB / 23-CIDADANIA) / FEDERAÇÃO BRASIL DA ESPERANÇA - FE BRASIL (13-PT / 65-PC do B / 43-PV) / FEDERAÇÃO RENOVAÇÃO SOLIDÁRIA (25-PRD / 77-SOLIDARIEDADE)
2026;AC;VICE-GOVERNADOR;PDT;#NULO;PDT / MDB / PL / DEMOCRATA / FEDERAÇÃO UNIÃO PROGRESSISTA (44-UNIÃO / 11-PP)
2026;CE;DEPUTADO ESTADUAL;UNIÃO;44-UNIÃO/11-PP;FEDERAÇÃO UNIÃO PROGRESSISTA (44-UNIÃO / 11-PP)
2026;RS;DEPUTADO FEDERAL;AVANTE;#NULO;AVANTE
2026;ES;DEPUTADO ESTADUAL;MISSÃO;#NULO;MISSÃO
2026;MT;DEPUTADO FEDERAL;PL;#NULO;PL
2026;PR;DEPUTADO FEDERAL;REPUBLICANOS;#NULO;REPUBLICANOS
2026;PE;VICE-GOVERNADOR;DEMOCRATA;#NULO;DEMOCRATA
2026;PA;DEPUTADO FEDERAL;PCDOB;13-PT/65-PC do B/43-PV;FEDERAÇÃO BRASIL DA ESPERANÇA - FE BRASIL (13-PT / 65-PC do B / 43-PV)
2026;RS;1º SUPLENTE;UP;#NULO;UP
2026;BA;GOVERNADOR;PP;44-UNIÃO/11-PP;REPUBLICANOS / PODE / PL / FEDERAÇÃO PSDB CIDADANIA (45-PSDB / 23-CIDADANIA) / FEDERAÇÃO RENOVAÇÃO SOLIDÁRIA (25-PRD / 77-SOLIDARIEDADE) / FEDERAÇÃO UNIÃO PROGRESSISTA (44-UNIÃO / 11-PP) / NOVO
2026;GO;2º SUPLENTE;PT;13-PT/65-PC do B/43-PV;PDT / PSB / FEDERAÇÃO BRASIL DA ESPERANÇA - FE BRASIL (13-PT / 65-PC do B / 43-PV) / FEDERAÇÃO PSOL REDE (50-PSOL / 18-REDE)
2026;MA;2º SUPLENTE;MOBILIZA;#NULO;MOBILIZA / AGIR / AVANTE
2026;ES;SENADOR;AGIR;#NULO;PDT / MDB / PODE / AGIR / PSB / FEDERAÇÃO PSDB CIDADANIA (45-PSDB / 23-CIDADANIA) / FEDERAÇÃO UNIÃO PROGRESSISTA (44-UNIÃO / 11-PP)
2026;ES;2º SUPLENTE;CIDADANIA;45-PSDB/23-CIDADANIA;PDT / MDB / PODE / AGIR / PSB / FEDERAÇÃO PSDB CIDADANIA (45-PSDB / 23-CIDADANIA) / FEDERAÇÃO UNIÃO PROGRESSISTA (44-UNIÃO / 11-PP)
2026;AM;GOVERNADOR;NOVO;#NULO;PL / NOVO
2026;RN;DEPUTADO ESTADUAL;PT;13-PT/65-PC do B/43-PV;FEDERAÇÃO BRASIL DA ESPERANÇA - FE BRASIL (13-PT / 65-PC do B / 43-PV)
2026;SP;SENADOR;PV;13-PT/65-PC do B/43-PV;PDT / PSB / FEDERAÇÃO BRASIL DA ESPERANÇA - FE BRASIL (13-PT / 65-PC do B / 43-PV) / FEDERAÇÃO PSOL REDE (50-PSOL / 18-REDE)
2026;TO;VICE-GOVERNADOR;REDE;50-PSOL/18-REDE;FEDERAÇÃO PSOL REDE (50-PSOL / 18-REDE)
2026;MS;DEPUTADO ESTADUAL;PSOL;50-PSOL/18-REDE;FEDERAÇÃO PSOL REDE (50-PSOL / 18-REDE)
2026;DF;SENADOR;PRD;25-PRD/77-SOLIDARIEDADE;REPUBLICANOS / MDB / PODE / PL / FEDERAÇÃO RENOVAÇÃO SOLIDÁRIA (25-PRD / 77-SOLIDARIEDADE) / FEDERAÇÃO UNIÃO PROGRESSISTA (44-UNIÃO / 11-PP) / DC / MOBILIZA / DEMOCRATA
2026;BA;2º SUPLENTE;REPUBLICANOS;#NULO;REPUBLICANOS / PODE / PL / FEDERAÇÃO PSDB CIDADANIA (45-PSDB / 23-CIDADANIA) / FEDERAÇÃO UNIÃO PROGRESSISTA (44-UNIÃO / 11-PP) / FEDERAÇÃO RENOVAÇÃO SOLIDÁRIA (25-PRD / 77-SOLIDARIEDADE) / NOVO
2026;RS;1º SUPLENTE;PP;44-UNIÃO/11-PP;REPUBLICANOS / PODE / DC / NOVO / PL / FEDERAÇÃO UNIÃO PROGRESSISTA (44-UNIÃO / 11-PP)
2026;AP;VICE-GOVERNADOR;PT;13-PT/65-PC do B/43-PV;REPUBLICANOS / PDT / AGIR / FEDERAÇÃO UNIÃO PROGRESSISTA (44-UNIÃO / 11-PP) / FEDERAÇÃO PSDB CIDADANIA (45-PSDB / 23-CIDADANIA) / FEDERAÇÃO BRASIL DA ESPERANÇA - FE BRASIL (13-PT / 65-PC do B / 43-PV) / FEDERAÇÃO RENOVAÇÃO SOLIDÁRIA (25-PRD / 77-SOLIDARIEDADE)
2026;AP;DEPUTADO FEDERAL;UNIÃO;44-UNIÃO/11-PP;FEDERAÇÃO UNIÃO PROGRESSISTA (44-UNIÃO / 11-PP)
2026;BA;DEPUTADO ESTADUAL;PSD;#NULO;PSD
2026;MG;SENADOR;PCO;#NULO;PCO
2026;PB;SENADOR;AGIR;#NULO;REPUBLICANOS / PODE / MOBILIZA / AGIR / PSB / FEDERAÇÃO BRASIL DA ESPERANÇA - FE BRASIL (13-PT / 65-PC do B / 43-PV) / FEDERAÇÃO RENOVAÇÃO SOLIDÁRIA (25-PRD / 77-SOLIDARIEDADE) / FEDERAÇÃO UNIÃO PROGRESSISTA (44-UNIÃO / 11-PP)
2026;ES;2º SUPLENTE;PODE;#NULO;PDT / MDB / PODE / AGIR / PSB / FEDERAÇÃO PSDB CIDADANIA (45-PSDB / 23-CIDADANIA) / FEDERAÇÃO UNIÃO PROGRESSISTA (44-UNIÃO / 11-PP)
2026;PE;2º SUPLENTE;DC;#NULO;REPUBLICANOS / PDT / MDB / DC / PSB / FEDERAÇÃO BRASIL DA ESPERANÇA - FE BRASIL (13-PT / 65-PC do B / 43-PV) / FEDERAÇÃO RENOVAÇÃO SOLIDÁRIA (25-PRD / 77-SOLIDARIEDADE)
2026;BA;VICE-GOVERNADOR;REPUBLICANOS;#NULO;REPUBLICANOS / PODE / PL / FEDERAÇÃO PSDB CIDADANIA (45-PSDB / 23-CIDADANIA) / FEDERAÇÃO RENOVAÇÃO SOLIDÁRIA (25-PRD / 77-SOLIDARIEDADE) / FEDERAÇÃO UNIÃO PROGRESSISTA (44-UNIÃO / 11-PP) / NOVO
2026;DF;1º SUPLENTE;PODE;#NULO;REPUBLICANOS / MDB / PODE / PL / FEDERAÇÃO RENOVAÇÃO SOLIDÁRIA (25-PRD / 77-SOLIDARIEDADE) / FEDERAÇÃO UNIÃO PROGRESSISTA (44-UNIÃO / 11-PP) / DC / MOBILIZA / DEMOCRATA
2026;PI;2º SUPLENTE;MDB;#NULO;REPUBLICANOS / PDT / MDB / PSD / FEDERAÇÃO BRASIL DA ESPERANÇA - FE BRASIL (13-PT / 65-PC do B / 43-PV)
2026;RR;GOVERNADOR;REPUBLICANOS;#NULO;REPUBLICANOS / PODE / AGIR / PSD / FEDERAÇÃO UNIÃO PROGRESSISTA (44-UNIÃO / 11-PP)
2026;PR;VICE-GOVERNADOR;PRD;25-PRD/77-SOLIDARIEDADE;PDT / FEDERAÇÃO BRASIL DA ESPERANÇA - FE BRASIL (13-PT / 65-PC do B / 43-PV) / FEDERAÇÃO PSOL REDE (50-PSOL / 18-REDE) / FEDERAÇÃO RENOVAÇÃO SOLIDÁRIA (25-PRD / 77-SOLIDARIEDADE)
2026;MT;VICE-GOVERNADOR;REDE;50-PSOL/18-REDE;PDT / PSB / PSD / FEDERAÇÃO BRASIL DA ESPERANÇA - FE BRASIL (13-PT / 65-PC do B / 43-PV) / FEDERAÇÃO PSOL REDE (50-PSOL / 18-REDE)
2026;TO;VICE-GOVERNADOR;PSD;#NULO;PDT / PSB / PSD / FEDERAÇÃO BRASIL DA ESPERANÇA - FE BRASIL (13-PT / 65-PC do B / 43-PV)
2026;AL;VICE-GOVERNADOR;PDT;#NULO;PDT / PL / DC / FEDERAÇÃO PSDB CIDADANIA (45-PSDB / 23-CIDADANIA) / FEDERAÇÃO RENOVAÇÃO SOLIDÁRIA (25-PRD / 77-SOLIDARIEDADE) / FEDERAÇÃO UNIÃO PROGRESSISTA (44-UNIÃO / 11-PP)
2026;SP;1º SUPLENTE;PSB;#NULO;PDT / PSB / FEDERAÇÃO BRASIL DA ESPERANÇA - FE BRASIL (13-PT / 65-PC do B / 43-PV) / FEDERAÇÃO PSOL REDE (50-PSOL / 18-REDE)
2026;MA;2º SUPLENTE;PODE;#NULO;REPUBLICANOS / PDT / MDB / PODE / FEDERAÇÃO RENOVAÇÃO SOLIDÁRIA (25-PRD / 77-SOLIDARIEDADE)
2026;RS;SENADOR;PSDB;45-PSDB/23-CIDADANIA;FEDERAÇÃO PSDB CIDADANIA (45-PSDB / 23-CIDADANIA)
2026;SC;SENADOR;PRD;25-PRD/77-SOLIDARIEDADE;FEDERAÇÃO RENOVAÇÃO SOLIDÁRIA (25-PRD / 77-SOLIDARIEDADE)
2026;SC;1º SUPLENTE;PSDB;45-PSDB/23-CIDADANIA;REPUBLICANOS / PODE / PL / DC / NOVO / AGIR / AVANTE / FEDERAÇÃO PSDB CIDADANIA (45-PSDB / 23-CIDADANIA)
2026;AP;2º SUPLENTE;PODE;#NULO;PODE / PL / NOVO / PSD
2026;MG;GOVERNADOR;PCDOB;13-PT/65-PC do B/43-PV;PSB / FEDERAÇÃO BRASIL DA ESPERANÇA - FE BRASIL (13-PT / 65-PC do B / 43-PV) / FEDERAÇÃO PSOL REDE (50-PSOL / 18-REDE)
2026;AC;DEPUTADO ESTADUAL;PSDB;45-PSDB/23-CIDADANIA;FEDERAÇÃO PSDB CIDADANIA (45-PSDB / 23-CIDADANIA)
2026;DF;DEPUTADO FEDERAL;PSDB;45-PSDB/23-CIDADANIA;FEDERAÇÃO PSDB CIDADANIA (45-PSDB / 23-CIDADANIA)
2026;RN;DEPUTADO FEDERAL;SOLIDARIEDADE;25-PRD/77-SOLIDARIEDADE;FEDERAÇÃO RENOVAÇÃO SOLIDÁRIA (25-PRD / 77-SOLIDARIEDADE)
2026;SC;SENADOR;SOLIDARIEDADE;25-PRD/77-SOLIDARIEDADE;FEDERAÇÃO RENOVAÇÃO SOLIDÁRIA (25-PRD / 77-SOLIDARIEDADE)
2026;PA;1º SUPLENTE;DEMOCRATA;#NULO;DEMOCRATA
2026;RN;SENADOR;UNIÃO;44-UNIÃO/11-PP;REPUBLICANOS / MDB / PSD / FEDERAÇÃO RENOVAÇÃO SOLIDÁRIA (25-PRD / 77-SOLIDARIEDADE) / FEDERAÇÃO UNIÃO PROGRESSISTA (44-UNIÃO / 11-PP) / AVANTE
2026;TO;SENADOR;MDB;#NULO;MDB / FEDERAÇÃO PSDB CIDADANIA (45-PSDB / 23-CIDADANIA)
2026;MT;GOVERNADOR;MDB;#NULO;MDB / PL / NOVO / FEDERAÇÃO RENOVAÇÃO SOLIDÁRIA (25-PRD / 77-SOLIDARIEDADE)
2026;MG;DEPUTADO ESTADUAL;AGIR;#NULO;AGIR
2026;RS;DEPUTADO FEDERAL;PSOL;50-PSOL/18-REDE;FEDERAÇÃO PSOL REDE (50-PSOL / 18-REDE)
2026;SE;DEPUTADO FEDERAL;PDT;#NULO;PDT
2026;CE;SENADOR;REDE;50-PSOL/18-REDE;PDT / PODE / PSB / PSD / FEDERAÇÃO BRASIL DA ESPERANÇA - FE BRASIL (13-PT / 65-PC do B / 43-PV) / FEDERAÇÃO PSOL REDE (50-PSOL / 18-REDE) / FEDERAÇÃO RENOVAÇÃO SOLIDÁRIA (25-PRD / 77-SOLIDARIEDADE) / REPUBLICANOS / MDB / MOBILIZA
2026;SE;1º SUPLENTE;NOVO;#NULO;PODE / PL / NOVO
2026;AC;1º SUPLENTE;PDT;#NULO;PDT / MDB / PL / DEMOCRATA / FEDERAÇÃO UNIÃO PROGRESSISTA (44-UNIÃO / 11-PP)
2026;ES;GOVERNADOR;REPUBLICANOS;#NULO;REPUBLICANOS / PL / DEMOCRATA
2026;MS;VICE-GOVERNADOR;UNIÃO;44-UNIÃO/11-PP;FEDERAÇÃO UNIÃO PROGRESSISTA (44-UNIÃO / 11-PP) / PL / FEDERAÇÃO PSDB CIDADANIA (45-PSDB / 23-CIDADANIA) / PODE / AVANTE / REPUBLICANOS / PSD / MDB
2026;AL;GOVERNADOR;MDB;#NULO;MDB / PODE / AGIR / PSB / PSD / AVANTE / FEDERAÇÃO BRASIL DA ESPERANÇA - FE BRASIL (13-PT / 65-PC do B / 43-PV)
2026;RS;2º SUPLENTE;PSB;#NULO;PDT / PSB / AVANTE / FEDERAÇÃO BRASIL DA ESPERANÇA - FE BRASIL (13-PT / 65-PC do B / 43-PV) / FEDERAÇÃO PSOL REDE (50-PSOL / 18-REDE)
2026;AM;GOVERNADOR;PP;44-UNIÃO/11-PP;PSB / FEDERAÇÃO UNIÃO PROGRESSISTA (44-UNIÃO / 11-PP) / PODE
2026;RS;2º SUPLENTE;PV;13-PT/65-PC do B/43-PV;PDT / PSB / AVANTE / FEDERAÇÃO BRASIL DA ESPERANÇA - FE BRASIL (13-PT / 65-PC do B / 43-PV) / FEDERAÇÃO PSOL REDE (50-PSOL / 18-REDE)
2026;MT;2º SUPLENTE;PSD;#NULO;PDT / PSB / PSD / FEDERAÇÃO BRASIL DA ESPERANÇA - FE BRASIL (13-PT / 65-PC do B / 43-PV) / FEDERAÇÃO PSOL REDE (50-PSOL / 18-REDE)
2026;CE;GOVERNADOR;PV;13-PT/65-PC do B/43-PV;PSB / PDT / PODE / MOBILIZA / FEDERAÇÃO BRASIL DA ESPERANÇA - FE BRASIL (13-PT / 65-PC do B / 43-PV) / REPUBLICANOS / PSD / MDB / FEDERAÇÃO RENOVAÇÃO SOLIDÁRIA (25-PRD / 77-SOLIDARIEDADE) / FEDERAÇÃO PSOL REDE (50-PSOL / 18-REDE)
2026;ES;DEPUTADO ESTADUAL;NOVO;#NULO;NOVO
2026;PA;2º SUPLENTE;DEMOCRATA;#NULO;DEMOCRATA
2026;PI;1º SUPLENTE;REDE;50-PSOL/18-REDE;FEDERAÇÃO PSOL REDE (50-PSOL / 18-REDE)
2026;PR;SENADOR;PCO;#NULO;PCO
2026;SE;GOVERNADOR;PSOL;50-PSOL/18-REDE;FEDERAÇÃO PSOL REDE (50-PSOL / 18-REDE)
2026;AP;DEPUTADO FEDERAL;PSOL;50-PSOL/18-REDE;FEDERAÇÃO PSOL REDE (50-PSOL / 18-REDE)
2026;RS;2º SUPLENTE;UP;#NULO;UP
2026;PB;GOVERNADOR;CIDADANIA;45-PSDB/23-CIDADANIA;MDB / DEMOCRATA / PSD / FEDERAÇÃO PSDB CIDADANIA (45-PSDB / 23-CIDADANIA) / PDT
2026;RJ;DEPUTADO FEDERAL;REPUBLICANOS;#NULO;REPUBLICANOS
2026;TO;DEPUTADO FEDERAL;UNIÃO;44-UNIÃO/11-PP;FEDERAÇÃO UNIÃO PROGRESSISTA (44-UNIÃO / 11-PP)
2026;PI;VICE-GOVERNADOR;REDE;50-PSOL/18-REDE;FEDERAÇÃO PSOL REDE (50-PSOL / 18-REDE)
2026;PR;DEPUTADO FEDERAL;UNIÃO;44-UNIÃO/11-PP;FEDERAÇÃO UNIÃO PROGRESSISTA (44-UNIÃO / 11-PP)
2026;RR;DEPUTADO ESTADUAL;PV;13-PT/65-PC do B/43-PV;FEDERAÇÃO BRASIL DA ESPERANÇA - FE BRASIL (13-PT / 65-PC do B / 43-PV)
2026;TO;DEPUTADO FEDERAL;PSOL;50-PSOL/18-REDE;FEDERAÇÃO PSOL REDE (50-PSOL / 18-REDE)
2026;AM;1º SUPLENTE;REDE;50-PSOL/18-REDE;FEDERAÇÃO PSOL REDE (50-PSOL / 18-REDE)
2026;AP;GOVERNADOR;PSD;#NULO;NOVO / PSD / PODE / PL
2026;SE;2º SUPLENTE;AVANTE;#NULO;REPUBLICANOS / AVANTE
2026;PR;2º SUPLENTE;PRD;25-PRD/77-SOLIDARIEDADE;PDT / FEDERAÇÃO BRASIL DA ESPERANÇA - FE BRASIL (13-PT / 65-PC do B / 43-PV) / FEDERAÇÃO PSOL REDE (50-PSOL / 18-REDE) / FEDERAÇÃO RENOVAÇÃO SOLIDÁRIA (25-PRD / 77-SOLIDARIEDADE)
2026;ES;DEPUTADO FEDERAL;REPUBLICANOS;#NULO;REPUBLICANOS
2026;RS;VICE-GOVERNADOR;MDB;#NULO;MDB / PSD / FEDERAÇÃO RENOVAÇÃO SOLIDÁRIA (25-PRD / 77-SOLIDARIEDADE)
2026;AL;1º SUPLENTE;PT;13-PT/65-PC do B/43-PV;MDB / PODE / AGIR / PSB / PSD / AVANTE / FEDERAÇÃO BRASIL DA ESPERANÇA - FE BRASIL (13-PT / 65-PC do B / 43-PV)
2026;PE;VICE-GOVERNADOR;SOLIDARIEDADE;25-PRD/77-SOLIDARIEDADE;REPUBLICANOS / PDT / MDB / PSB / FEDERAÇÃO BRASIL DA ESPERANÇA - FE BRASIL (13-PT / 65-PC do B / 43-PV) / FEDERAÇÃO RENOVAÇÃO SOLIDÁRIA (25-PRD / 77-SOLIDARIEDADE) / DC
2026;MG;VICE-GOVERNADOR;DC;#NULO;PSD / FEDERAÇÃO UNIÃO PROGRESSISTA (44-UNIÃO / 11-PP) / NOVO / AVANTE / FEDERAÇÃO RENOVAÇÃO SOLIDÁRIA (25-PRD / 77-SOLIDARIEDADE) / MOBILIZA / DC / AGIR
2026;GO;2º SUPLENTE;REDE;50-PSOL/18-REDE;PDT / PSB / FEDERAÇÃO BRASIL DA ESPERANÇA - FE BRASIL (13-PT / 65-PC do B / 43-PV) / FEDERAÇÃO PSOL REDE (50-PSOL / 18-REDE)
2026;MT;1º SUPLENTE;PP;44-UNIÃO/11-PP;REPUBLICANOS / PODE / FEDERAÇÃO PSDB CIDADANIA (45-PSDB / 23-CIDADANIA) / FEDERAÇÃO UNIÃO PROGRESSISTA (44-UNIÃO / 11-PP)
2026;ES;SENADOR;DEMOCRATA;#NULO;REPUBLICANOS / PL / DEMOCRATA
2026;PE;DEPUTADO ESTADUAL;REDE;50-PSOL/18-REDE;FEDERAÇÃO PSOL REDE (50-PSOL / 18-REDE)
2026;GO;VICE-GOVERNADOR;PDT;#NULO;PDT / PSB / FEDERAÇÃO BRASIL DA ESPERANÇA - FE BRASIL (13-PT / 65-PC do B / 43-PV) / FEDERAÇÃO PSOL REDE (50-PSOL / 18-REDE)
2026;AC;GOVERNADOR;DEMOCRATA;#NULO;PDT / MDB / PL / DEMOCRATA / FEDERAÇÃO UNIÃO PROGRESSISTA (44-UNIÃO / 11-PP)
2026;DF;2º SUPLENTE;AGIR;#NULO;AGIR
2026;PA;SENADOR;DEMOCRATA;#NULO;DEMOCRATA
2026;SE;2º SUPLENTE;PDT;#NULO;PDT
2026;DF;DEPUTADO FEDERAL;PP;44-UNIÃO/11-PP;FEDERAÇÃO UNIÃO PROGRESSISTA (44-UNIÃO / 11-PP)
2026;MG;DEPUTADO ESTADUAL;PSB;#NULO;PSB
2026;RJ;DEPUTADO FEDERAL;PSDB;45-PSDB/23-CIDADANIA;FEDERAÇÃO PSDB CIDADANIA (45-PSDB / 23-CIDADANIA)
2026;AM;DEPUTADO FEDERAL;AVANTE;#NULO;AVANTE
2026;ES;VICE-GOVERNADOR;PCDOB;13-PT/65-PC do B/43-PV;FEDERAÇÃO BRASIL DA ESPERANÇA - FE BRASIL (13-PT / 65-PC do B / 43-PV)
2026;AC;2º SUPLENTE;CIDADANIA;45-PSDB/23-CIDADANIA;FEDERAÇÃO PSDB CIDADANIA (45-PSDB / 23-CIDADANIA) / FEDERAÇÃO RENOVAÇÃO SOLIDÁRIA (25-PRD / 77-SOLIDARIEDADE)
2026;PA;2º SUPLENTE;DC;#NULO;DC
2026;BR;VICE-PRESIDENTE;MISSÃO;#NULO;MISSÃO
2026;RJ;DEPUTADO ESTADUAL;UP;#NULO;UP
2026;AP;DEPUTADO FEDERAL;PODE;#NULO;PODE
2026;TO;2º SUPLENTE;UNIÃO;44-UNIÃO/11-PP;FEDERAÇÃO UNIÃO PROGRESSISTA (44-UNIÃO / 11-PP)
2026;PI;VICE-GOVERNADOR;NOVO;#NULO;NOVO / AVANTE
2026;GO;SENADOR;DC;#NULO;DC / FEDERAÇÃO PSDB CIDADANIA (45-PSDB / 23-CIDADANIA)
2026;RR;2º SUPLENTE;PRD;25-PRD/77-SOLIDARIEDADE;AVANTE / FEDERAÇÃO RENOVAÇÃO SOLIDÁRIA (25-PRD / 77-SOLIDARIEDADE)
2026;MA;GOVERNADOR;PRD;25-PRD/77-SOLIDARIEDADE;MDB / PDT / REPUBLICANOS / PODE / FEDERAÇÃO RENOVAÇÃO SOLIDÁRIA (25-PRD / 77-SOLIDARIEDADE)
2026;AP;DEPUTADO FEDERAL;MDB;#NULO;MDB
2026;SP;DEPUTADO ESTADUAL;DC;#NULO;DC
2026;AM;DEPUTADO ESTADUAL;NOVO;#NULO;NOVO
2026;SC;DEPUTADO FEDERAL;PRD;25-PRD/77-SOLIDARIEDADE;FEDERAÇÃO RENOVAÇÃO SOLIDÁRIA (25-PRD / 77-SOLIDARIEDADE)
2026;SP;VICE-GOVERNADOR;UP;#NULO;UP
2026;BA;SENADOR;DC;#NULO;DC
2026;AC;DEPUTADO FEDERAL;UNIÃO;44-UNIÃO/11-PP;FEDERAÇÃO UNIÃO PROGRESSISTA (44-UNIÃO / 11-PP)
2026;SC;SENADOR;CIDADANIA;45-PSDB/23-CIDADANIA;REPUBLICANOS / PODE / PL / DC / NOVO / AGIR / AVANTE / FEDERAÇÃO PSDB CIDADANIA (45-PSDB / 23-CIDADANIA)
2026;PR;SENADOR;PP;44-UNIÃO/11-PP;REPUBLICANOS / MDB / DEMOCRATA / PSD / AVANTE / FEDERAÇÃO PSDB CIDADANIA (45-PSDB / 23-CIDADANIA) / FEDERAÇÃO UNIÃO PROGRESSISTA (44-UNIÃO / 11-PP)
2026;CE;GOVERNADOR;PRD;25-PRD/77-SOLIDARIEDADE;PSB / PDT / PODE / MOBILIZA / FEDERAÇÃO BRASIL DA ESPERANÇA - FE BRASIL (13-PT / 65-PC do B / 43-PV) / REPUBLICANOS / PSD / MDB / FEDERAÇÃO RENOVAÇÃO SOLIDÁRIA (25-PRD / 77-SOLIDARIEDADE) / FEDERAÇÃO PSOL REDE (50-PSOL / 18-REDE)
2026;MT;VICE-GOVERNADOR;PSDB;45-PSDB/23-CIDADANIA;FEDERAÇÃO PSDB CIDADANIA (45-PSDB / 23-CIDADANIA) / REPUBLICANOS / FEDERAÇÃO UNIÃO PROGRESSISTA (44-UNIÃO / 11-PP) / PODE
2026;SE;GOVERNADOR;UNIÃO;44-UNIÃO/11-PP;PSB / PSD / FEDERAÇÃO UNIÃO PROGRESSISTA (44-UNIÃO / 11-PP) / FEDERAÇÃO BRASIL DA ESPERANÇA - FE BRASIL (13-PT / 65-PC do B / 43-PV)
2026;RS;1º SUPLENTE;REPUBLICANOS;#NULO;REPUBLICANOS / PODE / DC / NOVO / PL / FEDERAÇÃO UNIÃO PROGRESSISTA (44-UNIÃO / 11-PP)
2026;MG;DEPUTADO FEDERAL;PCDOB;13-PT/65-PC do B/43-PV;FEDERAÇÃO BRASIL DA ESPERANÇA - FE BRASIL (13-PT / 65-PC do B / 43-PV)
2026;SP;GOVERNADOR;UP;#NULO;UP
2026;PE;GOVERNADOR;PSB;#NULO;REPUBLICANOS / PDT / MDB / PSB / FEDERAÇÃO BRASIL DA ESPERANÇA - FE BRASIL (13-PT / 65-PC do B / 43-PV) / FEDERAÇÃO RENOVAÇÃO SOLIDÁRIA (25-PRD / 77-SOLIDARIEDADE) / DC
2026;RJ;1º SUPLENTE;SOLIDARIEDADE;25-PRD/77-SOLIDARIEDADE;PDT / MDB / DC / FEDERAÇÃO BRASIL DA ESPERANÇA - FE BRASIL (13-PT / 65-PC do B / 43-PV) / PSB / PSD / FEDERAÇÃO PSDB CIDADANIA (45-PSDB / 23-CIDADANIA) / FEDERAÇÃO RENOVAÇÃO SOLIDÁRIA (25-PRD / 77-SOLIDARIEDADE)
2026;PA;VICE-GOVERNADOR;PV;13-PT/65-PC do B/43-PV;REPUBLICANOS / MDB / PSB / PSD / AVANTE / FEDERAÇÃO PSDB CIDADANIA (45-PSDB / 23-CIDADANIA) / FEDERAÇÃO BRASIL DA ESPERANÇA - FE BRASIL (13-PT / 65-PC do B / 43-PV) / FEDERAÇÃO UNIÃO PROGRESSISTA (44-UNIÃO / 11-PP)
2026;AL;1º SUPLENTE;PL;#NULO;PDT / PL / FEDERAÇÃO PSDB CIDADANIA (45-PSDB / 23-CIDADANIA) / FEDERAÇÃO RENOVAÇÃO SOLIDÁRIA (25-PRD / 77-SOLIDARIEDADE) / FEDERAÇÃO UNIÃO PROGRESSISTA (44-UNIÃO / 11-PP) / DC
2026;PB;2º SUPLENTE;REPUBLICANOS;#NULO;REPUBLICANOS / PODE / MOBILIZA / AGIR / PSB / FEDERAÇÃO BRASIL DA ESPERANÇA - FE BRASIL (13-PT / 65-PC do B / 43-PV) / FEDERAÇÃO RENOVAÇÃO SOLIDÁRIA (25-PRD / 77-SOLIDARIEDADE) / FEDERAÇÃO UNIÃO PROGRESSISTA (44-UNIÃO / 11-PP)
2026;RS;GOVERNADOR;PCO;#NULO;PCO
2026;SE;DEPUTADO FEDERAL;PSB;#NULO;PSB
2026;PE;GOVERNADOR;DEMOCRATA;#NULO;DEMOCRATA
2026;DF;2º SUPLENTE;PV;13-PT/65-PC do B/43-PV;PDT / FEDERAÇÃO BRASIL DA ESPERANÇA - FE BRASIL (13-PT / 65-PC do B / 43-PV) / FEDERAÇÃO PSOL REDE (50-PSOL / 18-REDE)
2026;MA;SENADOR;REPUBLICANOS;#NULO;REPUBLICANOS / PDT / MDB / PODE / FEDERAÇÃO RENOVAÇÃO SOLIDÁRIA (25-PRD / 77-SOLIDARIEDADE)
2026;RO;SENADOR;MDB;#NULO;PDT / MDB
2026;BA;VICE-GOVERNADOR;AVANTE;#NULO;PDT / MDB / PSB / PSD / AVANTE / FEDERAÇÃO BRASIL DA ESPERANÇA - FE BRASIL (13-PT / 65-PC do B / 43-PV)
2026;CE;GOVERNADOR;SOLIDARIEDADE;25-PRD/77-SOLIDARIEDADE;PSB / PDT / PODE / MOBILIZA / FEDERAÇÃO BRASIL DA ESPERANÇA - FE BRASIL (13-PT / 65-PC do B / 43-PV) / REPUBLICANOS / PSD / MDB / FEDERAÇÃO RENOVAÇÃO SOLIDÁRIA (25-PRD / 77-SOLIDARIEDADE) / FEDERAÇÃO PSOL REDE (50-PSOL / 18-REDE)
2026;MG;VICE-GOVERNADOR;MISSÃO;#NULO;MISSÃO
2026;AC;1º SUPLENTE;SOLIDARIEDADE;25-PRD/77-SOLIDARIEDADE;FEDERAÇÃO PSDB CIDADANIA (45-PSDB / 23-CIDADANIA) / FEDERAÇÃO RENOVAÇÃO SOLIDÁRIA (25-PRD / 77-SOLIDARIEDADE)
2026;SC;VICE-GOVERNADOR;PCO;#NULO;PCO
2026;PE;1º SUPLENTE;PT;13-PT/65-PC do B/43-PV;REPUBLICANOS / PDT / MDB / DC / PSB / FEDERAÇÃO BRASIL DA ESPERANÇA - FE BRASIL (13-PT / 65-PC do B / 43-PV) / FEDERAÇÃO RENOVAÇÃO SOLIDÁRIA (25-PRD / 77-SOLIDARIEDADE)
2026;GO;GOVERNADOR;UP;#NULO;UP
2026;SP;1º SUPLENTE;REPUBLICANOS;#NULO;FEDERAÇÃO UNIÃO PROGRESSISTA (44-UNIÃO / 11-PP) / REPUBLICANOS / PL / MDB / DEMOCRATA / PSD / FEDERAÇÃO RENOVAÇÃO SOLIDÁRIA (25-PRD / 77-SOLIDARIEDADE) / AVANTE
2026;PB;GOVERNADOR;PODE;#NULO;PODE / MOBILIZA / FEDERAÇÃO BRASIL DA ESPERANÇA - FE BRASIL (13-PT / 65-PC do B / 43-PV) / AGIR / FEDERAÇÃO RENOVAÇÃO SOLIDÁRIA (25-PRD / 77-SOLIDARIEDADE) / FEDERAÇÃO UNIÃO PROGRESSISTA (44-UNIÃO / 11-PP) / REPUBLICANOS / PSB
2026;MG;DEPUTADO ESTADUAL;NOVO;#NULO;NOVO
2026;ES;DEPUTADO ESTADUAL;MDB;#NULO;MDB
2026;AM;2º SUPLENTE;PP;44-UNIÃO/11-PP;PSB / FEDERAÇÃO UNIÃO PROGRESSISTA (44-UNIÃO / 11-PP) / PODE
2026;RJ;DEPUTADO FEDERAL;MDB;#NULO;MDB
2026;AC;DEPUTADO ESTADUAL;PP;44-UNIÃO/11-PP;FEDERAÇÃO UNIÃO PROGRESSISTA (44-UNIÃO / 11-PP)
2026;PI;VICE-GOVERNADOR;MDB;#NULO;REPUBLICANOS / PDT / MDB / PSD / FEDERAÇÃO BRASIL DA ESPERANÇA - FE BRASIL (13-PT / 65-PC do B / 43-PV)
2026;PA;SENADOR;PP;44-UNIÃO/11-PP;PSD / FEDERAÇÃO UNIÃO PROGRESSISTA (44-UNIÃO / 11-PP) / PSB / REPUBLICANOS / FEDERAÇÃO BRASIL DA ESPERANÇA - FE BRASIL (13-PT / 65-PC do B / 43-PV) / FEDERAÇÃO PSDB CIDADANIA (45-PSDB / 23-CIDADANIA) / MDB / AVANTE
2026;RR;VICE-GOVERNADOR;REDE;50-PSOL/18-REDE;FEDERAÇÃO BRASIL DA ESPERANÇA - FE BRASIL (13-PT / 65-PC do B / 43-PV) / FEDERAÇÃO PSOL REDE (50-PSOL / 18-REDE)
2026;RN;2º SUPLENTE;PV;13-PT/65-PC do B/43-PV;PDT / PSB / FEDERAÇÃO BRASIL DA ESPERANÇA - FE BRASIL (13-PT / 65-PC do B / 43-PV)
2026;TO;SENADOR;NOVO;#NULO;NOVO
2026;PB;VICE-GOVERNADOR;UNIÃO;44-UNIÃO/11-PP;PODE / MOBILIZA / FEDERAÇÃO BRASIL DA ESPERANÇA - FE BRASIL (13-PT / 65-PC do B / 43-PV) / AGIR / FEDERAÇÃO RENOVAÇÃO SOLIDÁRIA (25-PRD / 77-SOLIDARIEDADE) / FEDERAÇÃO UNIÃO PROGRESSISTA (44-UNIÃO / 11-PP) / REPUBLICANOS / PSB
2026;PI;SENADOR;UNIÃO;44-UNIÃO/11-PP;PODE / PL / FEDERAÇÃO RENOVAÇÃO SOLIDÁRIA (25-PRD / 77-SOLIDARIEDADE) / FEDERAÇÃO UNIÃO PROGRESSISTA (44-UNIÃO / 11-PP)
2026;ES;SENADOR;PSDB;45-PSDB/23-CIDADANIA;PDT / MDB / PODE / AGIR / PSB / FEDERAÇÃO PSDB CIDADANIA (45-PSDB / 23-CIDADANIA) / FEDERAÇÃO UNIÃO PROGRESSISTA (44-UNIÃO / 11-PP)
2026;BR;PRESIDENTE;REDE;50-PSOL/18-REDE;PSB / PDT / FEDERAÇÃO BRASIL DA ESPERANÇA - FE BRASIL (13-PT / 65-PC do B / 43-PV) / FEDERAÇÃO PSOL REDE (50-PSOL / 18-REDE)
2026;SE;VICE-GOVERNADOR;AVANTE;#NULO;REPUBLICANOS / AVANTE
2026;PI;DEPUTADO ESTADUAL;MDB;#NULO;MDB
2026;AM;DEPUTADO ESTADUAL;PSD;#NULO;PSD
2026;AC;DEPUTADO ESTADUAL;PRD;25-PRD/77-SOLIDARIEDADE;FEDERAÇÃO RENOVAÇÃO SOLIDÁRIA (25-PRD / 77-SOLIDARIEDADE)
2026;RN;SENADOR;REPUBLICANOS;#NULO;REPUBLICANOS / MDB / PSD / FEDERAÇÃO RENOVAÇÃO SOLIDÁRIA (25-PRD / 77-SOLIDARIEDADE) / FEDERAÇÃO UNIÃO PROGRESSISTA (44-UNIÃO / 11-PP) / AVANTE
2026;RJ;2º SUPLENTE;CIDADANIA;45-PSDB/23-CIDADANIA;PDT / MDB / DC / FEDERAÇÃO BRASIL DA ESPERANÇA - FE BRASIL (13-PT / 65-PC do B / 43-PV) / PSB / PSD / FEDERAÇÃO PSDB CIDADANIA (45-PSDB / 23-CIDADANIA) / FEDERAÇÃO RENOVAÇÃO SOLIDÁRIA (25-PRD / 77-SOLIDARIEDADE)
2026;PR;DEPUTADO ESTADUAL;REDE;50-PSOL/18-REDE;FEDERAÇÃO PSOL REDE (50-PSOL / 18-REDE)
2026;PR;VICE-GOVERNADOR;PV;13-PT/65-PC do B/43-PV;PDT / FEDERAÇÃO BRASIL DA ESPERANÇA - FE BRASIL (13-PT / 65-PC do B / 43-PV) / FEDERAÇÃO PSOL REDE (50-PSOL / 18-REDE) / FEDERAÇÃO RENOVAÇÃO SOLIDÁRIA (25-PRD / 77-SOLIDARIEDADE)
2026;RN;2º SUPLENTE;PSTU;#NULO;PSTU
2026;RO;DEPUTADO ESTADUAL;UNIÃO;44-UNIÃO/11-PP;FEDERAÇÃO UNIÃO PROGRESSISTA (44-UNIÃO / 11-PP)
2026;PI;SENADOR;PSDB;45-PSDB/23-CIDADANIA;FEDERAÇÃO PSDB CIDADANIA (45-PSDB / 23-CIDADANIA)
2026;AP;GOVERNADOR;REPUBLICANOS;#NULO;REPUBLICANOS / PDT / AGIR / FEDERAÇÃO UNIÃO PROGRESSISTA (44-UNIÃO / 11-PP) / FEDERAÇÃO PSDB CIDADANIA (45-PSDB / 23-CIDADANIA) / FEDERAÇÃO BRASIL DA ESPERANÇA - FE BRASIL (13-PT / 65-PC do B / 43-PV) / FEDERAÇÃO RENOVAÇÃO SOLIDÁRIA (25-PRD / 77-SOLIDARIEDADE)
2026;BA;2º SUPLENTE;PODE;#NULO;REPUBLICANOS / PODE / PL / FEDERAÇÃO PSDB CIDADANIA (45-PSDB / 23-CIDADANIA) / FEDERAÇÃO UNIÃO PROGRESSISTA (44-UNIÃO / 11-PP) / FEDERAÇÃO RENOVAÇÃO SOLIDÁRIA (25-PRD / 77-SOLIDARIEDADE) / NOVO
2026;MS;2º SUPLENTE;PL;#NULO;PL / FEDERAÇÃO UNIÃO PROGRESSISTA (44-UNIÃO / 11-PP) / REPUBLICANOS / FEDERAÇÃO PSDB CIDADANIA (45-PSDB / 23-CIDADANIA) / PSD / MDB / PODE / AVANTE
2026;AL;GOVERNADOR;PSD;#NULO;MDB / PODE / AGIR / PSB / PSD / AVANTE / FEDERAÇÃO BRASIL DA ESPERANÇA - FE BRASIL (13-PT / 65-PC do B / 43-PV)
2026;BA;2º SUPLENTE;UNIÃO;44-UNIÃO/11-PP;REPUBLICANOS / PODE / PL / FEDERAÇÃO PSDB CIDADANIA (45-PSDB / 23-CIDADANIA) / FEDERAÇÃO UNIÃO PROGRESSISTA (44-UNIÃO / 11-PP) / FEDERAÇÃO RENOVAÇÃO SOLIDÁRIA (25-PRD / 77-SOLIDARIEDADE) / NOVO
2026;MG;VICE-GOVERNADOR;PV;13-PT/65-PC do B/43-PV;PSB / FEDERAÇÃO BRASIL DA ESPERANÇA - FE BRASIL (13-PT / 65-PC do B / 43-PV) / FEDERAÇÃO PSOL REDE (50-PSOL / 18-REDE)
2026;RS;1º SUPLENTE;NOVO;#NULO;REPUBLICANOS / PODE / DC / NOVO / PL / FEDERAÇÃO UNIÃO PROGRESSISTA (44-UNIÃO / 11-PP)
2026;PR;DEPUTADO ESTADUAL;PSD;#NULO;PSD
2026;DF;1º SUPLENTE;UP;#NULO;UP
2026;TO;2º SUPLENTE;REDE;50-PSOL/18-REDE;FEDERAÇÃO PSOL REDE (50-PSOL / 18-REDE)
2026;SP;SENADOR;PSOL;50-PSOL/18-REDE;PDT / PSB / FEDERAÇÃO BRASIL DA ESPERANÇA - FE BRASIL (13-PT / 65-PC do B / 43-PV) / FEDERAÇÃO PSOL REDE (50-PSOL / 18-REDE)
2026;PA;GOVERNADOR;PP;44-UNIÃO/11-PP;REPUBLICANOS / MDB / PSB / PSD / AVANTE / FEDERAÇÃO PSDB CIDADANIA (45-PSDB / 23-CIDADANIA) / FEDERAÇÃO BRASIL DA ESPERANÇA - FE BRASIL (13-PT / 65-PC do B / 43-PV) / FEDERAÇÃO UNIÃO PROGRESSISTA (44-UNIÃO / 11-PP)
2026;AL;1º SUPLENTE;AVANTE;#NULO;MDB / PODE / AGIR / PSB / PSD / AVANTE / FEDERAÇÃO BRASIL DA ESPERANÇA - FE BRASIL (13-PT / 65-PC do B / 43-PV)
2026;MT;1º SUPLENTE;PDT;#NULO;PDT / PSB / PSD / FEDERAÇÃO BRASIL DA ESPERANÇA - FE BRASIL (13-PT / 65-PC do B / 43-PV) / FEDERAÇÃO PSOL REDE (50-PSOL / 18-REDE)
2026;ES;SENADOR;PP;44-UNIÃO/11-PP;PDT / MDB / PODE / AGIR / PSB / FEDERAÇÃO PSDB CIDADANIA (45-PSDB / 23-CIDADANIA) / FEDERAÇÃO UNIÃO PROGRESSISTA (44-UNIÃO / 11-PP)
2026;AC;VICE-GOVERNADOR;PCDOB;13-PT/65-PC do B/43-PV;PODE / PSB / FEDERAÇÃO BRASIL DA ESPERANÇA - FE BRASIL (13-PT / 65-PC do B / 43-PV)
2026;SP;DEPUTADO FEDERAL;NOVO;#NULO;NOVO
2026;PB;SENADOR;PODE;#NULO;REPUBLICANOS / PODE / MOBILIZA / AGIR / PSB / FEDERAÇÃO BRASIL DA ESPERANÇA - FE BRASIL (13-PT / 65-PC do B / 43-PV) / FEDERAÇÃO RENOVAÇÃO SOLIDÁRIA (25-PRD / 77-SOLIDARIEDADE) / FEDERAÇÃO UNIÃO PROGRESSISTA (44-UNIÃO / 11-PP)
2026;DF;DEPUTADO DISTRITAL;MISSÃO;#NULO;MISSÃO
2026;ES;DEPUTADO FEDERAL;PT;13-PT/65-PC do B/43-PV;FEDERAÇÃO BRASIL DA ESPERANÇA - FE BRASIL (13-PT / 65-PC do B / 43-PV)
2026;ES;GOVERNADOR;PODE;#NULO;PODE / MDB / AGIR / PSB / PDT / FEDERAÇÃO PSDB CIDADANIA (45-PSDB / 23-CIDADANIA) / FEDERAÇÃO UNIÃO PROGRESSISTA (44-UNIÃO / 11-PP)
2026;PI;GOVERNADOR;UNIÃO;44-UNIÃO/11-PP;PODE / FEDERAÇÃO RENOVAÇÃO SOLIDÁRIA (25-PRD / 77-SOLIDARIEDADE) / FEDERAÇÃO UNIÃO PROGRESSISTA (44-UNIÃO / 11-PP) / PL
2026;MA;2º SUPLENTE;AVANTE;#NULO;MOBILIZA / AGIR / AVANTE
2026;CE;DEPUTADO ESTADUAL;NOVO;#NULO;NOVO
2026;DF;DEPUTADO FEDERAL;PCO;#NULO;PCO
2026;PE;2º SUPLENTE;PSTU;#NULO;PSTU
2026;AC;1º SUPLENTE;PSOL;50-PSOL/18-REDE;FEDERAÇÃO PSOL REDE (50-PSOL / 18-REDE)
2026;MG;DEPUTADO FEDERAL;PSD;#NULO;PSD
2026;RJ;2º SUPLENTE;PL;#NULO;PL
2026;RJ;VICE-GOVERNADOR;UP;#NULO;UP
2026;RR;SENADOR;PSDB;45-PSDB/23-CIDADANIA;PSB / FEDERAÇÃO PSDB CIDADANIA (45-PSDB / 23-CIDADANIA)
2026;GO;VICE-GOVERNADOR;MDB;#NULO;REPUBLICANOS / MDB / PODE / MOBILIZA / DEMOCRATA / AGIR / PSD / AVANTE / FEDERAÇÃO RENOVAÇÃO SOLIDÁRIA (25-PRD / 77-SOLIDARIEDADE) / FEDERAÇÃO UNIÃO PROGRESSISTA (44-UNIÃO / 11-PP)
2026;AP;1º SUPLENTE;SOLIDARIEDADE;25-PRD/77-SOLIDARIEDADE;REPUBLICANOS / PDT / AGIR / FEDERAÇÃO UNIÃO PROGRESSISTA (44-UNIÃO / 11-PP) / FEDERAÇÃO PSDB CIDADANIA (45-PSDB / 23-CIDADANIA) / FEDERAÇÃO BRASIL DA ESPERANÇA - FE BRASIL (13-PT / 65-PC do B / 43-PV) / FEDERAÇÃO RENOVAÇÃO SOLIDÁRIA (25-PRD / 77-SOLIDARIEDADE)
2026;SP;DEPUTADO ESTADUAL;UNIÃO;44-UNIÃO/11-PP;FEDERAÇÃO UNIÃO PROGRESSISTA (44-UNIÃO / 11-PP)
2026;RJ;1º SUPLENTE;REDE;50-PSOL/18-REDE;FEDERAÇÃO PSOL REDE (50-PSOL / 18-REDE)
2026;TO;SENADOR;PP;44-UNIÃO/11-PP;FEDERAÇÃO UNIÃO PROGRESSISTA (44-UNIÃO / 11-PP)
2026;AP;2º SUPLENTE;PRD;25-PRD/77-SOLIDARIEDADE;REPUBLICANOS / PDT / AGIR / FEDERAÇÃO UNIÃO PROGRESSISTA (44-UNIÃO / 11-PP) / FEDERAÇÃO PSDB CIDADANIA (45-PSDB / 23-CIDADANIA) / FEDERAÇÃO BRASIL DA ESPERANÇA - FE BRASIL (13-PT / 65-PC do B / 43-PV) / FEDERAÇÃO RENOVAÇÃO SOLIDÁRIA (25-PRD / 77-SOLIDARIEDADE)
2026;PR;SENADOR;PSOL;50-PSOL/18-REDE;PDT / FEDERAÇÃO BRASIL DA ESPERANÇA - FE BRASIL (13-PT / 65-PC do B / 43-PV) / FEDERAÇÃO PSOL REDE (50-PSOL / 18-REDE) / FEDERAÇÃO RENOVAÇÃO SOLIDÁRIA (25-PRD / 77-SOLIDARIEDADE)
2026;SC;GOVERNADOR;REDE;50-PSOL/18-REDE;PDT / PSB / FEDERAÇÃO PSOL REDE (50-PSOL / 18-REDE) / FEDERAÇÃO BRASIL DA ESPERANÇA - FE BRASIL (13-PT / 65-PC do B / 43-PV)
2026;RR;DEPUTADO FEDERAL;PSDB;45-PSDB/23-CIDADANIA;FEDERAÇÃO PSDB CIDADANIA (45-PSDB / 23-CIDADANIA)
2026;TO;DEPUTADO ESTADUAL;PL;#NULO;PL
2026;SE;DEPUTADO FEDERAL;PRD;25-PRD/77-SOLIDARIEDADE;FEDERAÇÃO RENOVAÇÃO SOLIDÁRIA (25-PRD / 77-SOLIDARIEDADE)
2026;RN;2º SUPLENTE;PSOL;50-PSOL/18-REDE;FEDERAÇÃO PSOL REDE (50-PSOL / 18-REDE)
2026;PR;GOVERNADOR;PT;13-PT/65-PC do B/43-PV;PDT / FEDERAÇÃO BRASIL DA ESPERANÇA - FE BRASIL (13-PT / 65-PC do B / 43-PV) / FEDERAÇÃO PSOL REDE (50-PSOL / 18-REDE) / FEDERAÇÃO RENOVAÇÃO SOLIDÁRIA (25-PRD / 77-SOLIDARIEDADE)
2026;TO;DEPUTADO FEDERAL;SOLIDARIEDADE;25-PRD/77-SOLIDARIEDADE;FEDERAÇÃO RENOVAÇÃO SOLIDÁRIA (25-PRD / 77-SOLIDARIEDADE)
2026;PI;2º SUPLENTE;UNIÃO;44-UNIÃO/11-PP;PODE / PL / FEDERAÇÃO RENOVAÇÃO SOLIDÁRIA (25-PRD / 77-SOLIDARIEDADE) / FEDERAÇÃO UNIÃO PROGRESSISTA (44-UNIÃO / 11-PP)
2026;PA;2º SUPLENTE;AVANTE;#NULO;PSD / FEDERAÇÃO UNIÃO PROGRESSISTA (44-UNIÃO / 11-PP) / PSB / REPUBLICANOS / FEDERAÇÃO BRASIL DA ESPERANÇA - FE BRASIL (13-PT / 65-PC do B / 43-PV) / FEDERAÇÃO PSDB CIDADANIA (45-PSDB / 23-CIDADANIA) / MDB / AVANTE
2026;RS;SENADOR;PT;13-PT/65-PC do B/43-PV;PDT / PSB / AVANTE / FEDERAÇÃO BRASIL DA ESPERANÇA - FE BRASIL (13-PT / 65-PC do B / 43-PV) / FEDERAÇÃO PSOL REDE (50-PSOL / 18-REDE)
2026;MG;GOVERNADOR;PCB;#NULO;PCB
2026;RR;1º SUPLENTE;PSOL;50-PSOL/18-REDE;FEDERAÇÃO PSOL REDE (50-PSOL / 18-REDE)
2026;RO;SENADOR;UNIÃO;44-UNIÃO/11-PP;REPUBLICANOS / FEDERAÇÃO UNIÃO PROGRESSISTA (44-UNIÃO / 11-PP)
2026;AL;SENADOR;PSDB;45-PSDB/23-CIDADANIA;PDT / PL / FEDERAÇÃO PSDB CIDADANIA (45-PSDB / 23-CIDADANIA) / FEDERAÇÃO RENOVAÇÃO SOLIDÁRIA (25-PRD / 77-SOLIDARIEDADE) / FEDERAÇÃO UNIÃO PROGRESSISTA (44-UNIÃO / 11-PP) / DC
2026;TO;GOVERNADOR;MDB;#NULO;MDB / FEDERAÇÃO PSDB CIDADANIA (45-PSDB / 23-CIDADANIA)
2026;RJ;VICE-GOVERNADOR;PT;13-PT/65-PC do B/43-PV;PDT / MDB / DC / PSB / PSD / FEDERAÇÃO PSDB CIDADANIA (45-PSDB / 23-CIDADANIA) / FEDERAÇÃO BRASIL DA ESPERANÇA - FE BRASIL (13-PT / 65-PC do B / 43-PV) / FEDERAÇÃO RENOVAÇÃO SOLIDÁRIA (25-PRD / 77-SOLIDARIEDADE)
2026;CE;SENADOR;UNIÃO;44-UNIÃO/11-PP;PL / DC / AVANTE / FEDERAÇÃO PSDB CIDADANIA (45-PSDB / 23-CIDADANIA) / FEDERAÇÃO UNIÃO PROGRESSISTA (44-UNIÃO / 11-PP)
2026;RS;GOVERNADOR;PSDB;45-PSDB/23-CIDADANIA;FEDERAÇÃO PSDB CIDADANIA (45-PSDB / 23-CIDADANIA)
2026;MT;DEPUTADO FEDERAL;PSB;#NULO;PSB
2026;BR;VICE-PRESIDENTE;PDT;#NULO;PSB / PDT / FEDERAÇÃO BRASIL DA ESPERANÇA - FE BRASIL (13-PT / 65-PC do B / 43-PV) / FEDERAÇÃO PSOL REDE (50-PSOL / 18-REDE)
2026;MG;DEPUTADO ESTADUAL;PCDOB;13-PT/65-PC do B/43-PV;FEDERAÇÃO BRASIL DA ESPERANÇA - FE BRASIL (13-PT / 65-PC do B / 43-PV)
2026;MS;DEPUTADO ESTADUAL;PP;44-UNIÃO/11-PP;FEDERAÇÃO UNIÃO PROGRESSISTA (44-UNIÃO / 11-PP)
2026;PI;GOVERNADOR;AVANTE;#NULO;AVANTE
2026;RJ;1º SUPLENTE;PSDB;45-PSDB/23-CIDADANIA;PDT / MDB / DC / FEDERAÇÃO BRASIL DA ESPERANÇA - FE BRASIL (13-PT / 65-PC do B / 43-PV) / PSB / PSD / FEDERAÇÃO PSDB CIDADANIA (45-PSDB / 23-CIDADANIA) / FEDERAÇÃO RENOVAÇÃO SOLIDÁRIA (25-PRD / 77-SOLIDARIEDADE)
2026;AL;DEPUTADO FEDERAL;PSDB;45-PSDB/23-CIDADANIA;FEDERAÇÃO PSDB CIDADANIA (45-PSDB / 23-CIDADANIA)
2026;BA;DEPUTADO FEDERAL;PT;13-PT/65-PC do B/43-PV;FEDERAÇÃO BRASIL DA ESPERANÇA - FE BRASIL (13-PT / 65-PC do B / 43-PV)
2026;PB;DEPUTADO ESTADUAL;PSOL;50-PSOL/18-REDE;FEDERAÇÃO PSOL REDE (50-PSOL / 18-REDE)
2026;AL;DEPUTADO FEDERAL;SOLIDARIEDADE;25-PRD/77-SOLIDARIEDADE;FEDERAÇÃO RENOVAÇÃO SOLIDÁRIA (25-PRD / 77-SOLIDARIEDADE)
2026;ES;DEPUTADO FEDERAL;MISSÃO;#NULO;MISSÃO
2026;RJ;DEPUTADO ESTADUAL;PSOL;50-PSOL/18-REDE;FEDERAÇÃO PSOL REDE (50-PSOL / 18-REDE)
2026;MG;1º SUPLENTE;PL;#NULO;PL
2026;PA;GOVERNADOR;UP;#NULO;UP
2026;PE;2º SUPLENTE;SOLIDARIEDADE;25-PRD/77-SOLIDARIEDADE;REPUBLICANOS / PDT / MDB / DC / PSB / FEDERAÇÃO BRASIL DA ESPERANÇA - FE BRASIL (13-PT / 65-PC do B / 43-PV) / FEDERAÇÃO RENOVAÇÃO SOLIDÁRIA (25-PRD / 77-SOLIDARIEDADE)
2026;PE;1º SUPLENTE;UNIÃO;44-UNIÃO/11-PP;PODE / PSD / AVANTE / FEDERAÇÃO PSDB CIDADANIA (45-PSDB / 23-CIDADANIA) / FEDERAÇÃO UNIÃO PROGRESSISTA (44-UNIÃO / 11-PP)
2026;MT;SENADOR;PSD;#NULO;PDT / PSB / PSD / FEDERAÇÃO BRASIL DA ESPERANÇA - FE BRASIL (13-PT / 65-PC do B / 43-PV) / FEDERAÇÃO PSOL REDE (50-PSOL / 18-REDE)
2026;RR;SENADOR;NOVO;#NULO;NOVO
2026;PI;SENADOR;PSOL;50-PSOL/18-REDE;FEDERAÇÃO PSOL REDE (50-PSOL / 18-REDE)
2026;PA;DEPUTADO ESTADUAL;PODE;#NULO;PODE
2026;MS;1º SUPLENTE;PT;13-PT/65-PC do B/43-PV;PDT / PSB / FEDERAÇÃO BRASIL DA ESPERANÇA - FE BRASIL (13-PT / 65-PC do B / 43-PV)
2026;RS;GOVERNADOR;NOVO;#NULO;REPUBLICANOS / PODE / PL / DC / NOVO / FEDERAÇÃO UNIÃO PROGRESSISTA (44-UNIÃO / 11-PP)
2026;MA;2º SUPLENTE;PT;13-PT/65-PC do B/43-PV;PSB / FEDERAÇÃO BRASIL DA ESPERANÇA - FE BRASIL (13-PT / 65-PC do B / 43-PV) / FEDERAÇÃO PSOL REDE (50-PSOL / 18-REDE)
2026;GO;GOVERNADOR;SOLIDARIEDADE;25-PRD/77-SOLIDARIEDADE;REPUBLICANOS / MDB / PODE / MOBILIZA / DEMOCRATA / AGIR / PSD / AVANTE / FEDERAÇÃO RENOVAÇÃO SOLIDÁRIA (25-PRD / 77-SOLIDARIEDADE) / FEDERAÇÃO UNIÃO PROGRESSISTA (44-UNIÃO / 11-PP)
2026;AC;VICE-GOVERNADOR;REPUBLICANOS;#NULO;REPUBLICANOS / NOVO / PSD / AVANTE
2026;AM;DEPUTADO FEDERAL;PDT;#NULO;PDT
2026;GO;DEPUTADO FEDERAL;UP;#NULO;UP
2026;GO;DEPUTADO ESTADUAL;PSOL;50-PSOL/18-REDE;FEDERAÇÃO PSOL REDE (50-PSOL / 18-REDE)
2026;MA;DEPUTADO FEDERAL;PT;13-PT/65-PC do B/43-PV;FEDERAÇÃO BRASIL DA ESPERANÇA - FE BRASIL (13-PT / 65-PC do B / 43-PV)
2026;CE;1º SUPLENTE;CIDADANIA;45-PSDB/23-CIDADANIA;PL / DC / AVANTE / FEDERAÇÃO PSDB CIDADANIA (45-PSDB / 23-CIDADANIA) / FEDERAÇÃO UNIÃO PROGRESSISTA (44-UNIÃO / 11-PP)
2026;SE;VICE-GOVERNADOR;PCDOB;13-PT/65-PC do B/43-PV;PSB / PSD / FEDERAÇÃO UNIÃO PROGRESSISTA (44-UNIÃO / 11-PP) / FEDERAÇÃO BRASIL DA ESPERANÇA - FE BRASIL (13-PT / 65-PC do B / 43-PV)
2026;MG;VICE-GOVERNADOR;PCDOB;13-PT/65-PC do B/43-PV;PSB / FEDERAÇÃO BRASIL DA ESPERANÇA - FE BRASIL (13-PT / 65-PC do B / 43-PV) / FEDERAÇÃO PSOL REDE (50-PSOL / 18-REDE)
2026;PA;2º SUPLENTE;MOBILIZA;#NULO;MOBILIZA
2026;PI;1º SUPLENTE;DEMOCRATA;#NULO;DEMOCRATA
2026;SC;1º SUPLENTE;PSD;#NULO;MDB / PSD / FEDERAÇÃO UNIÃO PROGRESSISTA (44-UNIÃO / 11-PP)
2026;ES;DEPUTADO FEDERAL;PCDOB;13-PT/65-PC do B/43-PV;FEDERAÇÃO BRASIL DA ESPERANÇA - FE BRASIL (13-PT / 65-PC do B / 43-PV)
2026;CE;DEPUTADO ESTADUAL;PSB;#NULO;PSB
2026;RN;GOVERNADOR;PSTU;#NULO;PSTU
2026;PA;DEPUTADO FEDERAL;PSOL;50-PSOL/18-REDE;FEDERAÇÃO PSOL REDE (50-PSOL / 18-REDE)
2026;SC;DEPUTADO FEDERAL;PT;13-PT/65-PC do B/43-PV;FEDERAÇÃO BRASIL DA ESPERANÇA - FE BRASIL (13-PT / 65-PC do B / 43-PV)
2026;RS;GOVERNADOR;PDT;#NULO;PDT / PSB / AVANTE / FEDERAÇÃO BRASIL DA ESPERANÇA - FE BRASIL (13-PT / 65-PC do B / 43-PV) / FEDERAÇÃO PSOL REDE (50-PSOL / 18-REDE)
2026;RN;DEPUTADO FEDERAL;PSB;#NULO;PSB
2026;SP;2º SUPLENTE;CIDADANIA;45-PSDB/23-CIDADANIA;FEDERAÇÃO PSDB CIDADANIA (45-PSDB / 23-CIDADANIA)
2026;MA;GOVERNADOR;REDE;50-PSOL/18-REDE;FEDERAÇÃO BRASIL DA ESPERANÇA - FE BRASIL (13-PT / 65-PC do B / 43-PV) / PSB / FEDERAÇÃO PSOL REDE (50-PSOL / 18-REDE)
2026;RS;2º SUPLENTE;PODE;#NULO;REPUBLICANOS / PODE / DC / NOVO / PL / FEDERAÇÃO UNIÃO PROGRESSISTA (44-UNIÃO / 11-PP)
2026;ES;1º SUPLENTE;UNIÃO;44-UNIÃO/11-PP;PDT / MDB / PODE / AGIR / PSB / FEDERAÇÃO PSDB CIDADANIA (45-PSDB / 23-CIDADANIA) / FEDERAÇÃO UNIÃO PROGRESSISTA (44-UNIÃO / 11-PP)
2026;AC;DEPUTADO ESTADUAL;PDT;#NULO;PDT
2026;MG;DEPUTADO FEDERAL;PL;#NULO;PL
2026;RR;DEPUTADO FEDERAL;AVANTE;#NULO;AVANTE
2026;TO;SENADOR;PL;#NULO;PL
2026;SE;2º SUPLENTE;PL;#NULO;PODE / PL / NOVO
2026;AC;SENADOR;MDB;#NULO;PDT / MDB / PL / DEMOCRATA / FEDERAÇÃO UNIÃO PROGRESSISTA (44-UNIÃO / 11-PP)
2026;SC;SENADOR;PP;44-UNIÃO/11-PP;MDB / PSD / FEDERAÇÃO UNIÃO PROGRESSISTA (44-UNIÃO / 11-PP)
2026;PR;DEPUTADO FEDERAL;PSD;#NULO;PSD
2026;DF;DEPUTADO DISTRITAL;UNIÃO;44-UNIÃO/11-PP;FEDERAÇÃO UNIÃO PROGRESSISTA (44-UNIÃO / 11-PP)
2026;RJ;DEPUTADO FEDERAL;PV;13-PT/65-PC do B/43-PV;FEDERAÇÃO BRASIL DA ESPERANÇA - FE BRASIL (13-PT / 65-PC do B / 43-PV)
2026;AL;DEPUTADO FEDERAL;UNIÃO;44-UNIÃO/11-PP;FEDERAÇÃO UNIÃO PROGRESSISTA (44-UNIÃO / 11-PP)
2026;MA;DEPUTADO FEDERAL;PDT;#NULO;PDT
2026;MG;1º SUPLENTE;UP;#NULO;UP
2026;SC;DEPUTADO ESTADUAL;PSDB;45-PSDB/23-CIDADANIA;FEDERAÇÃO PSDB CIDADANIA (45-PSDB / 23-CIDADANIA)
2026;DF;GOVERNADOR;NOVO;#NULO;NOVO
2026;TO;2º SUPLENTE;PSOL;50-PSOL/18-REDE;FEDERAÇÃO PSOL REDE (50-PSOL / 18-REDE)
2026;MG;1º SUPLENTE;PSTU;#NULO;PSTU
2026;ES;2º SUPLENTE;AVANTE;#NULO;AVANTE
2026;SC;DEPUTADO ESTADUAL;PSD;#NULO;PSD
2026;GO;2º SUPLENTE;PP;44-UNIÃO/11-PP;FEDERAÇÃO UNIÃO PROGRESSISTA (44-UNIÃO / 11-PP)
2026;RR;VICE-GOVERNADOR;PCDOB;13-PT/65-PC do B/43-PV;FEDERAÇÃO BRASIL DA ESPERANÇA - FE BRASIL (13-PT / 65-PC do B / 43-PV) / FEDERAÇÃO PSOL REDE (50-PSOL / 18-REDE)
2026;SC;VICE-GOVERNADOR;AVANTE;#NULO;AVANTE / AGIR / DC / FEDERAÇÃO PSDB CIDADANIA (45-PSDB / 23-CIDADANIA) / NOVO / REPUBLICANOS / PODE / PL
2026;RS;2º SUPLENTE;REDE;50-PSOL/18-REDE;PDT / PSB / AVANTE / FEDERAÇÃO BRASIL DA ESPERANÇA - FE BRASIL (13-PT / 65-PC do B / 43-PV) / FEDERAÇÃO PSOL REDE (50-PSOL / 18-REDE)
2026;SE;SENADOR;PCDOB;13-PT/65-PC do B/43-PV;PSB / PSD / FEDERAÇÃO BRASIL DA ESPERANÇA - FE BRASIL (13-PT / 65-PC do B / 43-PV) / FEDERAÇÃO UNIÃO PROGRESSISTA (44-UNIÃO / 11-PP)
2026;AC;2º SUPLENTE;PRD;25-PRD/77-SOLIDARIEDADE;FEDERAÇÃO PSDB CIDADANIA (45-PSDB / 23-CIDADANIA) / FEDERAÇÃO RENOVAÇÃO SOLIDÁRIA (25-PRD / 77-SOLIDARIEDADE)
2026;PB;VICE-GOVERNADOR;PRD;25-PRD/77-SOLIDARIEDADE;PODE / MOBILIZA / FEDERAÇÃO BRASIL DA ESPERANÇA - FE BRASIL (13-PT / 65-PC do B / 43-PV) / AGIR / FEDERAÇÃO RENOVAÇÃO SOLIDÁRIA (25-PRD / 77-SOLIDARIEDADE) / FEDERAÇÃO UNIÃO PROGRESSISTA (44-UNIÃO / 11-PP) / REPUBLICANOS / PSB
2026;PR;1º SUPLENTE;UNIÃO;44-UNIÃO/11-PP;REPUBLICANOS / MDB / DEMOCRATA / PSD / AVANTE / FEDERAÇÃO PSDB CIDADANIA (45-PSDB / 23-CIDADANIA) / FEDERAÇÃO UNIÃO PROGRESSISTA (44-UNIÃO / 11-PP)
2026;CE;2º SUPLENTE;PSOL;50-PSOL/18-REDE;PDT / PODE / PSB / PSD / FEDERAÇÃO BRASIL DA ESPERANÇA - FE BRASIL (13-PT / 65-PC do B / 43-PV) / FEDERAÇÃO PSOL REDE (50-PSOL / 18-REDE) / FEDERAÇÃO RENOVAÇÃO SOLIDÁRIA (25-PRD / 77-SOLIDARIEDADE) / REPUBLICANOS / MDB / MOBILIZA
2026;AC;DEPUTADO FEDERAL;PSDB;45-PSDB/23-CIDADANIA;FEDERAÇÃO PSDB CIDADANIA (45-PSDB / 23-CIDADANIA)
2026;AL;DEPUTADO ESTADUAL;PV;13-PT/65-PC do B/43-PV;FEDERAÇÃO BRASIL DA ESPERANÇA - FE BRASIL (13-PT / 65-PC do B / 43-PV)
2026;MG;1º SUPLENTE;CIDADANIA;45-PSDB/23-CIDADANIA;PDT / FEDERAÇÃO PSDB CIDADANIA (45-PSDB / 23-CIDADANIA)
2026;MG;VICE-GOVERNADOR;PP;44-UNIÃO/11-PP;PSD / FEDERAÇÃO UNIÃO PROGRESSISTA (44-UNIÃO / 11-PP) / NOVO / AVANTE / FEDERAÇÃO RENOVAÇÃO SOLIDÁRIA (25-PRD / 77-SOLIDARIEDADE) / MOBILIZA / DC / AGIR
2026;SC;DEPUTADO ESTADUAL;PT;13-PT/65-PC do B/43-PV;FEDERAÇÃO BRASIL DA ESPERANÇA - FE BRASIL (13-PT / 65-PC do B / 43-PV)
2026;MG;DEPUTADO FEDERAL;UNIÃO;44-UNIÃO/11-PP;FEDERAÇÃO UNIÃO PROGRESSISTA (44-UNIÃO / 11-PP)
2026;ES;DEPUTADO ESTADUAL;SOLIDARIEDADE;25-PRD/77-SOLIDARIEDADE;FEDERAÇÃO RENOVAÇÃO SOLIDÁRIA (25-PRD / 77-SOLIDARIEDADE)
2026;MT;DEPUTADO FEDERAL;PSOL;50-PSOL/18-REDE;FEDERAÇÃO PSOL REDE (50-PSOL / 18-REDE)
2026;SP;1º SUPLENTE;PCB;#NULO;PCB
2026;RO;VICE-GOVERNADOR;PSOL;50-PSOL/18-REDE;FEDERAÇÃO BRASIL DA ESPERANÇA - FE BRASIL (13-PT / 65-PC do B / 43-PV) / FEDERAÇÃO PSOL REDE (50-PSOL / 18-REDE)
2026;MS;GOVERNADOR;PSD;#NULO;FEDERAÇÃO UNIÃO PROGRESSISTA (44-UNIÃO / 11-PP) / PL / FEDERAÇÃO PSDB CIDADANIA (45-PSDB / 23-CIDADANIA) / PODE / AVANTE / REPUBLICANOS / PSD / MDB
2026;BA;SENADOR;PCDOB;13-PT/65-PC do B/43-PV;PDT / MDB / PSB / PSD / AVANTE / FEDERAÇÃO BRASIL DA ESPERANÇA - FE BRASIL (13-PT / 65-PC do B / 43-PV)
2026;MT;VICE-GOVERNADOR;PP;44-UNIÃO/11-PP;FEDERAÇÃO PSDB CIDADANIA (45-PSDB / 23-CIDADANIA) / REPUBLICANOS / FEDERAÇÃO UNIÃO PROGRESSISTA (44-UNIÃO / 11-PP) / PODE
2026;CE;VICE-GOVERNADOR;MDB;#NULO;PSB / PDT / PODE / MOBILIZA / FEDERAÇÃO BRASIL DA ESPERANÇA - FE BRASIL (13-PT / 65-PC do B / 43-PV) / REPUBLICANOS / PSD / MDB / FEDERAÇÃO RENOVAÇÃO SOLIDÁRIA (25-PRD / 77-SOLIDARIEDADE) / FEDERAÇÃO PSOL REDE (50-PSOL / 18-REDE)
2026;CE;2º SUPLENTE;CIDADANIA;45-PSDB/23-CIDADANIA;PL / DC / AVANTE / FEDERAÇÃO PSDB CIDADANIA (45-PSDB / 23-CIDADANIA) / FEDERAÇÃO UNIÃO PROGRESSISTA (44-UNIÃO / 11-PP)
2026;CE;1º SUPLENTE;PCDOB;13-PT/65-PC do B/43-PV;PDT / PODE / PSB / PSD / FEDERAÇÃO BRASIL DA ESPERANÇA - FE BRASIL (13-PT / 65-PC do B / 43-PV) / FEDERAÇÃO PSOL REDE (50-PSOL / 18-REDE) / FEDERAÇÃO RENOVAÇÃO SOLIDÁRIA (25-PRD / 77-SOLIDARIEDADE) / REPUBLICANOS / MDB / MOBILIZA
2026;MS;1º SUPLENTE;PSDB;45-PSDB/23-CIDADANIA;PL / FEDERAÇÃO UNIÃO PROGRESSISTA (44-UNIÃO / 11-PP) / REPUBLICANOS / FEDERAÇÃO PSDB CIDADANIA (45-PSDB / 23-CIDADANIA) / PSD / MDB / PODE / AVANTE
2026;RS;SENADOR;PCDOB;13-PT/65-PC do B/43-PV;PDT / PSB / AVANTE / FEDERAÇÃO BRASIL DA ESPERANÇA - FE BRASIL (13-PT / 65-PC do B / 43-PV) / FEDERAÇÃO PSOL REDE (50-PSOL / 18-REDE)
2026;AP;GOVERNADOR;PV;13-PT/65-PC do B/43-PV;REPUBLICANOS / PDT / AGIR / FEDERAÇÃO UNIÃO PROGRESSISTA (44-UNIÃO / 11-PP) / FEDERAÇÃO PSDB CIDADANIA (45-PSDB / 23-CIDADANIA) / FEDERAÇÃO BRASIL DA ESPERANÇA - FE BRASIL (13-PT / 65-PC do B / 43-PV) / FEDERAÇÃO RENOVAÇÃO SOLIDÁRIA (25-PRD / 77-SOLIDARIEDADE)
2026;AC;1º SUPLENTE;DEMOCRATA;#NULO;PDT / MDB / PL / DEMOCRATA / FEDERAÇÃO UNIÃO PROGRESSISTA (44-UNIÃO / 11-PP)
2026;PI;DEPUTADO FEDERAL;PCDOB;13-PT/65-PC do B/43-PV;FEDERAÇÃO BRASIL DA ESPERANÇA - FE BRASIL (13-PT / 65-PC do B / 43-PV)
2026;SE;DEPUTADO FEDERAL;AGIR;#NULO;AGIR
2026;RR;SENADOR;PV;13-PT/65-PC do B/43-PV;FEDERAÇÃO BRASIL DA ESPERANÇA - FE BRASIL (13-PT / 65-PC do B / 43-PV)
2026;RJ;GOVERNADOR;PSOL;50-PSOL/18-REDE;FEDERAÇÃO PSOL REDE (50-PSOL / 18-REDE)
2026;MT;DEPUTADO ESTADUAL;NOVO;#NULO;NOVO
2026;CE;VICE-GOVERNADOR;PSOL;50-PSOL/18-REDE;PSB / PDT / PODE / MOBILIZA / FEDERAÇÃO BRASIL DA ESPERANÇA - FE BRASIL (13-PT / 65-PC do B / 43-PV) / REPUBLICANOS / PSD / MDB / FEDERAÇÃO RENOVAÇÃO SOLIDÁRIA (25-PRD / 77-SOLIDARIEDADE) / FEDERAÇÃO PSOL REDE (50-PSOL / 18-REDE)
2026;MA;DEPUTADO ESTADUAL;PCDOB;13-PT/65-PC do B/43-PV;FEDERAÇÃO BRASIL DA ESPERANÇA - FE BRASIL (13-PT / 65-PC do B / 43-PV)
2026;RN;DEPUTADO FEDERAL;DC;#NULO;DC
2026;TO;DEPUTADO ESTADUAL;PODE;#NULO;PODE
2026;RO;GOVERNADOR;PT;13-PT/65-PC do B/43-PV;FEDERAÇÃO BRASIL DA ESPERANÇA - FE BRASIL (13-PT / 65-PC do B / 43-PV) / FEDERAÇÃO PSOL REDE (50-PSOL / 18-REDE)
2026;MG;SENADOR;PT;13-PT/65-PC do B/43-PV;PSB / FEDERAÇÃO BRASIL DA ESPERANÇA - FE BRASIL (13-PT / 65-PC do B / 43-PV) / FEDERAÇÃO PSOL REDE (50-PSOL / 18-REDE)
2026;AL;DEPUTADO FEDERAL;PRD;25-PRD/77-SOLIDARIEDADE;FEDERAÇÃO RENOVAÇÃO SOLIDÁRIA (25-PRD / 77-SOLIDARIEDADE)
2026;AM;DEPUTADO FEDERAL;PT;13-PT/65-PC do B/43-PV;FEDERAÇÃO BRASIL DA ESPERANÇA - FE BRASIL (13-PT / 65-PC do B / 43-PV)
2026;AM;DEPUTADO FEDERAL;DC;#NULO;DC
2026;MG;VICE-GOVERNADOR;PCO;#NULO;PCO
2026;SP;DEPUTADO FEDERAL;PP;44-UNIÃO/11-PP;FEDERAÇÃO UNIÃO PROGRESSISTA (44-UNIÃO / 11-PP)
2026;AL;GOVERNADOR;PV;13-PT/65-PC do B/43-PV;MDB / PODE / AGIR / PSB / PSD / AVANTE / FEDERAÇÃO BRASIL DA ESPERANÇA - FE BRASIL (13-PT / 65-PC do B / 43-PV)
2026;BA;VICE-GOVERNADOR;PDT;#NULO;PDT / MDB / PSB / PSD / AVANTE / FEDERAÇÃO BRASIL DA ESPERANÇA - FE BRASIL (13-PT / 65-PC do B / 43-PV)
2026;SP;1º SUPLENTE;PV;13-PT/65-PC do B/43-PV;PDT / PSB / FEDERAÇÃO BRASIL DA ESPERANÇA - FE BRASIL (13-PT / 65-PC do B / 43-PV) / FEDERAÇÃO PSOL REDE (50-PSOL / 18-REDE)
2026;PI;GOVERNADOR;PSD;#NULO;REPUBLICANOS / PDT / MDB / PSD / FEDERAÇÃO BRASIL DA ESPERANÇA - FE BRASIL (13-PT / 65-PC do B / 43-PV)
2026;CE;SENADOR;CIDADANIA;45-PSDB/23-CIDADANIA;PL / DC / AVANTE / FEDERAÇÃO PSDB CIDADANIA (45-PSDB / 23-CIDADANIA) / FEDERAÇÃO UNIÃO PROGRESSISTA (44-UNIÃO / 11-PP)
2026;SC;1º SUPLENTE;PSB;#NULO;PDT / PSB / FEDERAÇÃO BRASIL DA ESPERANÇA - FE BRASIL (13-PT / 65-PC do B / 43-PV) / FEDERAÇÃO PSOL REDE (50-PSOL / 18-REDE)
2026;AP;SENADOR;PCDOB;13-PT/65-PC do B/43-PV;REPUBLICANOS / PDT / AGIR / FEDERAÇÃO UNIÃO PROGRESSISTA (44-UNIÃO / 11-PP) / FEDERAÇÃO PSDB CIDADANIA (45-PSDB / 23-CIDADANIA) / FEDERAÇÃO BRASIL DA ESPERANÇA - FE BRASIL (13-PT / 65-PC do B / 43-PV) / FEDERAÇÃO RENOVAÇÃO SOLIDÁRIA (25-PRD / 77-SOLIDARIEDADE)
2026;AM;GOVERNADOR;MDB;#NULO;REPUBLICANOS / MDB / PSD / FEDERAÇÃO BRASIL DA ESPERANÇA - FE BRASIL (13-PT / 65-PC do B / 43-PV)
2026;RR;1º SUPLENTE;PRD;25-PRD/77-SOLIDARIEDADE;AVANTE / FEDERAÇÃO RENOVAÇÃO SOLIDÁRIA (25-PRD / 77-SOLIDARIEDADE)
2026;RS;SENADOR;REPUBLICANOS;#NULO;REPUBLICANOS / PODE / DC / NOVO / PL / FEDERAÇÃO UNIÃO PROGRESSISTA (44-UNIÃO / 11-PP)
2026;AL;DEPUTADO ESTADUAL;PCDOB;13-PT/65-PC do B/43-PV;FEDERAÇÃO BRASIL DA ESPERANÇA - FE BRASIL (13-PT / 65-PC do B / 43-PV)
2026;AP;2º SUPLENTE;DC;#NULO;DC
2026;RN;1º SUPLENTE;UNIÃO;44-UNIÃO/11-PP;REPUBLICANOS / MDB / PSD / FEDERAÇÃO RENOVAÇÃO SOLIDÁRIA (25-PRD / 77-SOLIDARIEDADE) / FEDERAÇÃO UNIÃO PROGRESSISTA (44-UNIÃO / 11-PP) / AVANTE
2026;MA;SENADOR;MDB;#NULO;REPUBLICANOS / PDT / MDB / PODE / FEDERAÇÃO RENOVAÇÃO SOLIDÁRIA (25-PRD / 77-SOLIDARIEDADE)
2026;PI;DEPUTADO FEDERAL;PL;#NULO;PL
2026;BA;VICE-GOVERNADOR;SOLIDARIEDADE;25-PRD/77-SOLIDARIEDADE;REPUBLICANOS / PODE / PL / FEDERAÇÃO PSDB CIDADANIA (45-PSDB / 23-CIDADANIA) / FEDERAÇÃO RENOVAÇÃO SOLIDÁRIA (25-PRD / 77-SOLIDARIEDADE) / FEDERAÇÃO UNIÃO PROGRESSISTA (44-UNIÃO / 11-PP) / NOVO
2026;RN;SENADOR;PV;13-PT/65-PC do B/43-PV;PDT / PSB / FEDERAÇÃO BRASIL DA ESPERANÇA - FE BRASIL (13-PT / 65-PC do B / 43-PV)
2026;SP;DEPUTADO FEDERAL;PRD;25-PRD/77-SOLIDARIEDADE;FEDERAÇÃO RENOVAÇÃO SOLIDÁRIA (25-PRD / 77-SOLIDARIEDADE)
2026;GO;DEPUTADO FEDERAL;PSDB;45-PSDB/23-CIDADANIA;FEDERAÇÃO PSDB CIDADANIA (45-PSDB / 23-CIDADANIA)
2026;RR;VICE-GOVERNADOR;PCO;#NULO;PCO
2026;AP;SENADOR;PCO;#NULO;PCO
2026;RN;2º SUPLENTE;PSD;#NULO;REPUBLICANOS / MDB / PSD / FEDERAÇÃO RENOVAÇÃO SOLIDÁRIA (25-PRD / 77-SOLIDARIEDADE) / FEDERAÇÃO UNIÃO PROGRESSISTA (44-UNIÃO / 11-PP) / AVANTE
2026;AP;2º SUPLENTE;CIDADANIA;45-PSDB/23-CIDADANIA;REPUBLICANOS / PDT / AGIR / FEDERAÇÃO UNIÃO PROGRESSISTA (44-UNIÃO / 11-PP) / FEDERAÇÃO PSDB CIDADANIA (45-PSDB / 23-CIDADANIA) / FEDERAÇÃO BRASIL DA ESPERANÇA - FE BRASIL (13-PT / 65-PC do B / 43-PV) / FEDERAÇÃO RENOVAÇÃO SOLIDÁRIA (25-PRD / 77-SOLIDARIEDADE)
2026;AM;VICE-GOVERNADOR;PSOL;50-PSOL/18-REDE;FEDERAÇÃO PSOL REDE (50-PSOL / 18-REDE)
2026;PB;DEPUTADO FEDERAL;REPUBLICANOS;#NULO;REPUBLICANOS
2026;RJ;1º SUPLENTE;PL;#NULO;PL
2026;DF;2º SUPLENTE;CIDADANIA;45-PSDB/23-CIDADANIA;FEDERAÇÃO PSDB CIDADANIA (45-PSDB / 23-CIDADANIA)
2026;SP;DEPUTADO FEDERAL;PCO;#NULO;PCO
2026;BA;1º SUPLENTE;PSB;#NULO;PDT / MDB / PSB / PSD / AVANTE / FEDERAÇÃO BRASIL DA ESPERANÇA - FE BRASIL (13-PT / 65-PC do B / 43-PV)
2026;AM;SENADOR;MDB;#NULO;REPUBLICANOS / MDB / PSD / FEDERAÇÃO BRASIL DA ESPERANÇA - FE BRASIL (13-PT / 65-PC do B / 43-PV)
2026;PI;1º SUPLENTE;PV;13-PT/65-PC do B/43-PV;REPUBLICANOS / PDT / MDB / PSD / FEDERAÇÃO BRASIL DA ESPERANÇA - FE BRASIL (13-PT / 65-PC do B / 43-PV)
2026;SC;VICE-GOVERNADOR;MDB;#NULO;MDB / PSD / FEDERAÇÃO UNIÃO PROGRESSISTA (44-UNIÃO / 11-PP)
2026;RJ;SENADOR;PDT;#NULO;PDT / MDB / DC / FEDERAÇÃO BRASIL DA ESPERANÇA - FE BRASIL (13-PT / 65-PC do B / 43-PV) / PSB / PSD / FEDERAÇÃO PSDB CIDADANIA (45-PSDB / 23-CIDADANIA) / FEDERAÇÃO RENOVAÇÃO SOLIDÁRIA (25-PRD / 77-SOLIDARIEDADE)
2026;MS;SENADOR;MDB;#NULO;PL / FEDERAÇÃO UNIÃO PROGRESSISTA (44-UNIÃO / 11-PP) / REPUBLICANOS / FEDERAÇÃO PSDB CIDADANIA (45-PSDB / 23-CIDADANIA) / PSD / MDB / PODE / AVANTE
2026;PB;GOVERNADOR;PRD;25-PRD/77-SOLIDARIEDADE;PODE / MOBILIZA / FEDERAÇÃO BRASIL DA ESPERANÇA - FE BRASIL (13-PT / 65-PC do B / 43-PV) / AGIR / FEDERAÇÃO RENOVAÇÃO SOLIDÁRIA (25-PRD / 77-SOLIDARIEDADE) / FEDERAÇÃO UNIÃO PROGRESSISTA (44-UNIÃO / 11-PP) / REPUBLICANOS / PSB
2026;PI;DEPUTADO FEDERAL;MISSÃO;#NULO;MISSÃO
2026;RN;DEPUTADO ESTADUAL;REDE;50-PSOL/18-REDE;FEDERAÇÃO PSOL REDE (50-PSOL / 18-REDE)
2026;RS;1º SUPLENTE;PCO;#NULO;PCO
2026;MS;VICE-GOVERNADOR;AGIR;#NULO;AGIR
2026;SC;GOVERNADOR;PT;13-PT/65-PC do B/43-PV;PDT / PSB / FEDERAÇÃO PSOL REDE (50-PSOL / 18-REDE) / FEDERAÇÃO BRASIL DA ESPERANÇA - FE BRASIL (13-PT / 65-PC do B / 43-PV)
2026;PA;DEPUTADO FEDERAL;UP;#NULO;UP
2026;RR;1º SUPLENTE;PSD;#NULO;REPUBLICANOS / PODE / AGIR / PSD / FEDERAÇÃO UNIÃO PROGRESSISTA (44-UNIÃO / 11-PP)
2026;RS;SENADOR;PDT;#NULO;PDT / PSB / AVANTE / FEDERAÇÃO BRASIL DA ESPERANÇA - FE BRASIL (13-PT / 65-PC do B / 43-PV) / FEDERAÇÃO PSOL REDE (50-PSOL / 18-REDE)
2026;SE;2º SUPLENTE;REPUBLICANOS;#NULO;REPUBLICANOS / AVANTE
2026;RS;VICE-GOVERNADOR;PDT;#NULO;PDT / PSB / AVANTE / FEDERAÇÃO BRASIL DA ESPERANÇA - FE BRASIL (13-PT / 65-PC do B / 43-PV) / FEDERAÇÃO PSOL REDE (50-PSOL / 18-REDE)
2026;PR;SENADOR;REPUBLICANOS;#NULO;REPUBLICANOS / MDB / DEMOCRATA / PSD / AVANTE / FEDERAÇÃO PSDB CIDADANIA (45-PSDB / 23-CIDADANIA) / FEDERAÇÃO UNIÃO PROGRESSISTA (44-UNIÃO / 11-PP)
2026;CE;DEPUTADO FEDERAL;PRD;25-PRD/77-SOLIDARIEDADE;FEDERAÇÃO RENOVAÇÃO SOLIDÁRIA (25-PRD / 77-SOLIDARIEDADE)
2026;SE;DEPUTADO ESTADUAL;PV;13-PT/65-PC do B/43-PV;FEDERAÇÃO BRASIL DA ESPERANÇA - FE BRASIL (13-PT / 65-PC do B / 43-PV)
2026;AL;2º SUPLENTE;AVANTE;#NULO;MDB / PODE / AGIR / PSB / PSD / AVANTE / FEDERAÇÃO BRASIL DA ESPERANÇA - FE BRASIL (13-PT / 65-PC do B / 43-PV)
2026;ES;2º SUPLENTE;PL;#NULO;REPUBLICANOS / PL / DEMOCRATA
2026;RR;DEPUTADO ESTADUAL;PT;13-PT/65-PC do B/43-PV;FEDERAÇÃO BRASIL DA ESPERANÇA - FE BRASIL (13-PT / 65-PC do B / 43-PV)
2026;PI;1º SUPLENTE;CIDADANIA;45-PSDB/23-CIDADANIA;FEDERAÇÃO PSDB CIDADANIA (45-PSDB / 23-CIDADANIA)
2026;AM;SENADOR;NOVO;#NULO;PL / NOVO
2026;AL;1º SUPLENTE;PCDOB;13-PT/65-PC do B/43-PV;MDB / PODE / AGIR / PSB / PSD / AVANTE / FEDERAÇÃO BRASIL DA ESPERANÇA - FE BRASIL (13-PT / 65-PC do B / 43-PV)
2026;SC;SENADOR;PL;#NULO;REPUBLICANOS / PODE / PL / DC / NOVO / AGIR / AVANTE / FEDERAÇÃO PSDB CIDADANIA (45-PSDB / 23-CIDADANIA)
2026;PE;SENADOR;PSD;#NULO;PODE / PSD / AVANTE / FEDERAÇÃO PSDB CIDADANIA (45-PSDB / 23-CIDADANIA) / FEDERAÇÃO UNIÃO PROGRESSISTA (44-UNIÃO / 11-PP)
2026;RS;DEPUTADO ESTADUAL;UNIÃO;44-UNIÃO/11-PP;FEDERAÇÃO UNIÃO PROGRESSISTA (44-UNIÃO / 11-PP)
2026;MS;2º SUPLENTE;PCO;#NULO;PCO
2026;RO;DEPUTADO FEDERAL;SOLIDARIEDADE;25-PRD/77-SOLIDARIEDADE;FEDERAÇÃO RENOVAÇÃO SOLIDÁRIA (25-PRD / 77-SOLIDARIEDADE)
2026;MS;DEPUTADO ESTADUAL;PL;#NULO;PL
2026;SP;2º SUPLENTE;PCO;#NULO;PCO
2026;MG;2º SUPLENTE;PSTU;#NULO;PSTU
2026;RJ;2º SUPLENTE;PRD;25-PRD/77-SOLIDARIEDADE;PDT / MDB / DC / FEDERAÇÃO BRASIL DA ESPERANÇA - FE BRASIL (13-PT / 65-PC do B / 43-PV) / PSB / PSD / FEDERAÇÃO PSDB CIDADANIA (45-PSDB / 23-CIDADANIA) / FEDERAÇÃO RENOVAÇÃO SOLIDÁRIA (25-PRD / 77-SOLIDARIEDADE)
2026;MA;SENADOR;PSDB;45-PSDB/23-CIDADANIA;FEDERAÇÃO PSDB CIDADANIA (45-PSDB / 23-CIDADANIA) / FEDERAÇÃO UNIÃO PROGRESSISTA (44-UNIÃO / 11-PP)
2026;SC;2º SUPLENTE;PDT;#NULO;PDT / PSB / FEDERAÇÃO BRASIL DA ESPERANÇA - FE BRASIL (13-PT / 65-PC do B / 43-PV) / FEDERAÇÃO PSOL REDE (50-PSOL / 18-REDE)
2026;PE;DEPUTADO FEDERAL;DC;#NULO;DC
2026;MS;DEPUTADO FEDERAL;PL;#NULO;PL
2026;MA;DEPUTADO ESTADUAL;SOLIDARIEDADE;25-PRD/77-SOLIDARIEDADE;FEDERAÇÃO RENOVAÇÃO SOLIDÁRIA (25-PRD / 77-SOLIDARIEDADE)
2026;PI;VICE-GOVERNADOR;CIDADANIA;45-PSDB/23-CIDADANIA;FEDERAÇÃO PSDB CIDADANIA (45-PSDB / 23-CIDADANIA)
2026;RN;DEPUTADO FEDERAL;PP;44-UNIÃO/11-PP;FEDERAÇÃO UNIÃO PROGRESSISTA (44-UNIÃO / 11-PP)
2026;ES;DEPUTADO ESTADUAL;PSB;#NULO;PSB
2026;MS;DEPUTADO FEDERAL;SOLIDARIEDADE;25-PRD/77-SOLIDARIEDADE;FEDERAÇÃO RENOVAÇÃO SOLIDÁRIA (25-PRD / 77-SOLIDARIEDADE)
2026;SE;DEPUTADO ESTADUAL;UNIÃO;44-UNIÃO/11-PP;FEDERAÇÃO UNIÃO PROGRESSISTA (44-UNIÃO / 11-PP)
2026;PB;SENADOR;UP;#NULO;UP
2026;PR;DEPUTADO FEDERAL;PL;#NULO;PL
2026;AM;2º SUPLENTE;PSTU;#NULO;PSTU
2026;PA;SENADOR;UP;#NULO;UP
2026;RR;GOVERNADOR;AGIR;#NULO;REPUBLICANOS / PODE / AGIR / PSD / FEDERAÇÃO UNIÃO PROGRESSISTA (44-UNIÃO / 11-PP)
2026;CE;VICE-GOVERNADOR;PSDB;45-PSDB/23-CIDADANIA;PL / FEDERAÇÃO PSDB CIDADANIA (45-PSDB / 23-CIDADANIA) / FEDERAÇÃO UNIÃO PROGRESSISTA (44-UNIÃO / 11-PP) / DC / AVANTE
2026;RR;SENADOR;AGIR;#NULO;REPUBLICANOS / PODE / AGIR / PSD / FEDERAÇÃO UNIÃO PROGRESSISTA (44-UNIÃO / 11-PP)
2026;RR;2º SUPLENTE;UNIÃO;44-UNIÃO/11-PP;REPUBLICANOS / PODE / AGIR / PSD / FEDERAÇÃO UNIÃO PROGRESSISTA (44-UNIÃO / 11-PP)
2026;DF;VICE-GOVERNADOR;UNIÃO;44-UNIÃO/11-PP;REPUBLICANOS / MDB / PODE / PL / DC / MOBILIZA / DEMOCRATA / FEDERAÇÃO RENOVAÇÃO SOLIDÁRIA (25-PRD / 77-SOLIDARIEDADE) / FEDERAÇÃO UNIÃO PROGRESSISTA (44-UNIÃO / 11-PP)
2026;CE;2º SUPLENTE;PRD;25-PRD/77-SOLIDARIEDADE;PDT / PODE / PSB / PSD / FEDERAÇÃO BRASIL DA ESPERANÇA - FE BRASIL (13-PT / 65-PC do B / 43-PV) / FEDERAÇÃO PSOL REDE (50-PSOL / 18-REDE) / FEDERAÇÃO RENOVAÇÃO SOLIDÁRIA (25-PRD / 77-SOLIDARIEDADE) / REPUBLICANOS / MDB / MOBILIZA
2026;RR;DEPUTADO FEDERAL;DC;#NULO;DC
2026;PA;SENADOR;SOLIDARIEDADE;25-PRD/77-SOLIDARIEDADE;FEDERAÇÃO RENOVAÇÃO SOLIDÁRIA (25-PRD / 77-SOLIDARIEDADE)
2026;DF;GOVERNADOR;AVANTE;#NULO;PSD / AVANTE
2026;BA;VICE-GOVERNADOR;PRD;25-PRD/77-SOLIDARIEDADE;REPUBLICANOS / PODE / PL / FEDERAÇÃO PSDB CIDADANIA (45-PSDB / 23-CIDADANIA) / FEDERAÇÃO RENOVAÇÃO SOLIDÁRIA (25-PRD / 77-SOLIDARIEDADE) / FEDERAÇÃO UNIÃO PROGRESSISTA (44-UNIÃO / 11-PP) / NOVO
2026;PE;VICE-GOVERNADOR;AVANTE;#NULO;PODE / PSD / AVANTE / FEDERAÇÃO PSDB CIDADANIA (45-PSDB / 23-CIDADANIA) / FEDERAÇÃO UNIÃO PROGRESSISTA (44-UNIÃO / 11-PP)
2026;RN;1º SUPLENTE;MOBILIZA;#NULO;PODE / PL / NOVO / FEDERAÇÃO PSDB CIDADANIA (45-PSDB / 23-CIDADANIA) / MOBILIZA
2026;PE;SENADOR;PSOL;50-PSOL/18-REDE;PCB / FEDERAÇÃO PSOL REDE (50-PSOL / 18-REDE)
2026;CE;GOVERNADOR;MOBILIZA;#NULO;PSB / PDT / PODE / MOBILIZA / FEDERAÇÃO BRASIL DA ESPERANÇA - FE BRASIL (13-PT / 65-PC do B / 43-PV) / REPUBLICANOS / PSD / MDB / FEDERAÇÃO RENOVAÇÃO SOLIDÁRIA (25-PRD / 77-SOLIDARIEDADE) / FEDERAÇÃO PSOL REDE (50-PSOL / 18-REDE)
2026;PB;1º SUPLENTE;UP;#NULO;UP
2026;AP;VICE-GOVERNADOR;DC;#NULO;DC
2026;RN;1º SUPLENTE;UP;#NULO;UP
2026;PA;DEPUTADO ESTADUAL;PT;13-PT/65-PC do B/43-PV;FEDERAÇÃO BRASIL DA ESPERANÇA - FE BRASIL (13-PT / 65-PC do B / 43-PV)
2026;PA;DEPUTADO FEDERAL;MDB;#NULO;MDB
2026;RJ;SENADOR;REDE;50-PSOL/18-REDE;FEDERAÇÃO PSOL REDE (50-PSOL / 18-REDE)
2026;PI;1º SUPLENTE;PSTU;#NULO;PSTU
2026;PB;2º SUPLENTE;SOLIDARIEDADE;25-PRD/77-SOLIDARIEDADE;REPUBLICANOS / PODE / MOBILIZA / AGIR / PSB / FEDERAÇÃO BRASIL DA ESPERANÇA - FE BRASIL (13-PT / 65-PC do B / 43-PV) / FEDERAÇÃO RENOVAÇÃO SOLIDÁRIA (25-PRD / 77-SOLIDARIEDADE) / FEDERAÇÃO UNIÃO PROGRESSISTA (44-UNIÃO / 11-PP)
2026;MG;1º SUPLENTE;UNIÃO;44-UNIÃO/11-PP;FEDERAÇÃO UNIÃO PROGRESSISTA (44-UNIÃO / 11-PP)
2026;PA;SENADOR;REDE;50-PSOL/18-REDE;FEDERAÇÃO PSOL REDE (50-PSOL / 18-REDE)
2026;RO;1º SUPLENTE;AVANTE;#NULO;PSD / AVANTE / FEDERAÇÃO RENOVAÇÃO SOLIDÁRIA (25-PRD / 77-SOLIDARIEDADE)
2026;ES;1º SUPLENTE;PSB;#NULO;PDT / MDB / PODE / AGIR / PSB / FEDERAÇÃO PSDB CIDADANIA (45-PSDB / 23-CIDADANIA) / FEDERAÇÃO UNIÃO PROGRESSISTA (44-UNIÃO / 11-PP)
2026;AC;1º SUPLENTE;NOVO;#NULO;REPUBLICANOS / PSD / AVANTE / NOVO
2026;MG;GOVERNADOR;MISSÃO;#NULO;MISSÃO
2026;AM;GOVERNADOR;DC;#NULO;PDT / DC / AGIR / AVANTE / FEDERAÇÃO RENOVAÇÃO SOLIDÁRIA (25-PRD / 77-SOLIDARIEDADE)
2026;CE;GOVERNADOR;PSOL;50-PSOL/18-REDE;PSB / PDT / PODE / MOBILIZA / FEDERAÇÃO BRASIL DA ESPERANÇA - FE BRASIL (13-PT / 65-PC do B / 43-PV) / REPUBLICANOS / PSD / MDB / FEDERAÇÃO RENOVAÇÃO SOLIDÁRIA (25-PRD / 77-SOLIDARIEDADE) / FEDERAÇÃO PSOL REDE (50-PSOL / 18-REDE)
2026;PR;2º SUPLENTE;CIDADANIA;45-PSDB/23-CIDADANIA;REPUBLICANOS / MDB / DEMOCRATA / PSD / AVANTE / FEDERAÇÃO PSDB CIDADANIA (45-PSDB / 23-CIDADANIA) / FEDERAÇÃO UNIÃO PROGRESSISTA (44-UNIÃO / 11-PP)
2026;AM;VICE-GOVERNADOR;PP;44-UNIÃO/11-PP;PSB / FEDERAÇÃO UNIÃO PROGRESSISTA (44-UNIÃO / 11-PP) / PODE
2026;CE;DEPUTADO FEDERAL;DC;#NULO;DC
2026;PI;DEPUTADO FEDERAL;MOBILIZA;#NULO;MOBILIZA
2026;PI;DEPUTADO FEDERAL;DEMOCRATA;#NULO;DEMOCRATA
2026;BR;PRESIDENTE;NOVO;#NULO;NOVO
2026;RJ;GOVERNADOR;DEMOCRATA;#NULO;REPUBLICANOS / DEMOCRATA
2026;MT;SENADOR;REPUBLICANOS;#NULO;REPUBLICANOS / PODE / FEDERAÇÃO PSDB CIDADANIA (45-PSDB / 23-CIDADANIA) / FEDERAÇÃO UNIÃO PROGRESSISTA (44-UNIÃO / 11-PP)
2026;SC;VICE-GOVERNADOR;PL;#NULO;AVANTE / AGIR / DC / FEDERAÇÃO PSDB CIDADANIA (45-PSDB / 23-CIDADANIA) / NOVO / REPUBLICANOS / PODE / PL
2026;AM;DEPUTADO FEDERAL;PSOL;50-PSOL/18-REDE;FEDERAÇÃO PSOL REDE (50-PSOL / 18-REDE)
2026;CE;2º SUPLENTE;REPUBLICANOS;#NULO;PDT / PODE / PSB / PSD / FEDERAÇÃO BRASIL DA ESPERANÇA - FE BRASIL (13-PT / 65-PC do B / 43-PV) / FEDERAÇÃO PSOL REDE (50-PSOL / 18-REDE) / FEDERAÇÃO RENOVAÇÃO SOLIDÁRIA (25-PRD / 77-SOLIDARIEDADE) / REPUBLICANOS / MDB / MOBILIZA
2026;RS;VICE-GOVERNADOR;SOLIDARIEDADE;25-PRD/77-SOLIDARIEDADE;MDB / PSD / FEDERAÇÃO RENOVAÇÃO SOLIDÁRIA (25-PRD / 77-SOLIDARIEDADE)
2026;SP;VICE-GOVERNADOR;PSD;#NULO;REPUBLICANOS / PL / MDB / DEMOCRATA / AVANTE / PSD / FEDERAÇÃO RENOVAÇÃO SOLIDÁRIA (25-PRD / 77-SOLIDARIEDADE) / FEDERAÇÃO UNIÃO PROGRESSISTA (44-UNIÃO / 11-PP)
2026;RN;VICE-GOVERNADOR;REPUBLICANOS;#NULO;REPUBLICANOS / MDB / PSD / AVANTE / FEDERAÇÃO RENOVAÇÃO SOLIDÁRIA (25-PRD / 77-SOLIDARIEDADE) / FEDERAÇÃO UNIÃO PROGRESSISTA (44-UNIÃO / 11-PP)
2026;SE;1º SUPLENTE;PL;#NULO;PODE / PL / NOVO
2026;CE;GOVERNADOR;CIDADANIA;45-PSDB/23-CIDADANIA;PL / FEDERAÇÃO PSDB CIDADANIA (45-PSDB / 23-CIDADANIA) / FEDERAÇÃO UNIÃO PROGRESSISTA (44-UNIÃO / 11-PP) / DC / AVANTE
2026;TO;2º SUPLENTE;PCDOB;13-PT/65-PC do B/43-PV;FEDERAÇÃO BRASIL DA ESPERANÇA - FE BRASIL (13-PT / 65-PC do B / 43-PV) / PDT / PSB / PSD
2026;RJ;SENADOR;DEMOCRATA;#NULO;DEMOCRATA
2026;RO;DEPUTADO FEDERAL;PRD;25-PRD/77-SOLIDARIEDADE;FEDERAÇÃO RENOVAÇÃO SOLIDÁRIA (25-PRD / 77-SOLIDARIEDADE)
2026;RR;DEPUTADO ESTADUAL;PP;44-UNIÃO/11-PP;FEDERAÇÃO UNIÃO PROGRESSISTA (44-UNIÃO / 11-PP)
2026;BA;DEPUTADO FEDERAL;PCDOB;13-PT/65-PC do B/43-PV;FEDERAÇÃO BRASIL DA ESPERANÇA - FE BRASIL (13-PT / 65-PC do B / 43-PV)
2026;PB;DEPUTADO ESTADUAL;PCDOB;13-PT/65-PC do B/43-PV;FEDERAÇÃO BRASIL DA ESPERANÇA - FE BRASIL (13-PT / 65-PC do B / 43-PV)
2026;PA;DEPUTADO ESTADUAL;CIDADANIA;45-PSDB/23-CIDADANIA;FEDERAÇÃO PSDB CIDADANIA (45-PSDB / 23-CIDADANIA)
2026;BA;DEPUTADO ESTADUAL;PRD;25-PRD/77-SOLIDARIEDADE;FEDERAÇÃO RENOVAÇÃO SOLIDÁRIA (25-PRD / 77-SOLIDARIEDADE)
2026;RS;VICE-GOVERNADOR;UP;#NULO;UP
2026;PR;DEPUTADO FEDERAL;PV;13-PT/65-PC do B/43-PV;FEDERAÇÃO BRASIL DA ESPERANÇA - FE BRASIL (13-PT / 65-PC do B / 43-PV)
2026;RR;DEPUTADO FEDERAL;PODE;#NULO;PODE
2026;RJ;1º SUPLENTE;PL;#NULO;PL
2026;BA;1º SUPLENTE;UP;#NULO;UP
2026;RN;GOVERNADOR;PP;44-UNIÃO/11-PP;REPUBLICANOS / MDB / PSD / AVANTE / FEDERAÇÃO RENOVAÇÃO SOLIDÁRIA (25-PRD / 77-SOLIDARIEDADE) / FEDERAÇÃO UNIÃO PROGRESSISTA (44-UNIÃO / 11-PP)
2026;GO;DEPUTADO FEDERAL;PP;44-UNIÃO/11-PP;FEDERAÇÃO UNIÃO PROGRESSISTA (44-UNIÃO / 11-PP)
2026;MS;DEPUTADO FEDERAL;PRD;25-PRD/77-SOLIDARIEDADE;FEDERAÇÃO RENOVAÇÃO SOLIDÁRIA (25-PRD / 77-SOLIDARIEDADE)
2026;PI;VICE-GOVERNADOR;UP;#NULO;UP
2026;RN;2º SUPLENTE;REDE;50-PSOL/18-REDE;FEDERAÇÃO PSOL REDE (50-PSOL / 18-REDE)
2026;PA;VICE-GOVERNADOR;PSOL;50-PSOL/18-REDE;FEDERAÇÃO PSOL REDE (50-PSOL / 18-REDE)
2026;AM;SENADOR;CIDADANIA;45-PSDB/23-CIDADANIA;FEDERAÇÃO PSDB CIDADANIA (45-PSDB / 23-CIDADANIA)
2026;MS;DEPUTADO ESTADUAL;MDB;#NULO;MDB
2026;RO;SENADOR;MISSÃO;#NULO;MISSÃO
2026;RO;SENADOR;PSB;#NULO;PSB
2026;RN;VICE-GOVERNADOR;NOVO;#NULO;PODE / PL / NOVO / FEDERAÇÃO PSDB CIDADANIA (45-PSDB / 23-CIDADANIA) / MOBILIZA
2026;PB;1º SUPLENTE;PCDOB;13-PT/65-PC do B/43-PV;REPUBLICANOS / PODE / MOBILIZA / AGIR / PSB / FEDERAÇÃO BRASIL DA ESPERANÇA - FE BRASIL (13-PT / 65-PC do B / 43-PV) / FEDERAÇÃO RENOVAÇÃO SOLIDÁRIA (25-PRD / 77-SOLIDARIEDADE) / FEDERAÇÃO UNIÃO PROGRESSISTA (44-UNIÃO / 11-PP)
2026;RR;DEPUTADO FEDERAL;PRD;25-PRD/77-SOLIDARIEDADE;FEDERAÇÃO RENOVAÇÃO SOLIDÁRIA (25-PRD / 77-SOLIDARIEDADE)
2026;PE;2º SUPLENTE;NOVO;#NULO;NOVO
2026;RO;GOVERNADOR;PV;13-PT/65-PC do B/43-PV;FEDERAÇÃO BRASIL DA ESPERANÇA - FE BRASIL (13-PT / 65-PC do B / 43-PV) / FEDERAÇÃO PSOL REDE (50-PSOL / 18-REDE)
2026;AP;GOVERNADOR;PODE;#NULO;NOVO / PSD / PODE / PL
2026;RO;GOVERNADOR;SOLIDARIEDADE;25-PRD/77-SOLIDARIEDADE;PSD / AVANTE / FEDERAÇÃO RENOVAÇÃO SOLIDÁRIA (25-PRD / 77-SOLIDARIEDADE)
2026;PE;1º SUPLENTE;PV;13-PT/65-PC do B/43-PV;REPUBLICANOS / PDT / MDB / DC / PSB / FEDERAÇÃO BRASIL DA ESPERANÇA - FE BRASIL (13-PT / 65-PC do B / 43-PV) / FEDERAÇÃO RENOVAÇÃO SOLIDÁRIA (25-PRD / 77-SOLIDARIEDADE)
2026;BA;2º SUPLENTE;NOVO;#NULO;REPUBLICANOS / PODE / PL / FEDERAÇÃO PSDB CIDADANIA (45-PSDB / 23-CIDADANIA) / FEDERAÇÃO UNIÃO PROGRESSISTA (44-UNIÃO / 11-PP) / FEDERAÇÃO RENOVAÇÃO SOLIDÁRIA (25-PRD / 77-SOLIDARIEDADE) / NOVO
2026;AL;GOVERNADOR;AVANTE;#NULO;MDB / PODE / AGIR / PSB / PSD / AVANTE / FEDERAÇÃO BRASIL DA ESPERANÇA - FE BRASIL (13-PT / 65-PC do B / 43-PV)
2026;SP;GOVERNADOR;REDE;50-PSOL/18-REDE;PDT / PSB / FEDERAÇÃO BRASIL DA ESPERANÇA - FE BRASIL (13-PT / 65-PC do B / 43-PV) / FEDERAÇÃO PSOL REDE (50-PSOL / 18-REDE)
2026;SP;2º SUPLENTE;AVANTE;#NULO;FEDERAÇÃO UNIÃO PROGRESSISTA (44-UNIÃO / 11-PP) / REPUBLICANOS / PL / MDB / DEMOCRATA / PSD / FEDERAÇÃO RENOVAÇÃO SOLIDÁRIA (25-PRD / 77-SOLIDARIEDADE) / AVANTE
2026;AL;DEPUTADO ESTADUAL;SOLIDARIEDADE;25-PRD/77-SOLIDARIEDADE;FEDERAÇÃO RENOVAÇÃO SOLIDÁRIA (25-PRD / 77-SOLIDARIEDADE)
2026;PE;VICE-GOVERNADOR;PV;13-PT/65-PC do B/43-PV;REPUBLICANOS / PDT / MDB / PSB / FEDERAÇÃO BRASIL DA ESPERANÇA - FE BRASIL (13-PT / 65-PC do B / 43-PV) / FEDERAÇÃO RENOVAÇÃO SOLIDÁRIA (25-PRD / 77-SOLIDARIEDADE) / DC
2026;MA;1º SUPLENTE;PODE;#NULO;REPUBLICANOS / PDT / MDB / PODE / FEDERAÇÃO RENOVAÇÃO SOLIDÁRIA (25-PRD / 77-SOLIDARIEDADE)
2026;RN;2º SUPLENTE;MOBILIZA;#NULO;PODE / PL / NOVO / FEDERAÇÃO PSDB CIDADANIA (45-PSDB / 23-CIDADANIA) / MOBILIZA
2026;SC;SENADOR;PSB;#NULO;PDT / PSB / FEDERAÇÃO BRASIL DA ESPERANÇA - FE BRASIL (13-PT / 65-PC do B / 43-PV) / FEDERAÇÃO PSOL REDE (50-PSOL / 18-REDE)
2026;AC;2º SUPLENTE;MDB;#NULO;PDT / MDB / PL / DEMOCRATA / FEDERAÇÃO UNIÃO PROGRESSISTA (44-UNIÃO / 11-PP)
2026;PR;VICE-GOVERNADOR;PCDOB;13-PT/65-PC do B/43-PV;PDT / FEDERAÇÃO BRASIL DA ESPERANÇA - FE BRASIL (13-PT / 65-PC do B / 43-PV) / FEDERAÇÃO PSOL REDE (50-PSOL / 18-REDE) / FEDERAÇÃO RENOVAÇÃO SOLIDÁRIA (25-PRD / 77-SOLIDARIEDADE)
2026;RO;GOVERNADOR;PP;44-UNIÃO/11-PP;REPUBLICANOS / FEDERAÇÃO UNIÃO PROGRESSISTA (44-UNIÃO / 11-PP)
2026;PE;SENADOR;PP;44-UNIÃO/11-PP;PODE / PSD / AVANTE / FEDERAÇÃO PSDB CIDADANIA (45-PSDB / 23-CIDADANIA) / FEDERAÇÃO UNIÃO PROGRESSISTA (44-UNIÃO / 11-PP)
2026;RJ;DEPUTADO FEDERAL;MOBILIZA;#NULO;MOBILIZA
2026;AC;DEPUTADO ESTADUAL;REDE;50-PSOL/18-REDE;FEDERAÇÃO PSOL REDE (50-PSOL / 18-REDE)
2026;RJ;DEPUTADO ESTADUAL;PL;#NULO;PL
2026;RS;GOVERNADOR;SOLIDARIEDADE;25-PRD/77-SOLIDARIEDADE;MDB / PSD / FEDERAÇÃO RENOVAÇÃO SOLIDÁRIA (25-PRD / 77-SOLIDARIEDADE)
2026;MT;DEPUTADO ESTADUAL;PV;13-PT/65-PC do B/43-PV;FEDERAÇÃO BRASIL DA ESPERANÇA - FE BRASIL (13-PT / 65-PC do B / 43-PV)
2026;MA;DEPUTADO FEDERAL;PL;#NULO;PL
2026;RN;GOVERNADOR;DC;#NULO;DC
2026;PI;DEPUTADO ESTADUAL;PL;#NULO;PL
2026;DF;VICE-GOVERNADOR;PSDB;45-PSDB/23-CIDADANIA;FEDERAÇÃO PSDB CIDADANIA (45-PSDB / 23-CIDADANIA)
2026;GO;VICE-GOVERNADOR;PSB;#NULO;PDT / PSB / FEDERAÇÃO BRASIL DA ESPERANÇA - FE BRASIL (13-PT / 65-PC do B / 43-PV) / FEDERAÇÃO PSOL REDE (50-PSOL / 18-REDE)
2026;CE;2º SUPLENTE;MOBILIZA;#NULO;PDT / PODE / PSB / PSD / FEDERAÇÃO BRASIL DA ESPERANÇA - FE BRASIL (13-PT / 65-PC do B / 43-PV) / FEDERAÇÃO PSOL REDE (50-PSOL / 18-REDE) / FEDERAÇÃO RENOVAÇÃO SOLIDÁRIA (25-PRD / 77-SOLIDARIEDADE) / REPUBLICANOS / MDB / MOBILIZA
2026;BR;PRESIDENTE;DEMOCRATA;#NULO;DEMOCRATA
2026;MT;DEPUTADO FEDERAL;PV;13-PT/65-PC do B/43-PV;FEDERAÇÃO BRASIL DA ESPERANÇA - FE BRASIL (13-PT / 65-PC do B / 43-PV)
2026;SE;DEPUTADO ESTADUAL;REDE;50-PSOL/18-REDE;FEDERAÇÃO PSOL REDE (50-PSOL / 18-REDE)
2026;CE;DEPUTADO FEDERAL;PP;44-UNIÃO/11-PP;FEDERAÇÃO UNIÃO PROGRESSISTA (44-UNIÃO / 11-PP)
2026;MG;1º SUPLENTE;PSOL;50-PSOL/18-REDE;PSB / FEDERAÇÃO BRASIL DA ESPERANÇA - FE BRASIL (13-PT / 65-PC do B / 43-PV) / FEDERAÇÃO PSOL REDE (50-PSOL / 18-REDE)
2026;PE;GOVERNADOR;PT;13-PT/65-PC do B/43-PV;REPUBLICANOS / PDT / MDB / PSB / FEDERAÇÃO BRASIL DA ESPERANÇA - FE BRASIL (13-PT / 65-PC do B / 43-PV) / FEDERAÇÃO RENOVAÇÃO SOLIDÁRIA (25-PRD / 77-SOLIDARIEDADE) / DC
2026;PE;2º SUPLENTE;REDE;50-PSOL/18-REDE;PCB / FEDERAÇÃO PSOL REDE (50-PSOL / 18-REDE)
2026;AC;SENADOR;PDT;#NULO;PDT / MDB / PL / DEMOCRATA / FEDERAÇÃO UNIÃO PROGRESSISTA (44-UNIÃO / 11-PP)
2026;RJ;GOVERNADOR;PT;13-PT/65-PC do B/43-PV;PDT / MDB / DC / PSB / PSD / FEDERAÇÃO PSDB CIDADANIA (45-PSDB / 23-CIDADANIA) / FEDERAÇÃO BRASIL DA ESPERANÇA - FE BRASIL (13-PT / 65-PC do B / 43-PV) / FEDERAÇÃO RENOVAÇÃO SOLIDÁRIA (25-PRD / 77-SOLIDARIEDADE)
2026;MT;GOVERNADOR;PRD;25-PRD/77-SOLIDARIEDADE;MDB / PL / NOVO / FEDERAÇÃO RENOVAÇÃO SOLIDÁRIA (25-PRD / 77-SOLIDARIEDADE)
2026;PR;2º SUPLENTE;PCO;#NULO;PCO
2026;CE;GOVERNADOR;PODE;#NULO;PSB / PDT / PODE / MOBILIZA / FEDERAÇÃO BRASIL DA ESPERANÇA - FE BRASIL (13-PT / 65-PC do B / 43-PV) / REPUBLICANOS / PSD / MDB / FEDERAÇÃO RENOVAÇÃO SOLIDÁRIA (25-PRD / 77-SOLIDARIEDADE) / FEDERAÇÃO PSOL REDE (50-PSOL / 18-REDE)
2026;ES;1º SUPLENTE;PRD;25-PRD/77-SOLIDARIEDADE;DC / FEDERAÇÃO RENOVAÇÃO SOLIDÁRIA (25-PRD / 77-SOLIDARIEDADE)
2026;BA;DEPUTADO ESTADUAL;UNIÃO;44-UNIÃO/11-PP;FEDERAÇÃO UNIÃO PROGRESSISTA (44-UNIÃO / 11-PP)
2026;SE;1º SUPLENTE;DC;#NULO;DC
2026;RJ;GOVERNADOR;MISSÃO;#NULO;MISSÃO
2026;MS;GOVERNADOR;NOVO;#NULO;NOVO
2026;MS;DEPUTADO FEDERAL;AVANTE;#NULO;AVANTE
2026;PB;DEPUTADO ESTADUAL;PP;44-UNIÃO/11-PP;FEDERAÇÃO UNIÃO PROGRESSISTA (44-UNIÃO / 11-PP)
2026;CE;DEPUTADO ESTADUAL;REPUBLICANOS;#NULO;REPUBLICANOS
2026;SP;2º SUPLENTE;PCB;#NULO;PCB
2026;PB;GOVERNADOR;REPUBLICANOS;#NULO;PODE / MOBILIZA / FEDERAÇÃO BRASIL DA ESPERANÇA - FE BRASIL (13-PT / 65-PC do B / 43-PV) / AGIR / FEDERAÇÃO RENOVAÇÃO SOLIDÁRIA (25-PRD / 77-SOLIDARIEDADE) / FEDERAÇÃO UNIÃO PROGRESSISTA (44-UNIÃO / 11-PP) / REPUBLICANOS / PSB
2026;RO;GOVERNADOR;REPUBLICANOS;#NULO;REPUBLICANOS / FEDERAÇÃO UNIÃO PROGRESSISTA (44-UNIÃO / 11-PP)
2026;GO;VICE-GOVERNADOR;PCO;#NULO;PCO
2026;MS;DEPUTADO FEDERAL;MDB;#NULO;MDB
2026;RJ;DEPUTADO ESTADUAL;PT;13-PT/65-PC do B/43-PV;FEDERAÇÃO BRASIL DA ESPERANÇA - FE BRASIL (13-PT / 65-PC do B / 43-PV)
2026;RJ;2º SUPLENTE;PSTU;#NULO;PSTU
2026;PI;2º SUPLENTE;REDE;50-PSOL/18-REDE;FEDERAÇÃO PSOL REDE (50-PSOL / 18-REDE)
2026;SE;GOVERNADOR;PCDOB;13-PT/65-PC do B/43-PV;PSB / PSD / FEDERAÇÃO UNIÃO PROGRESSISTA (44-UNIÃO / 11-PP) / FEDERAÇÃO BRASIL DA ESPERANÇA - FE BRASIL (13-PT / 65-PC do B / 43-PV)
2026;PB;2º SUPLENTE;UNIÃO;44-UNIÃO/11-PP;REPUBLICANOS / PODE / MOBILIZA / AGIR / PSB / FEDERAÇÃO BRASIL DA ESPERANÇA - FE BRASIL (13-PT / 65-PC do B / 43-PV) / FEDERAÇÃO RENOVAÇÃO SOLIDÁRIA (25-PRD / 77-SOLIDARIEDADE) / FEDERAÇÃO UNIÃO PROGRESSISTA (44-UNIÃO / 11-PP)
2026;AP;SENADOR;PT;13-PT/65-PC do B/43-PV;REPUBLICANOS / PDT / AGIR / FEDERAÇÃO UNIÃO PROGRESSISTA (44-UNIÃO / 11-PP) / FEDERAÇÃO PSDB CIDADANIA (45-PSDB / 23-CIDADANIA) / FEDERAÇÃO BRASIL DA ESPERANÇA - FE BRASIL (13-PT / 65-PC do B / 43-PV) / FEDERAÇÃO RENOVAÇÃO SOLIDÁRIA (25-PRD / 77-SOLIDARIEDADE)
2026;BR;PRESIDENTE;AVANTE;#NULO;AVANTE
2026;PI;GOVERNADOR;NOVO;#NULO;NOVO / AVANTE
2026;RN;SENADOR;DC;#NULO;DC
2026;SP;SENADOR;AVANTE;#NULO;FEDERAÇÃO UNIÃO PROGRESSISTA (44-UNIÃO / 11-PP) / REPUBLICANOS / PL / MDB / DEMOCRATA / PSD / FEDERAÇÃO RENOVAÇÃO SOLIDÁRIA (25-PRD / 77-SOLIDARIEDADE) / AVANTE
2026;RO;SENADOR;REPUBLICANOS;#NULO;REPUBLICANOS / FEDERAÇÃO UNIÃO PROGRESSISTA (44-UNIÃO / 11-PP)
2026;ES;SENADOR;PODE;#NULO;PDT / MDB / PODE / AGIR / PSB / FEDERAÇÃO PSDB CIDADANIA (45-PSDB / 23-CIDADANIA) / FEDERAÇÃO UNIÃO PROGRESSISTA (44-UNIÃO / 11-PP)
2026;MS;GOVERNADOR;PV;13-PT/65-PC do B/43-PV;PDT / PSB / FEDERAÇÃO BRASIL DA ESPERANÇA - FE BRASIL (13-PT / 65-PC do B / 43-PV)
2026;CE;2º SUPLENTE;PODE;#NULO;PDT / PODE / PSB / PSD / FEDERAÇÃO BRASIL DA ESPERANÇA - FE BRASIL (13-PT / 65-PC do B / 43-PV) / FEDERAÇÃO PSOL REDE (50-PSOL / 18-REDE) / FEDERAÇÃO RENOVAÇÃO SOLIDÁRIA (25-PRD / 77-SOLIDARIEDADE) / REPUBLICANOS / MDB / MOBILIZA
2026;RR;GOVERNADOR;PSD;#NULO;REPUBLICANOS / PODE / AGIR / PSD / FEDERAÇÃO UNIÃO PROGRESSISTA (44-UNIÃO / 11-PP)
2026;CE;DEPUTADO FEDERAL;MDB;#NULO;MDB
2026;CE;SENADOR;NOVO;#NULO;NOVO
2026;PE;DEPUTADO FEDERAL;SOLIDARIEDADE;25-PRD/77-SOLIDARIEDADE;FEDERAÇÃO RENOVAÇÃO SOLIDÁRIA (25-PRD / 77-SOLIDARIEDADE)
2026;RN;GOVERNADOR;PSOL;50-PSOL/18-REDE;FEDERAÇÃO PSOL REDE (50-PSOL / 18-REDE)
2026;RO;DEPUTADO ESTADUAL;PRD;25-PRD/77-SOLIDARIEDADE;FEDERAÇÃO RENOVAÇÃO SOLIDÁRIA (25-PRD / 77-SOLIDARIEDADE)
2026;RR;DEPUTADO ESTADUAL;PCDOB;13-PT/65-PC do B/43-PV;FEDERAÇÃO BRASIL DA ESPERANÇA - FE BRASIL (13-PT / 65-PC do B / 43-PV)
2026;AP;1º SUPLENTE;UNIÃO;44-UNIÃO/11-PP;REPUBLICANOS / PDT / AGIR / FEDERAÇÃO UNIÃO PROGRESSISTA (44-UNIÃO / 11-PP) / FEDERAÇÃO PSDB CIDADANIA (45-PSDB / 23-CIDADANIA) / FEDERAÇÃO BRASIL DA ESPERANÇA - FE BRASIL (13-PT / 65-PC do B / 43-PV) / FEDERAÇÃO RENOVAÇÃO SOLIDÁRIA (25-PRD / 77-SOLIDARIEDADE)
2026;RR;GOVERNADOR;PP;44-UNIÃO/11-PP;REPUBLICANOS / PODE / AGIR / PSD / FEDERAÇÃO UNIÃO PROGRESSISTA (44-UNIÃO / 11-PP)
2026;PB;DEPUTADO ESTADUAL;MDB;#NULO;MDB
2026;BA;VICE-GOVERNADOR;DC;#NULO;DC
2026;TO;SENADOR;PV;13-PT/65-PC do B/43-PV;FEDERAÇÃO BRASIL DA ESPERANÇA - FE BRASIL (13-PT / 65-PC do B / 43-PV) / PDT / PSB / PSD
2026;PE;VICE-GOVERNADOR;DC;#NULO;REPUBLICANOS / PDT / MDB / PSB / FEDERAÇÃO BRASIL DA ESPERANÇA - FE BRASIL (13-PT / 65-PC do B / 43-PV) / FEDERAÇÃO RENOVAÇÃO SOLIDÁRIA (25-PRD / 77-SOLIDARIEDADE) / DC
2026;MG;SENADOR;DC;#NULO;DC
2026;PE;DEPUTADO ESTADUAL;DEMOCRATA;#NULO;DEMOCRATA
2026;ES;2º SUPLENTE;PCDOB;13-PT/65-PC do B/43-PV;FEDERAÇÃO BRASIL DA ESPERANÇA - FE BRASIL (13-PT / 65-PC do B / 43-PV)
2026;AP;2º SUPLENTE;PDT;#NULO;REPUBLICANOS / PDT / AGIR / FEDERAÇÃO UNIÃO PROGRESSISTA (44-UNIÃO / 11-PP) / FEDERAÇÃO PSDB CIDADANIA (45-PSDB / 23-CIDADANIA) / FEDERAÇÃO BRASIL DA ESPERANÇA - FE BRASIL (13-PT / 65-PC do B / 43-PV) / FEDERAÇÃO RENOVAÇÃO SOLIDÁRIA (25-PRD / 77-SOLIDARIEDADE)
2026;DF;1º SUPLENTE;UNIÃO;44-UNIÃO/11-PP;REPUBLICANOS / MDB / PODE / PL / FEDERAÇÃO RENOVAÇÃO SOLIDÁRIA (25-PRD / 77-SOLIDARIEDADE) / FEDERAÇÃO UNIÃO PROGRESSISTA (44-UNIÃO / 11-PP) / DC / MOBILIZA / DEMOCRATA
2026;AL;GOVERNADOR;PP;44-UNIÃO/11-PP;PDT / PL / DC / FEDERAÇÃO PSDB CIDADANIA (45-PSDB / 23-CIDADANIA) / FEDERAÇÃO RENOVAÇÃO SOLIDÁRIA (25-PRD / 77-SOLIDARIEDADE) / FEDERAÇÃO UNIÃO PROGRESSISTA (44-UNIÃO / 11-PP)
2026;BR;PRESIDENTE;PT;13-PT/65-PC do B/43-PV;PSB / PDT / FEDERAÇÃO BRASIL DA ESPERANÇA - FE BRASIL (13-PT / 65-PC do B / 43-PV) / FEDERAÇÃO PSOL REDE (50-PSOL / 18-REDE)
2026;PI;GOVERNADOR;PCDOB;13-PT/65-PC do B/43-PV;REPUBLICANOS / PDT / MDB / PSD / FEDERAÇÃO BRASIL DA ESPERANÇA - FE BRASIL (13-PT / 65-PC do B / 43-PV)
2026;PI;1º SUPLENTE;UNIÃO;44-UNIÃO/11-PP;PODE / PL / FEDERAÇÃO RENOVAÇÃO SOLIDÁRIA (25-PRD / 77-SOLIDARIEDADE) / FEDERAÇÃO UNIÃO PROGRESSISTA (44-UNIÃO / 11-PP)
2026;PE;DEPUTADO ESTADUAL;PODE;#NULO;PODE
2026;RS;DEPUTADO ESTADUAL;PV;13-PT/65-PC do B/43-PV;FEDERAÇÃO BRASIL DA ESPERANÇA - FE BRASIL (13-PT / 65-PC do B / 43-PV)
2026;BR;PRESIDENTE;DC;#NULO;DC
2026;MT;VICE-GOVERNADOR;AGIR;#NULO;AGIR
2026;MS;1º SUPLENTE;REDE;50-PSOL/18-REDE;FEDERAÇÃO PSOL REDE (50-PSOL / 18-REDE)
2026;RJ;DEPUTADO ESTADUAL;MDB;#NULO;MDB
2026;AP;1º SUPLENTE;PSB;#NULO;PSB
2026;RN;1º SUPLENTE;CIDADANIA;45-PSDB/23-CIDADANIA;PODE / PL / NOVO / FEDERAÇÃO PSDB CIDADANIA (45-PSDB / 23-CIDADANIA) / MOBILIZA
2026;SE;DEPUTADO FEDERAL;NOVO;#NULO;NOVO
2026;BA;SENADOR;REPUBLICANOS;#NULO;REPUBLICANOS / PODE / PL / FEDERAÇÃO PSDB CIDADANIA (45-PSDB / 23-CIDADANIA) / FEDERAÇÃO UNIÃO PROGRESSISTA (44-UNIÃO / 11-PP) / FEDERAÇÃO RENOVAÇÃO SOLIDÁRIA (25-PRD / 77-SOLIDARIEDADE) / NOVO
2026;PE;DEPUTADO ESTADUAL;PSTU;#NULO;PSTU
2026;MG;DEPUTADO ESTADUAL;REDE;50-PSOL/18-REDE;FEDERAÇÃO PSOL REDE (50-PSOL / 18-REDE)
2026;AC;GOVERNADOR;PCB;#NULO;PCB
2026;AM;DEPUTADO ESTADUAL;MDB;#NULO;MDB
2026;ES;DEPUTADO ESTADUAL;PRD;25-PRD/77-SOLIDARIEDADE;FEDERAÇÃO RENOVAÇÃO SOLIDÁRIA (25-PRD / 77-SOLIDARIEDADE)
2026;PB;GOVERNADOR;UP;#NULO;UP
2026;AP;DEPUTADO ESTADUAL;PODE;#NULO;PODE
2026;SP;1º SUPLENTE;UP;#NULO;UP
2026;TO;SENADOR;REDE;50-PSOL/18-REDE;FEDERAÇÃO PSOL REDE (50-PSOL / 18-REDE)
2026;RN;DEPUTADO FEDERAL;PV;13-PT/65-PC do B/43-PV;FEDERAÇÃO BRASIL DA ESPERANÇA - FE BRASIL (13-PT / 65-PC do B / 43-PV)
2026;MG;VICE-GOVERNADOR;PCB;#NULO;PCB
2026;SC;2º SUPLENTE;PCO;#NULO;PCO
2026;SE;VICE-GOVERNADOR;PSOL;50-PSOL/18-REDE;FEDERAÇÃO PSOL REDE (50-PSOL / 18-REDE)
2026;BR;VICE-PRESIDENTE;PL;#NULO;PL
2026;AL;VICE-GOVERNADOR;DC;#NULO;PDT / PL / DC / FEDERAÇÃO PSDB CIDADANIA (45-PSDB / 23-CIDADANIA) / FEDERAÇÃO RENOVAÇÃO SOLIDÁRIA (25-PRD / 77-SOLIDARIEDADE) / FEDERAÇÃO UNIÃO PROGRESSISTA (44-UNIÃO / 11-PP)
2026;MG;2º SUPLENTE;NOVO;#NULO;NOVO
2026;MG;1º SUPLENTE;PCO;#NULO;PCO
2026;TO;1º SUPLENTE;PSD;#NULO;FEDERAÇÃO BRASIL DA ESPERANÇA - FE BRASIL (13-PT / 65-PC do B / 43-PV) / PDT / PSB / PSD
2026;CE;VICE-GOVERNADOR;PDT;#NULO;PSB / PDT / PODE / MOBILIZA / FEDERAÇÃO BRASIL DA ESPERANÇA - FE BRASIL (13-PT / 65-PC do B / 43-PV) / REPUBLICANOS / PSD / MDB / FEDERAÇÃO RENOVAÇÃO SOLIDÁRIA (25-PRD / 77-SOLIDARIEDADE) / FEDERAÇÃO PSOL REDE (50-PSOL / 18-REDE)
2026;SP;DEPUTADO FEDERAL;SOLIDARIEDADE;25-PRD/77-SOLIDARIEDADE;FEDERAÇÃO RENOVAÇÃO SOLIDÁRIA (25-PRD / 77-SOLIDARIEDADE)
2026;RS;DEPUTADO FEDERAL;PL;#NULO;PL
2026;BA;DEPUTADO FEDERAL;PSD;#NULO;PSD
2026;SP;DEPUTADO ESTADUAL;PSTU;#NULO;PSTU
2026;CE;2º SUPLENTE;PSTU;#NULO;PSTU
2026;MA;1º SUPLENTE;PRD;25-PRD/77-SOLIDARIEDADE;REPUBLICANOS / PDT / MDB / PODE / FEDERAÇÃO RENOVAÇÃO SOLIDÁRIA (25-PRD / 77-SOLIDARIEDADE)
2026;RS;VICE-GOVERNADOR;PSOL;50-PSOL/18-REDE;PDT / PSB / AVANTE / FEDERAÇÃO BRASIL DA ESPERANÇA - FE BRASIL (13-PT / 65-PC do B / 43-PV) / FEDERAÇÃO PSOL REDE (50-PSOL / 18-REDE)
2026;SC;GOVERNADOR;CIDADANIA;45-PSDB/23-CIDADANIA;AVANTE / AGIR / DC / FEDERAÇÃO PSDB CIDADANIA (45-PSDB / 23-CIDADANIA) / NOVO / REPUBLICANOS / PODE / PL
2026;PR;DEPUTADO ESTADUAL;MDB;#NULO;MDB
2026;PA;1º SUPLENTE;REPUBLICANOS;#NULO;PSD / FEDERAÇÃO UNIÃO PROGRESSISTA (44-UNIÃO / 11-PP) / PSB / REPUBLICANOS / FEDERAÇÃO BRASIL DA ESPERANÇA - FE BRASIL (13-PT / 65-PC do B / 43-PV) / FEDERAÇÃO PSDB CIDADANIA (45-PSDB / 23-CIDADANIA) / MDB / AVANTE
2026;MA;DEPUTADO FEDERAL;REDE;50-PSOL/18-REDE;FEDERAÇÃO PSOL REDE (50-PSOL / 18-REDE)
2026;RS;SENADOR;CIDADANIA;45-PSDB/23-CIDADANIA;FEDERAÇÃO PSDB CIDADANIA (45-PSDB / 23-CIDADANIA)
2026;MG;1º SUPLENTE;AVANTE;#NULO;AVANTE
2026;PR;1º SUPLENTE;DEMOCRATA;#NULO;REPUBLICANOS / MDB / DEMOCRATA / PSD / AVANTE / FEDERAÇÃO PSDB CIDADANIA (45-PSDB / 23-CIDADANIA) / FEDERAÇÃO UNIÃO PROGRESSISTA (44-UNIÃO / 11-PP)
2026;AC;GOVERNADOR;PRD;25-PRD/77-SOLIDARIEDADE;FEDERAÇÃO RENOVAÇÃO SOLIDÁRIA (25-PRD / 77-SOLIDARIEDADE) / FEDERAÇÃO PSDB CIDADANIA (45-PSDB / 23-CIDADANIA)
2026;MG;GOVERNADOR;AVANTE;#NULO;PSD / FEDERAÇÃO UNIÃO PROGRESSISTA (44-UNIÃO / 11-PP) / NOVO / AVANTE / FEDERAÇÃO RENOVAÇÃO SOLIDÁRIA (25-PRD / 77-SOLIDARIEDADE) / MOBILIZA / DC / AGIR
2026;SC;SENADOR;REPUBLICANOS;#NULO;REPUBLICANOS / PODE / PL / DC / NOVO / AGIR / AVANTE / FEDERAÇÃO PSDB CIDADANIA (45-PSDB / 23-CIDADANIA)
2026;TO;SENADOR;DC;#NULO;DC
2026;ES;SENADOR;NOVO;#NULO;NOVO
2026;RO;DEPUTADO FEDERAL;PSD;#NULO;PSD
2026;AP;SENADOR;MDB;#NULO;MDB
2026;PI;VICE-GOVERNADOR;PSOL;50-PSOL/18-REDE;FEDERAÇÃO PSOL REDE (50-PSOL / 18-REDE)
2026;RR;2º SUPLENTE;REDE;50-PSOL/18-REDE;FEDERAÇÃO PSOL REDE (50-PSOL / 18-REDE)
2026;MG;1º SUPLENTE;DC;#NULO;DC
2026;AP;VICE-GOVERNADOR;PODE;#NULO;NOVO / PSD / PODE / PL
2026;AL;VICE-GOVERNADOR;PCDOB;13-PT/65-PC do B/43-PV;MDB / PODE / AGIR / PSB / PSD / AVANTE / FEDERAÇÃO BRASIL DA ESPERANÇA - FE BRASIL (13-PT / 65-PC do B / 43-PV)
2026;MT;VICE-GOVERNADOR;PSB;#NULO;PDT / PSB / PSD / FEDERAÇÃO BRASIL DA ESPERANÇA - FE BRASIL (13-PT / 65-PC do B / 43-PV) / FEDERAÇÃO PSOL REDE (50-PSOL / 18-REDE)
2026;AC;SENADOR;PL;#NULO;PDT / MDB / PL / DEMOCRATA / FEDERAÇÃO UNIÃO PROGRESSISTA (44-UNIÃO / 11-PP)
2026;RJ;1º SUPLENTE;DEMOCRATA;#NULO;DEMOCRATA
2026;PB;GOVERNADOR;PV;13-PT/65-PC do B/43-PV;PODE / MOBILIZA / FEDERAÇÃO BRASIL DA ESPERANÇA - FE BRASIL (13-PT / 65-PC do B / 43-PV) / AGIR / FEDERAÇÃO RENOVAÇÃO SOLIDÁRIA (25-PRD / 77-SOLIDARIEDADE) / FEDERAÇÃO UNIÃO PROGRESSISTA (44-UNIÃO / 11-PP) / REPUBLICANOS / PSB
2026;PR;1º SUPLENTE;UP;#NULO;UP
2026;AM;GOVERNADOR;PSD;#NULO;REPUBLICANOS / MDB / PSD / FEDERAÇÃO BRASIL DA ESPERANÇA - FE BRASIL (13-PT / 65-PC do B / 43-PV)
2026;RO;VICE-GOVERNADOR;MDB;#NULO;PDT / MDB
2026;MT;2º SUPLENTE;PSOL;50-PSOL/18-REDE;PDT / PSB / PSD / FEDERAÇÃO BRASIL DA ESPERANÇA - FE BRASIL (13-PT / 65-PC do B / 43-PV) / FEDERAÇÃO PSOL REDE (50-PSOL / 18-REDE)
2026;MT;1º SUPLENTE;UNIÃO;44-UNIÃO/11-PP;REPUBLICANOS / PODE / FEDERAÇÃO PSDB CIDADANIA (45-PSDB / 23-CIDADANIA) / FEDERAÇÃO UNIÃO PROGRESSISTA (44-UNIÃO / 11-PP)
2026;MG;GOVERNADOR;PP;44-UNIÃO/11-PP;PSD / FEDERAÇÃO UNIÃO PROGRESSISTA (44-UNIÃO / 11-PP) / NOVO / AVANTE / FEDERAÇÃO RENOVAÇÃO SOLIDÁRIA (25-PRD / 77-SOLIDARIEDADE) / MOBILIZA / DC / AGIR
2026;PE;VICE-GOVERNADOR;PSB;#NULO;REPUBLICANOS / PDT / MDB / PSB / FEDERAÇÃO BRASIL DA ESPERANÇA - FE BRASIL (13-PT / 65-PC do B / 43-PV) / FEDERAÇÃO RENOVAÇÃO SOLIDÁRIA (25-PRD / 77-SOLIDARIEDADE) / DC
2026;PR;DEPUTADO ESTADUAL;PRD;25-PRD/77-SOLIDARIEDADE;FEDERAÇÃO RENOVAÇÃO SOLIDÁRIA (25-PRD / 77-SOLIDARIEDADE)
2026;PA;2º SUPLENTE;MDB;#NULO;PSD / FEDERAÇÃO UNIÃO PROGRESSISTA (44-UNIÃO / 11-PP) / PSB / REPUBLICANOS / FEDERAÇÃO BRASIL DA ESPERANÇA - FE BRASIL (13-PT / 65-PC do B / 43-PV) / FEDERAÇÃO PSDB CIDADANIA (45-PSDB / 23-CIDADANIA) / MDB / AVANTE
2026;GO;DEPUTADO FEDERAL;UNIÃO;44-UNIÃO/11-PP;FEDERAÇÃO UNIÃO PROGRESSISTA (44-UNIÃO / 11-PP)
2026;SE;DEPUTADO FEDERAL;PP;44-UNIÃO/11-PP;FEDERAÇÃO UNIÃO PROGRESSISTA (44-UNIÃO / 11-PP)
2026;PB;1º SUPLENTE;NOVO;#NULO;NOVO
2026;SP;GOVERNADOR;PSTU;#NULO;PSTU
2026;GO;DEPUTADO ESTADUAL;PP;44-UNIÃO/11-PP;FEDERAÇÃO UNIÃO PROGRESSISTA (44-UNIÃO / 11-PP)
2026;MA;DEPUTADO FEDERAL;UNIÃO;44-UNIÃO/11-PP;FEDERAÇÃO UNIÃO PROGRESSISTA (44-UNIÃO / 11-PP)
2026;GO;1º SUPLENTE;SOLIDARIEDADE;25-PRD/77-SOLIDARIEDADE;FEDERAÇÃO RENOVAÇÃO SOLIDÁRIA (25-PRD / 77-SOLIDARIEDADE)
2026;RR;2º SUPLENTE;PL;#NULO;PL
2026;ES;SENADOR;PCDOB;13-PT/65-PC do B/43-PV;FEDERAÇÃO BRASIL DA ESPERANÇA - FE BRASIL (13-PT / 65-PC do B / 43-PV)
2026;PE;SENADOR;PODE;#NULO;PODE / PSD / AVANTE / FEDERAÇÃO PSDB CIDADANIA (45-PSDB / 23-CIDADANIA) / FEDERAÇÃO UNIÃO PROGRESSISTA (44-UNIÃO / 11-PP)
2026;DF;GOVERNADOR;PDT;#NULO;PDT / FEDERAÇÃO BRASIL DA ESPERANÇA - FE BRASIL (13-PT / 65-PC do B / 43-PV) / FEDERAÇÃO PSOL REDE (50-PSOL / 18-REDE)
2026;AC;SENADOR;PODE;#NULO;PODE / PSB / FEDERAÇÃO BRASIL DA ESPERANÇA - FE BRASIL (13-PT / 65-PC do B / 43-PV)
2026;SP;GOVERNADOR;PCDOB;13-PT/65-PC do B/43-PV;PDT / PSB / FEDERAÇÃO BRASIL DA ESPERANÇA - FE BRASIL (13-PT / 65-PC do B / 43-PV) / FEDERAÇÃO PSOL REDE (50-PSOL / 18-REDE)
2026;AC;DEPUTADO FEDERAL;MDB;#NULO;MDB
2026;AL;DEPUTADO FEDERAL;PL;#NULO;PL
2026;AP;VICE-GOVERNADOR;UNIÃO;44-UNIÃO/11-PP;REPUBLICANOS / PDT / AGIR / FEDERAÇÃO UNIÃO PROGRESSISTA (44-UNIÃO / 11-PP) / FEDERAÇÃO PSDB CIDADANIA (45-PSDB / 23-CIDADANIA) / FEDERAÇÃO BRASIL DA ESPERANÇA - FE BRASIL (13-PT / 65-PC do B / 43-PV) / FEDERAÇÃO RENOVAÇÃO SOLIDÁRIA (25-PRD / 77-SOLIDARIEDADE)
2026;MT;VICE-GOVERNADOR;PRD;25-PRD/77-SOLIDARIEDADE;MDB / PL / NOVO / FEDERAÇÃO RENOVAÇÃO SOLIDÁRIA (25-PRD / 77-SOLIDARIEDADE)
2026;RS;VICE-GOVERNADOR;PP;44-UNIÃO/11-PP;REPUBLICANOS / PODE / PL / DC / NOVO / FEDERAÇÃO UNIÃO PROGRESSISTA (44-UNIÃO / 11-PP)
2026;SP;VICE-GOVERNADOR;REDE;50-PSOL/18-REDE;PDT / PSB / FEDERAÇÃO BRASIL DA ESPERANÇA - FE BRASIL (13-PT / 65-PC do B / 43-PV) / FEDERAÇÃO PSOL REDE (50-PSOL / 18-REDE)
2026;RO;GOVERNADOR;PL;#NULO;PODE / PL / DC / NOVO / MOBILIZA
2026;MA;SENADOR;PDT;#NULO;REPUBLICANOS / PDT / MDB / PODE / FEDERAÇÃO RENOVAÇÃO SOLIDÁRIA (25-PRD / 77-SOLIDARIEDADE)
2026;PE;2º SUPLENTE;PT;13-PT/65-PC do B/43-PV;REPUBLICANOS / PDT / MDB / DC / PSB / FEDERAÇÃO BRASIL DA ESPERANÇA - FE BRASIL (13-PT / 65-PC do B / 43-PV) / FEDERAÇÃO RENOVAÇÃO SOLIDÁRIA (25-PRD / 77-SOLIDARIEDADE)
2026;PB;2º SUPLENTE;PV;13-PT/65-PC do B/43-PV;REPUBLICANOS / PODE / MOBILIZA / AGIR / PSB / FEDERAÇÃO BRASIL DA ESPERANÇA - FE BRASIL (13-PT / 65-PC do B / 43-PV) / FEDERAÇÃO RENOVAÇÃO SOLIDÁRIA (25-PRD / 77-SOLIDARIEDADE) / FEDERAÇÃO UNIÃO PROGRESSISTA (44-UNIÃO / 11-PP)
2026;MT;1º SUPLENTE;PL;#NULO;MDB / PL / NOVO / FEDERAÇÃO RENOVAÇÃO SOLIDÁRIA (25-PRD / 77-SOLIDARIEDADE)
2026;DF;2º SUPLENTE;PL;#NULO;REPUBLICANOS / MDB / PODE / PL / FEDERAÇÃO RENOVAÇÃO SOLIDÁRIA (25-PRD / 77-SOLIDARIEDADE) / FEDERAÇÃO UNIÃO PROGRESSISTA (44-UNIÃO / 11-PP) / DC / MOBILIZA / DEMOCRATA
2026;PI;SENADOR;PSD;#NULO;REPUBLICANOS / PDT / MDB / PSD / FEDERAÇÃO BRASIL DA ESPERANÇA - FE BRASIL (13-PT / 65-PC do B / 43-PV)
2026;PR;VICE-GOVERNADOR;PT;13-PT/65-PC do B/43-PV;PDT / FEDERAÇÃO BRASIL DA ESPERANÇA - FE BRASIL (13-PT / 65-PC do B / 43-PV) / FEDERAÇÃO PSOL REDE (50-PSOL / 18-REDE) / FEDERAÇÃO RENOVAÇÃO SOLIDÁRIA (25-PRD / 77-SOLIDARIEDADE)
2026;RJ;DEPUTADO FEDERAL;PRD;25-PRD/77-SOLIDARIEDADE;FEDERAÇÃO RENOVAÇÃO SOLIDÁRIA (25-PRD / 77-SOLIDARIEDADE)
2026;AC;GOVERNADOR;AGIR;#NULO;AGIR
2026;DF;SENADOR;UP;#NULO;UP
2026;TO;VICE-GOVERNADOR;PSOL;50-PSOL/18-REDE;FEDERAÇÃO PSOL REDE (50-PSOL / 18-REDE)
2026;SC;DEPUTADO FEDERAL;DC;#NULO;DC
2026;MG;DEPUTADO FEDERAL;PT;13-PT/65-PC do B/43-PV;FEDERAÇÃO BRASIL DA ESPERANÇA - FE BRASIL (13-PT / 65-PC do B / 43-PV)
2026;MA;DEPUTADO ESTADUAL;REPUBLICANOS;#NULO;REPUBLICANOS
2026;BA;GOVERNADOR;MDB;#NULO;PDT / MDB / PSB / PSD / AVANTE / FEDERAÇÃO BRASIL DA ESPERANÇA - FE BRASIL (13-PT / 65-PC do B / 43-PV)
2026;RJ;2º SUPLENTE;PSB;#NULO;PDT / MDB / DC / FEDERAÇÃO BRASIL DA ESPERANÇA - FE BRASIL (13-PT / 65-PC do B / 43-PV) / PSB / PSD / FEDERAÇÃO PSDB CIDADANIA (45-PSDB / 23-CIDADANIA) / FEDERAÇÃO RENOVAÇÃO SOLIDÁRIA (25-PRD / 77-SOLIDARIEDADE)
2026;ES;1º SUPLENTE;REDE;50-PSOL/18-REDE;FEDERAÇÃO PSOL REDE (50-PSOL / 18-REDE)
2026;RR;SENADOR;PT;13-PT/65-PC do B/43-PV;FEDERAÇÃO BRASIL DA ESPERANÇA - FE BRASIL (13-PT / 65-PC do B / 43-PV)
2026;MG;SENADOR;PL;#NULO;PL
2026;MT;GOVERNADOR;PSOL;50-PSOL/18-REDE;PDT / PSB / PSD / FEDERAÇÃO BRASIL DA ESPERANÇA - FE BRASIL (13-PT / 65-PC do B / 43-PV) / FEDERAÇÃO PSOL REDE (50-PSOL / 18-REDE)
2026;AL;SENADOR;MDB;#NULO;MDB / PODE / AGIR / PSB / PSD / AVANTE / FEDERAÇÃO BRASIL DA ESPERANÇA - FE BRASIL (13-PT / 65-PC do B / 43-PV)
2026;MA;VICE-GOVERNADOR;PT;13-PT/65-PC do B/43-PV;FEDERAÇÃO BRASIL DA ESPERANÇA - FE BRASIL (13-PT / 65-PC do B / 43-PV) / PSB / FEDERAÇÃO PSOL REDE (50-PSOL / 18-REDE)
2026;GO;DEPUTADO FEDERAL;PL;#NULO;PL
2026;BA;DEPUTADO ESTADUAL;REPUBLICANOS;#NULO;REPUBLICANOS
2026;RR;DEPUTADO ESTADUAL;DC;#NULO;DC
2026;RJ;VICE-GOVERNADOR;MDB;#NULO;PDT / MDB / DC / PSB / PSD / FEDERAÇÃO PSDB CIDADANIA (45-PSDB / 23-CIDADANIA) / FEDERAÇÃO BRASIL DA ESPERANÇA - FE BRASIL (13-PT / 65-PC do B / 43-PV) / FEDERAÇÃO RENOVAÇÃO SOLIDÁRIA (25-PRD / 77-SOLIDARIEDADE)
2026;GO;VICE-GOVERNADOR;PV;13-PT/65-PC do B/43-PV;PDT / PSB / FEDERAÇÃO BRASIL DA ESPERANÇA - FE BRASIL (13-PT / 65-PC do B / 43-PV) / FEDERAÇÃO PSOL REDE (50-PSOL / 18-REDE)
2026;ES;GOVERNADOR;PDT;#NULO;PODE / MDB / AGIR / PSB / PDT / FEDERAÇÃO PSDB CIDADANIA (45-PSDB / 23-CIDADANIA) / FEDERAÇÃO UNIÃO PROGRESSISTA (44-UNIÃO / 11-PP)
2026;CE;DEPUTADO FEDERAL;PSOL;50-PSOL/18-REDE;FEDERAÇÃO PSOL REDE (50-PSOL / 18-REDE)
2026;RO;DEPUTADO FEDERAL;PP;44-UNIÃO/11-PP;FEDERAÇÃO UNIÃO PROGRESSISTA (44-UNIÃO / 11-PP)
2026;RR;DEPUTADO ESTADUAL;AGIR;#NULO;AGIR
2026;SP;DEPUTADO ESTADUAL;PDT;#NULO;PDT
2026;BA;VICE-GOVERNADOR;PCDOB;13-PT/65-PC do B/43-PV;PDT / MDB / PSB / PSD / AVANTE / FEDERAÇÃO BRASIL DA ESPERANÇA - FE BRASIL (13-PT / 65-PC do B / 43-PV)
2026;PR;VICE-GOVERNADOR;PSOL;50-PSOL/18-REDE;PDT / FEDERAÇÃO BRASIL DA ESPERANÇA - FE BRASIL (13-PT / 65-PC do B / 43-PV) / FEDERAÇÃO PSOL REDE (50-PSOL / 18-REDE) / FEDERAÇÃO RENOVAÇÃO SOLIDÁRIA (25-PRD / 77-SOLIDARIEDADE)
2026;RN;1º SUPLENTE;PSB;#NULO;PDT / PSB / FEDERAÇÃO BRASIL DA ESPERANÇA - FE BRASIL (13-PT / 65-PC do B / 43-PV)
2026;MA;2º SUPLENTE;NOVO;#NULO;NOVO / PSD
2026;AL;VICE-GOVERNADOR;PV;13-PT/65-PC do B/43-PV;MDB / PODE / AGIR / PSB / PSD / AVANTE / FEDERAÇÃO BRASIL DA ESPERANÇA - FE BRASIL (13-PT / 65-PC do B / 43-PV)
2026;PB;SENADOR;PSDB;45-PSDB/23-CIDADANIA;MDB / DEMOCRATA / PSD / FEDERAÇÃO PSDB CIDADANIA (45-PSDB / 23-CIDADANIA) / PDT
2026;BR;PRESIDENTE;PSTU;#NULO;PSTU
2026;AM;GOVERNADOR;PSOL;50-PSOL/18-REDE;FEDERAÇÃO PSOL REDE (50-PSOL / 18-REDE)
2026;RN;DEPUTADO FEDERAL;PSOL;50-PSOL/18-REDE;FEDERAÇÃO PSOL REDE (50-PSOL / 18-REDE)
2026;MT;SENADOR;PT;13-PT/65-PC do B/43-PV;PDT / PSB / PSD / FEDERAÇÃO BRASIL DA ESPERANÇA - FE BRASIL (13-PT / 65-PC do B / 43-PV) / FEDERAÇÃO PSOL REDE (50-PSOL / 18-REDE)
2026;MG;2º SUPLENTE;PDT;#NULO;PDT / FEDERAÇÃO PSDB CIDADANIA (45-PSDB / 23-CIDADANIA)
2026;SP;1º SUPLENTE;PRD;25-PRD/77-SOLIDARIEDADE;FEDERAÇÃO UNIÃO PROGRESSISTA (44-UNIÃO / 11-PP) / REPUBLICANOS / PL / MDB / DEMOCRATA / PSD / FEDERAÇÃO RENOVAÇÃO SOLIDÁRIA (25-PRD / 77-SOLIDARIEDADE) / AVANTE
2026;MA;1º SUPLENTE;MOBILIZA;#NULO;MOBILIZA / AGIR / AVANTE
2026;GO;1º SUPLENTE;PDT;#NULO;PDT / PSB / FEDERAÇÃO BRASIL DA ESPERANÇA - FE BRASIL (13-PT / 65-PC do B / 43-PV) / FEDERAÇÃO PSOL REDE (50-PSOL / 18-REDE)
2026;AP;VICE-GOVERNADOR;AGIR;#NULO;REPUBLICANOS / PDT / AGIR / FEDERAÇÃO UNIÃO PROGRESSISTA (44-UNIÃO / 11-PP) / FEDERAÇÃO PSDB CIDADANIA (45-PSDB / 23-CIDADANIA) / FEDERAÇÃO BRASIL DA ESPERANÇA - FE BRASIL (13-PT / 65-PC do B / 43-PV) / FEDERAÇÃO RENOVAÇÃO SOLIDÁRIA (25-PRD / 77-SOLIDARIEDADE)
2026;RJ;GOVERNADOR;AVANTE;#NULO;PL / MOBILIZA / AGIR / AVANTE
2026;RJ;SENADOR;PODE;#NULO;PODE
2026;AM;1º SUPLENTE;PSTU;#NULO;PSTU
2026;PA;DEPUTADO FEDERAL;PT;13-PT/65-PC do B/43-PV;FEDERAÇÃO BRASIL DA ESPERANÇA - FE BRASIL (13-PT / 65-PC do B / 43-PV)
2026;DF;2º SUPLENTE;AVANTE;#NULO;AVANTE
2026;ES;1º SUPLENTE;AGIR;#NULO;PDT / MDB / PODE / AGIR / PSB / FEDERAÇÃO PSDB CIDADANIA (45-PSDB / 23-CIDADANIA) / FEDERAÇÃO UNIÃO PROGRESSISTA (44-UNIÃO / 11-PP)
2026;SC;GOVERNADOR;PSD;#NULO;MDB / PSD / FEDERAÇÃO UNIÃO PROGRESSISTA (44-UNIÃO / 11-PP)
2026;PR;SENADOR;PL;#NULO;PODE / PL / NOVO
2026;PA;2º SUPLENTE;PSDB;45-PSDB/23-CIDADANIA;PSD / FEDERAÇÃO UNIÃO PROGRESSISTA (44-UNIÃO / 11-PP) / PSB / REPUBLICANOS / FEDERAÇÃO BRASIL DA ESPERANÇA - FE BRASIL (13-PT / 65-PC do B / 43-PV) / FEDERAÇÃO PSDB CIDADANIA (45-PSDB / 23-CIDADANIA) / MDB / AVANTE
2026;RN;VICE-GOVERNADOR;PP;44-UNIÃO/11-PP;REPUBLICANOS / MDB / PSD / AVANTE / FEDERAÇÃO RENOVAÇÃO SOLIDÁRIA (25-PRD / 77-SOLIDARIEDADE) / FEDERAÇÃO UNIÃO PROGRESSISTA (44-UNIÃO / 11-PP)
2026;RR;DEPUTADO FEDERAL;MISSÃO;#NULO;MISSÃO
2026;MG;DEPUTADO ESTADUAL;PRD;25-PRD/77-SOLIDARIEDADE;FEDERAÇÃO RENOVAÇÃO SOLIDÁRIA (25-PRD / 77-SOLIDARIEDADE)
2026;RS;2º SUPLENTE;PSTU;#NULO;PSTU
2026;RS;2º SUPLENTE;PDT;#NULO;PDT / PSB / AVANTE / FEDERAÇÃO BRASIL DA ESPERANÇA - FE BRASIL (13-PT / 65-PC do B / 43-PV) / FEDERAÇÃO PSOL REDE (50-PSOL / 18-REDE)
2026;MT;2º SUPLENTE;REPUBLICANOS;#NULO;REPUBLICANOS / PODE / FEDERAÇÃO PSDB CIDADANIA (45-PSDB / 23-CIDADANIA) / FEDERAÇÃO UNIÃO PROGRESSISTA (44-UNIÃO / 11-PP)
2026;PR;DEPUTADO FEDERAL;REDE;50-PSOL/18-REDE;FEDERAÇÃO PSOL REDE (50-PSOL / 18-REDE)
2026;RN;DEPUTADO ESTADUAL;MISSÃO;#NULO;MISSÃO
2026;RO;DEPUTADO ESTADUAL;MOBILIZA;#NULO;MOBILIZA
2026;DF;DEPUTADO FEDERAL;PRD;25-PRD/77-SOLIDARIEDADE;FEDERAÇÃO RENOVAÇÃO SOLIDÁRIA (25-PRD / 77-SOLIDARIEDADE)
2026;PB;DEPUTADO FEDERAL;PODE;#NULO;PODE
2026;SE;1º SUPLENTE;UNIÃO;44-UNIÃO/11-PP;PSB / PSD / FEDERAÇÃO BRASIL DA ESPERANÇA - FE BRASIL (13-PT / 65-PC do B / 43-PV) / FEDERAÇÃO UNIÃO PROGRESSISTA (44-UNIÃO / 11-PP)
2026;BA;DEPUTADO ESTADUAL;PSDB;45-PSDB/23-CIDADANIA;FEDERAÇÃO PSDB CIDADANIA (45-PSDB / 23-CIDADANIA)
2026;DF;DEPUTADO DISTRITAL;PSD;#NULO;PSD
2026;AC;DEPUTADO ESTADUAL;PV;13-PT/65-PC do B/43-PV;FEDERAÇÃO BRASIL DA ESPERANÇA - FE BRASIL (13-PT / 65-PC do B / 43-PV)
2026;AP;DEPUTADO ESTADUAL;REDE;50-PSOL/18-REDE;FEDERAÇÃO PSOL REDE (50-PSOL / 18-REDE)
2026;ES;2º SUPLENTE;PRTB;#NULO;PRTB
2026;PA;VICE-GOVERNADOR;PSTU;#NULO;PSTU
2026;PE;2º SUPLENTE;REPUBLICANOS;#NULO;REPUBLICANOS / PDT / MDB / DC / PSB / FEDERAÇÃO BRASIL DA ESPERANÇA - FE BRASIL (13-PT / 65-PC do B / 43-PV) / FEDERAÇÃO RENOVAÇÃO SOLIDÁRIA (25-PRD / 77-SOLIDARIEDADE)
2026;AC;VICE-GOVERNADOR;PP;44-UNIÃO/11-PP;PDT / MDB / PL / DEMOCRATA / FEDERAÇÃO UNIÃO PROGRESSISTA (44-UNIÃO / 11-PP)
2026;PA;1º SUPLENTE;PT;13-PT/65-PC do B/43-PV;PSD / FEDERAÇÃO UNIÃO PROGRESSISTA (44-UNIÃO / 11-PP) / PSB / REPUBLICANOS / FEDERAÇÃO BRASIL DA ESPERANÇA - FE BRASIL (13-PT / 65-PC do B / 43-PV) / FEDERAÇÃO PSDB CIDADANIA (45-PSDB / 23-CIDADANIA) / MDB / AVANTE
2026;SP;2º SUPLENTE;PSD;#NULO;FEDERAÇÃO UNIÃO PROGRESSISTA (44-UNIÃO / 11-PP) / REPUBLICANOS / PL / MDB / DEMOCRATA / PSD / FEDERAÇÃO RENOVAÇÃO SOLIDÁRIA (25-PRD / 77-SOLIDARIEDADE) / AVANTE
2026;PB;DEPUTADO ESTADUAL;REPUBLICANOS;#NULO;REPUBLICANOS
2026;GO;1º SUPLENTE;MDB;#NULO;MDB
2026;SE;GOVERNADOR;PSD;#NULO;PSB / PSD / FEDERAÇÃO UNIÃO PROGRESSISTA (44-UNIÃO / 11-PP) / FEDERAÇÃO BRASIL DA ESPERANÇA - FE BRASIL (13-PT / 65-PC do B / 43-PV)
2026;BA;GOVERNADOR;REPUBLICANOS;#NULO;REPUBLICANOS / PODE / PL / FEDERAÇÃO PSDB CIDADANIA (45-PSDB / 23-CIDADANIA) / FEDERAÇÃO RENOVAÇÃO SOLIDÁRIA (25-PRD / 77-SOLIDARIEDADE) / FEDERAÇÃO UNIÃO PROGRESSISTA (44-UNIÃO / 11-PP) / NOVO
2026;PI;VICE-GOVERNADOR;PSD;#NULO;REPUBLICANOS / PDT / MDB / PSD / FEDERAÇÃO BRASIL DA ESPERANÇA - FE BRASIL (13-PT / 65-PC do B / 43-PV)
2026;TO;1º SUPLENTE;PSDB;45-PSDB/23-CIDADANIA;MDB / FEDERAÇÃO PSDB CIDADANIA (45-PSDB / 23-CIDADANIA)
2026;SE;2º SUPLENTE;PT;13-PT/65-PC do B/43-PV;PSB / PSD / FEDERAÇÃO BRASIL DA ESPERANÇA - FE BRASIL (13-PT / 65-PC do B / 43-PV) / FEDERAÇÃO UNIÃO PROGRESSISTA (44-UNIÃO / 11-PP)
2026;MS;SENADOR;AVANTE;#NULO;PL / FEDERAÇÃO UNIÃO PROGRESSISTA (44-UNIÃO / 11-PP) / REPUBLICANOS / FEDERAÇÃO PSDB CIDADANIA (45-PSDB / 23-CIDADANIA) / PSD / MDB / PODE / AVANTE
2026;AM;VICE-GOVERNADOR;PL;#NULO;PL / NOVO
2026;PE;DEPUTADO ESTADUAL;PT;13-PT/65-PC do B/43-PV;FEDERAÇÃO BRASIL DA ESPERANÇA - FE BRASIL (13-PT / 65-PC do B / 43-PV)
2026;RS;DEPUTADO FEDERAL;REDE;50-PSOL/18-REDE;FEDERAÇÃO PSOL REDE (50-PSOL / 18-REDE)
2026;RO;GOVERNADOR;UNIÃO;44-UNIÃO/11-PP;REPUBLICANOS / FEDERAÇÃO UNIÃO PROGRESSISTA (44-UNIÃO / 11-PP)
2026;SP;DEPUTADO FEDERAL;MDB;#NULO;MDB
2026;PR;2º SUPLENTE;PT;13-PT/65-PC do B/43-PV;PDT / FEDERAÇÃO BRASIL DA ESPERANÇA - FE BRASIL (13-PT / 65-PC do B / 43-PV) / FEDERAÇÃO PSOL REDE (50-PSOL / 18-REDE) / FEDERAÇÃO RENOVAÇÃO SOLIDÁRIA (25-PRD / 77-SOLIDARIEDADE)
2026;MT;1º SUPLENTE;SOLIDARIEDADE;25-PRD/77-SOLIDARIEDADE;MDB / PL / NOVO / FEDERAÇÃO RENOVAÇÃO SOLIDÁRIA (25-PRD / 77-SOLIDARIEDADE)
2026;MA;SENADOR;AGIR;#NULO;MOBILIZA / AGIR / AVANTE
2026;ES;VICE-GOVERNADOR;PDT;#NULO;PODE / MDB / AGIR / PSB / PDT / FEDERAÇÃO PSDB CIDADANIA (45-PSDB / 23-CIDADANIA) / FEDERAÇÃO UNIÃO PROGRESSISTA (44-UNIÃO / 11-PP)
2026;CE;SENADOR;MOBILIZA;#NULO;PDT / PODE / PSB / PSD / FEDERAÇÃO BRASIL DA ESPERANÇA - FE BRASIL (13-PT / 65-PC do B / 43-PV) / FEDERAÇÃO PSOL REDE (50-PSOL / 18-REDE) / FEDERAÇÃO RENOVAÇÃO SOLIDÁRIA (25-PRD / 77-SOLIDARIEDADE) / REPUBLICANOS / MDB / MOBILIZA
2026;MT;SENADOR;PCDOB;13-PT/65-PC do B/43-PV;PDT / PSB / PSD / FEDERAÇÃO BRASIL DA ESPERANÇA - FE BRASIL (13-PT / 65-PC do B / 43-PV) / FEDERAÇÃO PSOL REDE (50-PSOL / 18-REDE)
2026;RO;DEPUTADO FEDERAL;PL;#NULO;PL
2026;PA;VICE-GOVERNADOR;PSD;#NULO;REPUBLICANOS / MDB / PSB / PSD / AVANTE / FEDERAÇÃO PSDB CIDADANIA (45-PSDB / 23-CIDADANIA) / FEDERAÇÃO BRASIL DA ESPERANÇA - FE BRASIL (13-PT / 65-PC do B / 43-PV) / FEDERAÇÃO UNIÃO PROGRESSISTA (44-UNIÃO / 11-PP)
2026;RN;VICE-GOVERNADOR;PODE;#NULO;PODE / PL / NOVO / FEDERAÇÃO PSDB CIDADANIA (45-PSDB / 23-CIDADANIA) / MOBILIZA
2026;RN;VICE-GOVERNADOR;REDE;50-PSOL/18-REDE;FEDERAÇÃO PSOL REDE (50-PSOL / 18-REDE)
2026;PE;SENADOR;PV;13-PT/65-PC do B/43-PV;REPUBLICANOS / PDT / MDB / DC / PSB / FEDERAÇÃO BRASIL DA ESPERANÇA - FE BRASIL (13-PT / 65-PC do B / 43-PV) / FEDERAÇÃO RENOVAÇÃO SOLIDÁRIA (25-PRD / 77-SOLIDARIEDADE)
2026;RJ;SENADOR;PCDOB;13-PT/65-PC do B/43-PV;PDT / MDB / DC / FEDERAÇÃO BRASIL DA ESPERANÇA - FE BRASIL (13-PT / 65-PC do B / 43-PV) / PSB / PSD / FEDERAÇÃO PSDB CIDADANIA (45-PSDB / 23-CIDADANIA) / FEDERAÇÃO RENOVAÇÃO SOLIDÁRIA (25-PRD / 77-SOLIDARIEDADE)
2026;RN;2º SUPLENTE;NOVO;#NULO;PODE / PL / NOVO / FEDERAÇÃO PSDB CIDADANIA (45-PSDB / 23-CIDADANIA) / MOBILIZA
2026;TO;DEPUTADO FEDERAL;CIDADANIA;45-PSDB/23-CIDADANIA;FEDERAÇÃO PSDB CIDADANIA (45-PSDB / 23-CIDADANIA)
2026;RN;SENADOR;AGIR;#NULO;AGIR
2026;RJ;DEPUTADO FEDERAL;PDT;#NULO;PDT
2026;BR;VICE-PRESIDENTE;PT;13-PT/65-PC do B/43-PV;PSB / PDT / FEDERAÇÃO BRASIL DA ESPERANÇA - FE BRASIL (13-PT / 65-PC do B / 43-PV) / FEDERAÇÃO PSOL REDE (50-PSOL / 18-REDE)
2026;RR;SENADOR;PODE;#NULO;REPUBLICANOS / PODE / AGIR / PSD / FEDERAÇÃO UNIÃO PROGRESSISTA (44-UNIÃO / 11-PP)
2026;SC;DEPUTADO FEDERAL;PSD;#NULO;PSD
2026;MG;DEPUTADO FEDERAL;DC;#NULO;DC
2026;PE;1º SUPLENTE;NOVO;#NULO;NOVO
2026;PI;SENADOR;DEMOCRATA;#NULO;DEMOCRATA
2026;PI;VICE-GOVERNADOR;DEMOCRATA;#NULO;DEMOCRATA
2026;DF;SENADOR;PSD;#NULO;PSD
2026;MA;SENADOR;CIDADANIA;45-PSDB/23-CIDADANIA;FEDERAÇÃO PSDB CIDADANIA (45-PSDB / 23-CIDADANIA) / FEDERAÇÃO UNIÃO PROGRESSISTA (44-UNIÃO / 11-PP)
2026;SC;VICE-GOVERNADOR;PV;13-PT/65-PC do B/43-PV;PDT / PSB / FEDERAÇÃO PSOL REDE (50-PSOL / 18-REDE) / FEDERAÇÃO BRASIL DA ESPERANÇA - FE BRASIL (13-PT / 65-PC do B / 43-PV)
2026;PI;2º SUPLENTE;CIDADANIA;45-PSDB/23-CIDADANIA;FEDERAÇÃO PSDB CIDADANIA (45-PSDB / 23-CIDADANIA)
2026;MG;SENADOR;REDE;50-PSOL/18-REDE;PSB / FEDERAÇÃO BRASIL DA ESPERANÇA - FE BRASIL (13-PT / 65-PC do B / 43-PV) / FEDERAÇÃO PSOL REDE (50-PSOL / 18-REDE)
2026;BA;SENADOR;AVANTE;#NULO;PDT / MDB / PSB / PSD / AVANTE / FEDERAÇÃO BRASIL DA ESPERANÇA - FE BRASIL (13-PT / 65-PC do B / 43-PV)
2026;PR;2º SUPLENTE;PSDB;45-PSDB/23-CIDADANIA;REPUBLICANOS / MDB / DEMOCRATA / PSD / AVANTE / FEDERAÇÃO PSDB CIDADANIA (45-PSDB / 23-CIDADANIA) / FEDERAÇÃO UNIÃO PROGRESSISTA (44-UNIÃO / 11-PP)
2026;PB;1º SUPLENTE;AGIR;#NULO;REPUBLICANOS / PODE / MOBILIZA / AGIR / PSB / FEDERAÇÃO BRASIL DA ESPERANÇA - FE BRASIL (13-PT / 65-PC do B / 43-PV) / FEDERAÇÃO RENOVAÇÃO SOLIDÁRIA (25-PRD / 77-SOLIDARIEDADE) / FEDERAÇÃO UNIÃO PROGRESSISTA (44-UNIÃO / 11-PP)
2026;CE;DEPUTADO ESTADUAL;MDB;#NULO;MDB
2026;DF;DEPUTADO FEDERAL;REPUBLICANOS;#NULO;REPUBLICANOS
2026;AP;1º SUPLENTE;PV;13-PT/65-PC do B/43-PV;REPUBLICANOS / PDT / AGIR / FEDERAÇÃO UNIÃO PROGRESSISTA (44-UNIÃO / 11-PP) / FEDERAÇÃO PSDB CIDADANIA (45-PSDB / 23-CIDADANIA) / FEDERAÇÃO BRASIL DA ESPERANÇA - FE BRASIL (13-PT / 65-PC do B / 43-PV) / FEDERAÇÃO RENOVAÇÃO SOLIDÁRIA (25-PRD / 77-SOLIDARIEDADE)
2026;AC;1º SUPLENTE;DC;#NULO;DC
2026;RJ;1º SUPLENTE;PSTU;#NULO;PSTU
2026;PE;2º SUPLENTE;PODE;#NULO;PODE / PSD / AVANTE / FEDERAÇÃO PSDB CIDADANIA (45-PSDB / 23-CIDADANIA) / FEDERAÇÃO UNIÃO PROGRESSISTA (44-UNIÃO / 11-PP)
2026;TO;VICE-GOVERNADOR;PSDB;45-PSDB/23-CIDADANIA;MDB / FEDERAÇÃO PSDB CIDADANIA (45-PSDB / 23-CIDADANIA)
2026;RJ;2º SUPLENTE;DC;#NULO;PDT / MDB / DC / FEDERAÇÃO BRASIL DA ESPERANÇA - FE BRASIL (13-PT / 65-PC do B / 43-PV) / PSB / PSD / FEDERAÇÃO PSDB CIDADANIA (45-PSDB / 23-CIDADANIA) / FEDERAÇÃO RENOVAÇÃO SOLIDÁRIA (25-PRD / 77-SOLIDARIEDADE)
2026;DF;1º SUPLENTE;PP;44-UNIÃO/11-PP;REPUBLICANOS / MDB / PODE / PL / FEDERAÇÃO RENOVAÇÃO SOLIDÁRIA (25-PRD / 77-SOLIDARIEDADE) / FEDERAÇÃO UNIÃO PROGRESSISTA (44-UNIÃO / 11-PP) / DC / MOBILIZA / DEMOCRATA
2026;PR;DEPUTADO ESTADUAL;NOVO;#NULO;NOVO
2026;BR;VICE-PRESIDENTE;PRTB;#NULO;PRTB
2026;PA;2º SUPLENTE;REDE;50-PSOL/18-REDE;FEDERAÇÃO PSOL REDE (50-PSOL / 18-REDE)
2026;PE;DEPUTADO ESTADUAL;PCO;#NULO;PCO
2026;PR;DEPUTADO FEDERAL;PSDB;45-PSDB/23-CIDADANIA;FEDERAÇÃO PSDB CIDADANIA (45-PSDB / 23-CIDADANIA)
2026;PA;DEPUTADO ESTADUAL;PP;44-UNIÃO/11-PP;FEDERAÇÃO UNIÃO PROGRESSISTA (44-UNIÃO / 11-PP)
2026;AM;GOVERNADOR;AVANTE;#NULO;PDT / DC / AGIR / AVANTE / FEDERAÇÃO RENOVAÇÃO SOLIDÁRIA (25-PRD / 77-SOLIDARIEDADE)
2026;AC;2º SUPLENTE;UNIÃO;44-UNIÃO/11-PP;PDT / MDB / PL / DEMOCRATA / FEDERAÇÃO UNIÃO PROGRESSISTA (44-UNIÃO / 11-PP)
2026;AL;1º SUPLENTE;PSDB;45-PSDB/23-CIDADANIA;PDT / PL / FEDERAÇÃO PSDB CIDADANIA (45-PSDB / 23-CIDADANIA) / FEDERAÇÃO RENOVAÇÃO SOLIDÁRIA (25-PRD / 77-SOLIDARIEDADE) / FEDERAÇÃO UNIÃO PROGRESSISTA (44-UNIÃO / 11-PP) / DC
2026;AC;VICE-GOVERNADOR;PSD;#NULO;REPUBLICANOS / NOVO / PSD / AVANTE
2026;PE;DEPUTADO FEDERAL;MDB;#NULO;MDB
2026;PA;SENADOR;PSDB;45-PSDB/23-CIDADANIA;PSD / FEDERAÇÃO UNIÃO PROGRESSISTA (44-UNIÃO / 11-PP) / PSB / REPUBLICANOS / FEDERAÇÃO BRASIL DA ESPERANÇA - FE BRASIL (13-PT / 65-PC do B / 43-PV) / FEDERAÇÃO PSDB CIDADANIA (45-PSDB / 23-CIDADANIA) / MDB / AVANTE
2026;RS;DEPUTADO ESTADUAL;PSDB;45-PSDB/23-CIDADANIA;FEDERAÇÃO PSDB CIDADANIA (45-PSDB / 23-CIDADANIA)
2026;RS;2º SUPLENTE;DC;#NULO;REPUBLICANOS / PODE / DC / NOVO / PL / FEDERAÇÃO UNIÃO PROGRESSISTA (44-UNIÃO / 11-PP)
2026;GO;1º SUPLENTE;REDE;50-PSOL/18-REDE;PDT / PSB / FEDERAÇÃO BRASIL DA ESPERANÇA - FE BRASIL (13-PT / 65-PC do B / 43-PV) / FEDERAÇÃO PSOL REDE (50-PSOL / 18-REDE)
2026;SE;2º SUPLENTE;PCDOB;13-PT/65-PC do B/43-PV;PSB / PSD / FEDERAÇÃO BRASIL DA ESPERANÇA - FE BRASIL (13-PT / 65-PC do B / 43-PV) / FEDERAÇÃO UNIÃO PROGRESSISTA (44-UNIÃO / 11-PP)
2026;GO;2º SUPLENTE;PSDB;45-PSDB/23-CIDADANIA;DC / FEDERAÇÃO PSDB CIDADANIA (45-PSDB / 23-CIDADANIA)
2026;SC;DEPUTADO FEDERAL;AVANTE;#NULO;AVANTE
2026;DF;GOVERNADOR;PSD;#NULO;PSD / AVANTE
2026;CE;GOVERNADOR;REDE;50-PSOL/18-REDE;PSB / PDT / PODE / MOBILIZA / FEDERAÇÃO BRASIL DA ESPERANÇA - FE BRASIL (13-PT / 65-PC do B / 43-PV) / REPUBLICANOS / PSD / MDB / FEDERAÇÃO RENOVAÇÃO SOLIDÁRIA (25-PRD / 77-SOLIDARIEDADE) / FEDERAÇÃO PSOL REDE (50-PSOL / 18-REDE)
2026;MA;2º SUPLENTE;SOLIDARIEDADE;25-PRD/77-SOLIDARIEDADE;REPUBLICANOS / PDT / MDB / PODE / FEDERAÇÃO RENOVAÇÃO SOLIDÁRIA (25-PRD / 77-SOLIDARIEDADE)
2026;AP;1º SUPLENTE;PSDB;45-PSDB/23-CIDADANIA;REPUBLICANOS / PDT / AGIR / FEDERAÇÃO UNIÃO PROGRESSISTA (44-UNIÃO / 11-PP) / FEDERAÇÃO PSDB CIDADANIA (45-PSDB / 23-CIDADANIA) / FEDERAÇÃO BRASIL DA ESPERANÇA - FE BRASIL (13-PT / 65-PC do B / 43-PV) / FEDERAÇÃO RENOVAÇÃO SOLIDÁRIA (25-PRD / 77-SOLIDARIEDADE)
2026;PB;2º SUPLENTE;PT;13-PT/65-PC do B/43-PV;REPUBLICANOS / PODE / MOBILIZA / AGIR / PSB / FEDERAÇÃO BRASIL DA ESPERANÇA - FE BRASIL (13-PT / 65-PC do B / 43-PV) / FEDERAÇÃO RENOVAÇÃO SOLIDÁRIA (25-PRD / 77-SOLIDARIEDADE) / FEDERAÇÃO UNIÃO PROGRESSISTA (44-UNIÃO / 11-PP)
2026;RS;1º SUPLENTE;PRD;25-PRD/77-SOLIDARIEDADE;MDB / PSD / FEDERAÇÃO RENOVAÇÃO SOLIDÁRIA (25-PRD / 77-SOLIDARIEDADE)
2026;AM;GOVERNADOR;PRD;25-PRD/77-SOLIDARIEDADE;PDT / DC / AGIR / AVANTE / FEDERAÇÃO RENOVAÇÃO SOLIDÁRIA (25-PRD / 77-SOLIDARIEDADE)
2026;PI;DEPUTADO FEDERAL;AVANTE;#NULO;AVANTE
2026;SC;2º SUPLENTE;REDE;50-PSOL/18-REDE;PDT / PSB / FEDERAÇÃO BRASIL DA ESPERANÇA - FE BRASIL (13-PT / 65-PC do B / 43-PV) / FEDERAÇÃO PSOL REDE (50-PSOL / 18-REDE)
2026;MG;VICE-GOVERNADOR;PSDB;45-PSDB/23-CIDADANIA;PDT / FEDERAÇÃO PSDB CIDADANIA (45-PSDB / 23-CIDADANIA)
2026;MG;GOVERNADOR;CIDADANIA;45-PSDB/23-CIDADANIA;PDT / FEDERAÇÃO PSDB CIDADANIA (45-PSDB / 23-CIDADANIA)
2026;AP;2º SUPLENTE;PP;44-UNIÃO/11-PP;REPUBLICANOS / PDT / AGIR / FEDERAÇÃO UNIÃO PROGRESSISTA (44-UNIÃO / 11-PP) / FEDERAÇÃO PSDB CIDADANIA (45-PSDB / 23-CIDADANIA) / FEDERAÇÃO BRASIL DA ESPERANÇA - FE BRASIL (13-PT / 65-PC do B / 43-PV) / FEDERAÇÃO RENOVAÇÃO SOLIDÁRIA (25-PRD / 77-SOLIDARIEDADE)
2026;RO;GOVERNADOR;PSB;#NULO;PSB
2026;CE;1º SUPLENTE;NOVO;#NULO;NOVO
2026;SP;SENADOR;PCO;#NULO;PCO
2026;GO;1º SUPLENTE;PSOL;50-PSOL/18-REDE;PDT / PSB / FEDERAÇÃO BRASIL DA ESPERANÇA - FE BRASIL (13-PT / 65-PC do B / 43-PV) / FEDERAÇÃO PSOL REDE (50-PSOL / 18-REDE)
2026;ES;VICE-GOVERNADOR;REPUBLICANOS;#NULO;REPUBLICANOS / PL / DEMOCRATA
2026;MT;1º SUPLENTE;PRD;25-PRD/77-SOLIDARIEDADE;MDB / PL / NOVO / FEDERAÇÃO RENOVAÇÃO SOLIDÁRIA (25-PRD / 77-SOLIDARIEDADE)
2026;PI;2º SUPLENTE;PT;13-PT/65-PC do B/43-PV;REPUBLICANOS / PDT / MDB / PSD / FEDERAÇÃO BRASIL DA ESPERANÇA - FE BRASIL (13-PT / 65-PC do B / 43-PV)
2026;BR;VICE-PRESIDENTE;PSOL;50-PSOL/18-REDE;PSB / PDT / FEDERAÇÃO BRASIL DA ESPERANÇA - FE BRASIL (13-PT / 65-PC do B / 43-PV) / FEDERAÇÃO PSOL REDE (50-PSOL / 18-REDE)
2026;SE;VICE-GOVERNADOR;UNIÃO;44-UNIÃO/11-PP;PSB / PSD / FEDERAÇÃO UNIÃO PROGRESSISTA (44-UNIÃO / 11-PP) / FEDERAÇÃO BRASIL DA ESPERANÇA - FE BRASIL (13-PT / 65-PC do B / 43-PV)
2026;PR;DEPUTADO ESTADUAL;MOBILIZA;#NULO;MOBILIZA
2026;RJ;DEPUTADO ESTADUAL;NOVO;#NULO;NOVO
2026;AM;SENADOR;MOBILIZA;#NULO;MOBILIZA
2026;GO;GOVERNADOR;PCDOB;13-PT/65-PC do B/43-PV;PDT / PSB / FEDERAÇÃO BRASIL DA ESPERANÇA - FE BRASIL (13-PT / 65-PC do B / 43-PV) / FEDERAÇÃO PSOL REDE (50-PSOL / 18-REDE)
2026;AM;2º SUPLENTE;UNIÃO;44-UNIÃO/11-PP;PSB / FEDERAÇÃO UNIÃO PROGRESSISTA (44-UNIÃO / 11-PP) / PODE
2026;AM;VICE-GOVERNADOR;PSB;#NULO;PSB / FEDERAÇÃO UNIÃO PROGRESSISTA (44-UNIÃO / 11-PP) / PODE
2026;PB;2º SUPLENTE;DEMOCRATA;#NULO;MDB / DEMOCRATA / PSD / FEDERAÇÃO PSDB CIDADANIA (45-PSDB / 23-CIDADANIA) / PDT
2026;ES;DEPUTADO ESTADUAL;PCDOB;13-PT/65-PC do B/43-PV;FEDERAÇÃO BRASIL DA ESPERANÇA - FE BRASIL (13-PT / 65-PC do B / 43-PV)
2026;BA;GOVERNADOR;PCO;#NULO;PCO
2026;ES;GOVERNADOR;PV;13-PT/65-PC do B/43-PV;FEDERAÇÃO BRASIL DA ESPERANÇA - FE BRASIL (13-PT / 65-PC do B / 43-PV)
2026;PA;DEPUTADO ESTADUAL;UNIÃO;44-UNIÃO/11-PP;FEDERAÇÃO UNIÃO PROGRESSISTA (44-UNIÃO / 11-PP)
2026;MG;DEPUTADO FEDERAL;AVANTE;#NULO;AVANTE
2026;TO;VICE-GOVERNADOR;DC;#NULO;DC
2026;DF;GOVERNADOR;PT;13-PT/65-PC do B/43-PV;PDT / FEDERAÇÃO BRASIL DA ESPERANÇA - FE BRASIL (13-PT / 65-PC do B / 43-PV) / FEDERAÇÃO PSOL REDE (50-PSOL / 18-REDE)
2026;PR;VICE-GOVERNADOR;UNIÃO;44-UNIÃO/11-PP;REPUBLICANOS / MDB / DEMOCRATA / PSD / AVANTE / FEDERAÇÃO PSDB CIDADANIA (45-PSDB / 23-CIDADANIA) / FEDERAÇÃO UNIÃO PROGRESSISTA (44-UNIÃO / 11-PP)
2026;DF;2º SUPLENTE;REPUBLICANOS;#NULO;REPUBLICANOS / MDB / PODE / PL / FEDERAÇÃO RENOVAÇÃO SOLIDÁRIA (25-PRD / 77-SOLIDARIEDADE) / FEDERAÇÃO UNIÃO PROGRESSISTA (44-UNIÃO / 11-PP) / DC / MOBILIZA / DEMOCRATA
2026;ES;1º SUPLENTE;DC;#NULO;DC / FEDERAÇÃO RENOVAÇÃO SOLIDÁRIA (25-PRD / 77-SOLIDARIEDADE)
2026;TO;GOVERNADOR;SOLIDARIEDADE;25-PRD/77-SOLIDARIEDADE;REPUBLICANOS / PODE / AVANTE / PL / FEDERAÇÃO RENOVAÇÃO SOLIDÁRIA (25-PRD / 77-SOLIDARIEDADE) / FEDERAÇÃO UNIÃO PROGRESSISTA (44-UNIÃO / 11-PP)
2026;MA;SENADOR;PRD;25-PRD/77-SOLIDARIEDADE;REPUBLICANOS / PDT / MDB / PODE / FEDERAÇÃO RENOVAÇÃO SOLIDÁRIA (25-PRD / 77-SOLIDARIEDADE)
2026;MT;2º SUPLENTE;PT;13-PT/65-PC do B/43-PV;PDT / PSB / PSD / FEDERAÇÃO BRASIL DA ESPERANÇA - FE BRASIL (13-PT / 65-PC do B / 43-PV) / FEDERAÇÃO PSOL REDE (50-PSOL / 18-REDE)
2026;PE;VICE-GOVERNADOR;PRD;25-PRD/77-SOLIDARIEDADE;REPUBLICANOS / PDT / MDB / PSB / FEDERAÇÃO BRASIL DA ESPERANÇA - FE BRASIL (13-PT / 65-PC do B / 43-PV) / FEDERAÇÃO RENOVAÇÃO SOLIDÁRIA (25-PRD / 77-SOLIDARIEDADE) / DC
2026;PB;SENADOR;PP;44-UNIÃO/11-PP;REPUBLICANOS / PODE / MOBILIZA / AGIR / PSB / FEDERAÇÃO BRASIL DA ESPERANÇA - FE BRASIL (13-PT / 65-PC do B / 43-PV) / FEDERAÇÃO RENOVAÇÃO SOLIDÁRIA (25-PRD / 77-SOLIDARIEDADE) / FEDERAÇÃO UNIÃO PROGRESSISTA (44-UNIÃO / 11-PP)
2026;GO;SENADOR;PCDOB;13-PT/65-PC do B/43-PV;PDT / PSB / FEDERAÇÃO BRASIL DA ESPERANÇA - FE BRASIL (13-PT / 65-PC do B / 43-PV) / FEDERAÇÃO PSOL REDE (50-PSOL / 18-REDE)
2026;PR;DEPUTADO ESTADUAL;PT;13-PT/65-PC do B/43-PV;FEDERAÇÃO BRASIL DA ESPERANÇA - FE BRASIL (13-PT / 65-PC do B / 43-PV)
2026;PE;DEPUTADO ESTADUAL;PSD;#NULO;PSD
2026;BA;DEPUTADO ESTADUAL;CIDADANIA;45-PSDB/23-CIDADANIA;FEDERAÇÃO PSDB CIDADANIA (45-PSDB / 23-CIDADANIA)
2026;PR;VICE-GOVERNADOR;UP;#NULO;UP
2026;PI;DEPUTADO FEDERAL;PP;44-UNIÃO/11-PP;FEDERAÇÃO UNIÃO PROGRESSISTA (44-UNIÃO / 11-PP)
2026;BA;1º SUPLENTE;DC;#NULO;DC
2026;AL;SENADOR;PL;#NULO;PDT / PL / FEDERAÇÃO PSDB CIDADANIA (45-PSDB / 23-CIDADANIA) / FEDERAÇÃO RENOVAÇÃO SOLIDÁRIA (25-PRD / 77-SOLIDARIEDADE) / FEDERAÇÃO UNIÃO PROGRESSISTA (44-UNIÃO / 11-PP) / DC
2026;SC;GOVERNADOR;PCDOB;13-PT/65-PC do B/43-PV;PDT / PSB / FEDERAÇÃO PSOL REDE (50-PSOL / 18-REDE) / FEDERAÇÃO BRASIL DA ESPERANÇA - FE BRASIL (13-PT / 65-PC do B / 43-PV)
2026;AL;SENADOR;AGIR;#NULO;MDB / PODE / AGIR / PSB / PSD / AVANTE / FEDERAÇÃO BRASIL DA ESPERANÇA - FE BRASIL (13-PT / 65-PC do B / 43-PV)
2026;RS;2º SUPLENTE;AVANTE;#NULO;PDT / PSB / AVANTE / FEDERAÇÃO BRASIL DA ESPERANÇA - FE BRASIL (13-PT / 65-PC do B / 43-PV) / FEDERAÇÃO PSOL REDE (50-PSOL / 18-REDE)
2026;RR;GOVERNADOR;PT;13-PT/65-PC do B/43-PV;FEDERAÇÃO BRASIL DA ESPERANÇA - FE BRASIL (13-PT / 65-PC do B / 43-PV) / FEDERAÇÃO PSOL REDE (50-PSOL / 18-REDE)
2026;MS;VICE-GOVERNADOR;AVANTE;#NULO;FEDERAÇÃO UNIÃO PROGRESSISTA (44-UNIÃO / 11-PP) / PL / FEDERAÇÃO PSDB CIDADANIA (45-PSDB / 23-CIDADANIA) / PODE / AVANTE / REPUBLICANOS / PSD / MDB
2026;BA;1º SUPLENTE;UNIÃO;44-UNIÃO/11-PP;REPUBLICANOS / PODE / PL / FEDERAÇÃO PSDB CIDADANIA (45-PSDB / 23-CIDADANIA) / FEDERAÇÃO UNIÃO PROGRESSISTA (44-UNIÃO / 11-PP) / FEDERAÇÃO RENOVAÇÃO SOLIDÁRIA (25-PRD / 77-SOLIDARIEDADE) / NOVO
2026;AL;VICE-GOVERNADOR;PL;#NULO;PDT / PL / DC / FEDERAÇÃO PSDB CIDADANIA (45-PSDB / 23-CIDADANIA) / FEDERAÇÃO RENOVAÇÃO SOLIDÁRIA (25-PRD / 77-SOLIDARIEDADE) / FEDERAÇÃO UNIÃO PROGRESSISTA (44-UNIÃO / 11-PP)
2026;MA;SENADOR;PP;44-UNIÃO/11-PP;FEDERAÇÃO PSDB CIDADANIA (45-PSDB / 23-CIDADANIA) / FEDERAÇÃO UNIÃO PROGRESSISTA (44-UNIÃO / 11-PP)
2026;RR;SENADOR;SOLIDARIEDADE;25-PRD/77-SOLIDARIEDADE;AVANTE / FEDERAÇÃO RENOVAÇÃO SOLIDÁRIA (25-PRD / 77-SOLIDARIEDADE)
2026;PE;2º SUPLENTE;PCB;#NULO;PCB / FEDERAÇÃO PSOL REDE (50-PSOL / 18-REDE)
2026;RN;VICE-GOVERNADOR;UNIÃO;44-UNIÃO/11-PP;REPUBLICANOS / MDB / PSD / AVANTE / FEDERAÇÃO RENOVAÇÃO SOLIDÁRIA (25-PRD / 77-SOLIDARIEDADE) / FEDERAÇÃO UNIÃO PROGRESSISTA (44-UNIÃO / 11-PP)
2026;SP;VICE-GOVERNADOR;SOLIDARIEDADE;25-PRD/77-SOLIDARIEDADE;REPUBLICANOS / PL / MDB / DEMOCRATA / AVANTE / PSD / FEDERAÇÃO RENOVAÇÃO SOLIDÁRIA (25-PRD / 77-SOLIDARIEDADE) / FEDERAÇÃO UNIÃO PROGRESSISTA (44-UNIÃO / 11-PP)
2026;SP;GOVERNADOR;AGIR;#NULO;AGIR
2026;RJ;SENADOR;PSB;#NULO;PDT / MDB / DC / FEDERAÇÃO BRASIL DA ESPERANÇA - FE BRASIL (13-PT / 65-PC do B / 43-PV) / PSB / PSD / FEDERAÇÃO PSDB CIDADANIA (45-PSDB / 23-CIDADANIA) / FEDERAÇÃO RENOVAÇÃO SOLIDÁRIA (25-PRD / 77-SOLIDARIEDADE)
2026;SE;VICE-GOVERNADOR;PT;13-PT/65-PC do B/43-PV;PSB / PSD / FEDERAÇÃO UNIÃO PROGRESSISTA (44-UNIÃO / 11-PP) / FEDERAÇÃO BRASIL DA ESPERANÇA - FE BRASIL (13-PT / 65-PC do B / 43-PV)
2026;CE;DEPUTADO ESTADUAL;PRD;25-PRD/77-SOLIDARIEDADE;FEDERAÇÃO RENOVAÇÃO SOLIDÁRIA (25-PRD / 77-SOLIDARIEDADE)
2026;AM;DEPUTADO ESTADUAL;PDT;#NULO;PDT
2026;ES;DEPUTADO FEDERAL;PSD;#NULO;PSD
2026;SC;1º SUPLENTE;PCO;#NULO;PCO
2026;ES;2º SUPLENTE;AGIR;#NULO;PDT / MDB / PODE / AGIR / PSB / FEDERAÇÃO PSDB CIDADANIA (45-PSDB / 23-CIDADANIA) / FEDERAÇÃO UNIÃO PROGRESSISTA (44-UNIÃO / 11-PP)
2026;SC;2º SUPLENTE;PSOL;50-PSOL/18-REDE;PDT / PSB / FEDERAÇÃO BRASIL DA ESPERANÇA - FE BRASIL (13-PT / 65-PC do B / 43-PV) / FEDERAÇÃO PSOL REDE (50-PSOL / 18-REDE)
2026;RN;VICE-GOVERNADOR;MOBILIZA;#NULO;PODE / PL / NOVO / FEDERAÇÃO PSDB CIDADANIA (45-PSDB / 23-CIDADANIA) / MOBILIZA
2026;PI;GOVERNADOR;PSOL;50-PSOL/18-REDE;FEDERAÇÃO PSOL REDE (50-PSOL / 18-REDE)
2026;RO;DEPUTADO FEDERAL;PDT;#NULO;PDT
2026;ES;SENADOR;PSD;#NULO;PSD
2026;RJ;2º SUPLENTE;DEMOCRATA;#NULO;DEMOCRATA
2026;PB;GOVERNADOR;PL;#NULO;PL
2026;BA;DEPUTADO ESTADUAL;REDE;50-PSOL/18-REDE;FEDERAÇÃO PSOL REDE (50-PSOL / 18-REDE)
2026;CE;GOVERNADOR;DEMOCRATA;#NULO;DEMOCRATA
2026;AM;DEPUTADO ESTADUAL;PSOL;50-PSOL/18-REDE;FEDERAÇÃO PSOL REDE (50-PSOL / 18-REDE)
2026;ES;DEPUTADO ESTADUAL;PSDB;45-PSDB/23-CIDADANIA;FEDERAÇÃO PSDB CIDADANIA (45-PSDB / 23-CIDADANIA)
2026;MT;DEPUTADO FEDERAL;REDE;50-PSOL/18-REDE;FEDERAÇÃO PSOL REDE (50-PSOL / 18-REDE)
2026;SE;DEPUTADO FEDERAL;UP;#NULO;UP
2026;SC;GOVERNADOR;MISSÃO;#NULO;MISSÃO
2026;SP;1º SUPLENTE;NOVO;#NULO;NOVO
2026;BR;VICE-PRESIDENTE;PSTU;#NULO;PSTU
2026;AP;1º SUPLENTE;MDB;#NULO;MDB
2026;RS;SENADOR;AVANTE;#NULO;PDT / PSB / AVANTE / FEDERAÇÃO BRASIL DA ESPERANÇA - FE BRASIL (13-PT / 65-PC do B / 43-PV) / FEDERAÇÃO PSOL REDE (50-PSOL / 18-REDE)
2026;RJ;1º SUPLENTE;PSD;#NULO;PDT / MDB / DC / FEDERAÇÃO BRASIL DA ESPERANÇA - FE BRASIL (13-PT / 65-PC do B / 43-PV) / PSB / PSD / FEDERAÇÃO PSDB CIDADANIA (45-PSDB / 23-CIDADANIA) / FEDERAÇÃO RENOVAÇÃO SOLIDÁRIA (25-PRD / 77-SOLIDARIEDADE)
2026;MS;1º SUPLENTE;PSD;#NULO;PL / FEDERAÇÃO UNIÃO PROGRESSISTA (44-UNIÃO / 11-PP) / REPUBLICANOS / FEDERAÇÃO PSDB CIDADANIA (45-PSDB / 23-CIDADANIA) / PSD / MDB / PODE / AVANTE
2026;PI;2º SUPLENTE;PODE;#NULO;PODE / PL / FEDERAÇÃO RENOVAÇÃO SOLIDÁRIA (25-PRD / 77-SOLIDARIEDADE) / FEDERAÇÃO UNIÃO PROGRESSISTA (44-UNIÃO / 11-PP)
2026;AM;SENADOR;REPUBLICANOS;#NULO;REPUBLICANOS / MDB / PSD / FEDERAÇÃO BRASIL DA ESPERANÇA - FE BRASIL (13-PT / 65-PC do B / 43-PV)
2026;RN;2º SUPLENTE;UNIÃO;44-UNIÃO/11-PP;REPUBLICANOS / MDB / PSD / FEDERAÇÃO RENOVAÇÃO SOLIDÁRIA (25-PRD / 77-SOLIDARIEDADE) / FEDERAÇÃO UNIÃO PROGRESSISTA (44-UNIÃO / 11-PP) / AVANTE
2026;TO;SENADOR;PSDB;45-PSDB/23-CIDADANIA;MDB / FEDERAÇÃO PSDB CIDADANIA (45-PSDB / 23-CIDADANIA)
2026;RR;DEPUTADO FEDERAL;PSOL;50-PSOL/18-REDE;FEDERAÇÃO PSOL REDE (50-PSOL / 18-REDE)
2026;RS;2º SUPLENTE;PCO;#NULO;PCO
2026;PR;VICE-GOVERNADOR;PSDB;45-PSDB/23-CIDADANIA;REPUBLICANOS / MDB / DEMOCRATA / PSD / AVANTE / FEDERAÇÃO PSDB CIDADANIA (45-PSDB / 23-CIDADANIA) / FEDERAÇÃO UNIÃO PROGRESSISTA (44-UNIÃO / 11-PP)
2026;MS;VICE-GOVERNADOR;PCDOB;13-PT/65-PC do B/43-PV;PDT / PSB / FEDERAÇÃO BRASIL DA ESPERANÇA - FE BRASIL (13-PT / 65-PC do B / 43-PV)
2026;DF;2º SUPLENTE;PDT;#NULO;PDT / FEDERAÇÃO BRASIL DA ESPERANÇA - FE BRASIL (13-PT / 65-PC do B / 43-PV) / FEDERAÇÃO PSOL REDE (50-PSOL / 18-REDE)
2026;AP;2º SUPLENTE;AGIR;#NULO;REPUBLICANOS / PDT / AGIR / FEDERAÇÃO UNIÃO PROGRESSISTA (44-UNIÃO / 11-PP) / FEDERAÇÃO PSDB CIDADANIA (45-PSDB / 23-CIDADANIA) / FEDERAÇÃO BRASIL DA ESPERANÇA - FE BRASIL (13-PT / 65-PC do B / 43-PV) / FEDERAÇÃO RENOVAÇÃO SOLIDÁRIA (25-PRD / 77-SOLIDARIEDADE)
2026;CE;SENADOR;DC;#NULO;PL / DC / AVANTE / FEDERAÇÃO PSDB CIDADANIA (45-PSDB / 23-CIDADANIA) / FEDERAÇÃO UNIÃO PROGRESSISTA (44-UNIÃO / 11-PP)
2026;PR;2º SUPLENTE;UP;#NULO;UP
2026;SE;1º SUPLENTE;PDT;#NULO;PDT
2026;PB;2º SUPLENTE;PODE;#NULO;REPUBLICANOS / PODE / MOBILIZA / AGIR / PSB / FEDERAÇÃO BRASIL DA ESPERANÇA - FE BRASIL (13-PT / 65-PC do B / 43-PV) / FEDERAÇÃO RENOVAÇÃO SOLIDÁRIA (25-PRD / 77-SOLIDARIEDADE) / FEDERAÇÃO UNIÃO PROGRESSISTA (44-UNIÃO / 11-PP)
2026;GO;SENADOR;PSDB;45-PSDB/23-CIDADANIA;DC / FEDERAÇÃO PSDB CIDADANIA (45-PSDB / 23-CIDADANIA)
2026;AL;1º SUPLENTE;PSB;#NULO;MDB / PODE / AGIR / PSB / PSD / AVANTE / FEDERAÇÃO BRASIL DA ESPERANÇA - FE BRASIL (13-PT / 65-PC do B / 43-PV)
2026;SC;VICE-GOVERNADOR;PDT;#NULO;PDT / PSB / FEDERAÇÃO PSOL REDE (50-PSOL / 18-REDE) / FEDERAÇÃO BRASIL DA ESPERANÇA - FE BRASIL (13-PT / 65-PC do B / 43-PV)
2026;ES;2º SUPLENTE;PP;44-UNIÃO/11-PP;PDT / MDB / PODE / AGIR / PSB / FEDERAÇÃO PSDB CIDADANIA (45-PSDB / 23-CIDADANIA) / FEDERAÇÃO UNIÃO PROGRESSISTA (44-UNIÃO / 11-PP)
2026;SC;DEPUTADO FEDERAL;PP;44-UNIÃO/11-PP;FEDERAÇÃO UNIÃO PROGRESSISTA (44-UNIÃO / 11-PP)
2026;PE;VICE-GOVERNADOR;PT;13-PT/65-PC do B/43-PV;REPUBLICANOS / PDT / MDB / PSB / FEDERAÇÃO BRASIL DA ESPERANÇA - FE BRASIL (13-PT / 65-PC do B / 43-PV) / FEDERAÇÃO RENOVAÇÃO SOLIDÁRIA (25-PRD / 77-SOLIDARIEDADE) / DC
2026;MA;SENADOR;REDE;50-PSOL/18-REDE;PSB / FEDERAÇÃO BRASIL DA ESPERANÇA - FE BRASIL (13-PT / 65-PC do B / 43-PV) / FEDERAÇÃO PSOL REDE (50-PSOL / 18-REDE)
2026;PE;DEPUTADO FEDERAL;REDE;50-PSOL/18-REDE;FEDERAÇÃO PSOL REDE (50-PSOL / 18-REDE)
2026;MG;DEPUTADO ESTADUAL;MDB;#NULO;MDB
2026;MG;GOVERNADOR;UNIÃO;44-UNIÃO/11-PP;PSD / FEDERAÇÃO UNIÃO PROGRESSISTA (44-UNIÃO / 11-PP) / NOVO / AVANTE / FEDERAÇÃO RENOVAÇÃO SOLIDÁRIA (25-PRD / 77-SOLIDARIEDADE) / MOBILIZA / DC / AGIR
2026;MS;1º SUPLENTE;PSB;#NULO;PDT / PSB / FEDERAÇÃO BRASIL DA ESPERANÇA - FE BRASIL (13-PT / 65-PC do B / 43-PV)
2026;RR;DEPUTADO ESTADUAL;CIDADANIA;45-PSDB/23-CIDADANIA;FEDERAÇÃO PSDB CIDADANIA (45-PSDB / 23-CIDADANIA)
2026;MA;VICE-GOVERNADOR;PRD;25-PRD/77-SOLIDARIEDADE;MDB / PDT / REPUBLICANOS / PODE / FEDERAÇÃO RENOVAÇÃO SOLIDÁRIA (25-PRD / 77-SOLIDARIEDADE)
2026;SC;DEPUTADO FEDERAL;MISSÃO;#NULO;MISSÃO
2026;MA;GOVERNADOR;PCO;#NULO;PCO
2026;ES;1º SUPLENTE;PRTB;#NULO;PRTB
2026;AM;SENADOR;PODE;#NULO;PSB / FEDERAÇÃO UNIÃO PROGRESSISTA (44-UNIÃO / 11-PP) / PODE
2026;SP;VICE-GOVERNADOR;PRD;25-PRD/77-SOLIDARIEDADE;REPUBLICANOS / PL / MDB / DEMOCRATA / AVANTE / PSD / FEDERAÇÃO RENOVAÇÃO SOLIDÁRIA (25-PRD / 77-SOLIDARIEDADE) / FEDERAÇÃO UNIÃO PROGRESSISTA (44-UNIÃO / 11-PP)
2026;BA;SENADOR;PSB;#NULO;PDT / MDB / PSB / PSD / AVANTE / FEDERAÇÃO BRASIL DA ESPERANÇA - FE BRASIL (13-PT / 65-PC do B / 43-PV)
2026;PA;VICE-GOVERNADOR;PSB;#NULO;REPUBLICANOS / MDB / PSB / PSD / AVANTE / FEDERAÇÃO PSDB CIDADANIA (45-PSDB / 23-CIDADANIA) / FEDERAÇÃO BRASIL DA ESPERANÇA - FE BRASIL (13-PT / 65-PC do B / 43-PV) / FEDERAÇÃO UNIÃO PROGRESSISTA (44-UNIÃO / 11-PP)
2026;MA;DEPUTADO ESTADUAL;PV;13-PT/65-PC do B/43-PV;FEDERAÇÃO BRASIL DA ESPERANÇA - FE BRASIL (13-PT / 65-PC do B / 43-PV)
2026;SP;DEPUTADO FEDERAL;PODE;#NULO;PODE
2026;MG;DEPUTADO FEDERAL;PSTU;#NULO;PSTU
2026;DF;VICE-GOVERNADOR;PRTB;#NULO;PRTB
2026;AP;1º SUPLENTE;DC;#NULO;DC
2026;RJ;GOVERNADOR;PCO;#NULO;PCO
2026;MG;GOVERNADOR;PL;#NULO;PL
2026;PB;GOVERNADOR;DEMOCRATA;#NULO;MDB / DEMOCRATA / PSD / FEDERAÇÃO PSDB CIDADANIA (45-PSDB / 23-CIDADANIA) / PDT
2026;RN;2º SUPLENTE;AGIR;#NULO;AGIR
2026;SC;SENADOR;UNIÃO;44-UNIÃO/11-PP;MDB / PSD / FEDERAÇÃO UNIÃO PROGRESSISTA (44-UNIÃO / 11-PP)
2026;RS;VICE-GOVERNADOR;PL;#NULO;REPUBLICANOS / PODE / PL / DC / NOVO / FEDERAÇÃO UNIÃO PROGRESSISTA (44-UNIÃO / 11-PP)
2026;RJ;VICE-GOVERNADOR;MOBILIZA;#NULO;PL / MOBILIZA / AGIR / AVANTE
2026;RR;1º SUPLENTE;AGIR;#NULO;REPUBLICANOS / PODE / AGIR / PSD / FEDERAÇÃO UNIÃO PROGRESSISTA (44-UNIÃO / 11-PP)
2026;MG;SENADOR;PCDOB;13-PT/65-PC do B/43-PV;PSB / FEDERAÇÃO BRASIL DA ESPERANÇA - FE BRASIL (13-PT / 65-PC do B / 43-PV) / FEDERAÇÃO PSOL REDE (50-PSOL / 18-REDE)
2026;MT;SENADOR;SOLIDARIEDADE;25-PRD/77-SOLIDARIEDADE;MDB / PL / NOVO / FEDERAÇÃO RENOVAÇÃO SOLIDÁRIA (25-PRD / 77-SOLIDARIEDADE)
2026;AM;1º SUPLENTE;PT;13-PT/65-PC do B/43-PV;REPUBLICANOS / MDB / PSD / FEDERAÇÃO BRASIL DA ESPERANÇA - FE BRASIL (13-PT / 65-PC do B / 43-PV)
2026;PB;GOVERNADOR;MOBILIZA;#NULO;PODE / MOBILIZA / FEDERAÇÃO BRASIL DA ESPERANÇA - FE BRASIL (13-PT / 65-PC do B / 43-PV) / AGIR / FEDERAÇÃO RENOVAÇÃO SOLIDÁRIA (25-PRD / 77-SOLIDARIEDADE) / FEDERAÇÃO UNIÃO PROGRESSISTA (44-UNIÃO / 11-PP) / REPUBLICANOS / PSB
2026;PI;DEPUTADO ESTADUAL;UNIÃO;44-UNIÃO/11-PP;FEDERAÇÃO UNIÃO PROGRESSISTA (44-UNIÃO / 11-PP)
2026;SP;GOVERNADOR;PSOL;50-PSOL/18-REDE;PDT / PSB / FEDERAÇÃO BRASIL DA ESPERANÇA - FE BRASIL (13-PT / 65-PC do B / 43-PV) / FEDERAÇÃO PSOL REDE (50-PSOL / 18-REDE)
2026;MA;SENADOR;SOLIDARIEDADE;25-PRD/77-SOLIDARIEDADE;REPUBLICANOS / PDT / MDB / PODE / FEDERAÇÃO RENOVAÇÃO SOLIDÁRIA (25-PRD / 77-SOLIDARIEDADE)
2026;MA;GOVERNADOR;PDT;#NULO;MDB / PDT / REPUBLICANOS / PODE / FEDERAÇÃO RENOVAÇÃO SOLIDÁRIA (25-PRD / 77-SOLIDARIEDADE)
2026;MS;1º SUPLENTE;CIDADANIA;45-PSDB/23-CIDADANIA;PL / FEDERAÇÃO UNIÃO PROGRESSISTA (44-UNIÃO / 11-PP) / REPUBLICANOS / FEDERAÇÃO PSDB CIDADANIA (45-PSDB / 23-CIDADANIA) / PSD / MDB / PODE / AVANTE
2026;RJ;VICE-GOVERNADOR;REPUBLICANOS;#NULO;REPUBLICANOS / DEMOCRATA
2026;AM;DEPUTADO FEDERAL;PSTU;#NULO;PSTU
2026;RJ;2º SUPLENTE;MDB;#NULO;PDT / MDB / DC / FEDERAÇÃO BRASIL DA ESPERANÇA - FE BRASIL (13-PT / 65-PC do B / 43-PV) / PSB / PSD / FEDERAÇÃO PSDB CIDADANIA (45-PSDB / 23-CIDADANIA) / FEDERAÇÃO RENOVAÇÃO SOLIDÁRIA (25-PRD / 77-SOLIDARIEDADE)
2026;AC;DEPUTADO ESTADUAL;MDB;#NULO;MDB
2026;AC;DEPUTADO ESTADUAL;PSD;#NULO;PSD
2026;AM;GOVERNADOR;PT;13-PT/65-PC do B/43-PV;REPUBLICANOS / MDB / PSD / FEDERAÇÃO BRASIL DA ESPERANÇA - FE BRASIL (13-PT / 65-PC do B / 43-PV)
2026;AM;GOVERNADOR;REPUBLICANOS;#NULO;REPUBLICANOS / MDB / PSD / FEDERAÇÃO BRASIL DA ESPERANÇA - FE BRASIL (13-PT / 65-PC do B / 43-PV)
2026;SP;SENADOR;PRD;25-PRD/77-SOLIDARIEDADE;FEDERAÇÃO UNIÃO PROGRESSISTA (44-UNIÃO / 11-PP) / REPUBLICANOS / PL / MDB / DEMOCRATA / PSD / FEDERAÇÃO RENOVAÇÃO SOLIDÁRIA (25-PRD / 77-SOLIDARIEDADE) / AVANTE
2026;SE;2º SUPLENTE;PSOL;50-PSOL/18-REDE;FEDERAÇÃO PSOL REDE (50-PSOL / 18-REDE)
2026;CE;SENADOR;PV;13-PT/65-PC do B/43-PV;PDT / PODE / PSB / PSD / FEDERAÇÃO BRASIL DA ESPERANÇA - FE BRASIL (13-PT / 65-PC do B / 43-PV) / FEDERAÇÃO PSOL REDE (50-PSOL / 18-REDE) / FEDERAÇÃO RENOVAÇÃO SOLIDÁRIA (25-PRD / 77-SOLIDARIEDADE) / REPUBLICANOS / MDB / MOBILIZA
2026;PI;SENADOR;NOVO;#NULO;NOVO / AVANTE
2026;MS;GOVERNADOR;UNIÃO;44-UNIÃO/11-PP;FEDERAÇÃO UNIÃO PROGRESSISTA (44-UNIÃO / 11-PP) / PL / FEDERAÇÃO PSDB CIDADANIA (45-PSDB / 23-CIDADANIA) / PODE / AVANTE / REPUBLICANOS / PSD / MDB
2026;SP;VICE-GOVERNADOR;PP;44-UNIÃO/11-PP;REPUBLICANOS / PL / MDB / DEMOCRATA / AVANTE / PSD / FEDERAÇÃO RENOVAÇÃO SOLIDÁRIA (25-PRD / 77-SOLIDARIEDADE) / FEDERAÇÃO UNIÃO PROGRESSISTA (44-UNIÃO / 11-PP)
2026;BA;SENADOR;PSDB;45-PSDB/23-CIDADANIA;REPUBLICANOS / PODE / PL / FEDERAÇÃO PSDB CIDADANIA (45-PSDB / 23-CIDADANIA) / FEDERAÇÃO UNIÃO PROGRESSISTA (44-UNIÃO / 11-PP) / FEDERAÇÃO RENOVAÇÃO SOLIDÁRIA (25-PRD / 77-SOLIDARIEDADE) / NOVO
2026;PE;VICE-GOVERNADOR;MISSÃO;#NULO;MISSÃO
2026;MG;GOVERNADOR;PSD;#NULO;PSD / FEDERAÇÃO UNIÃO PROGRESSISTA (44-UNIÃO / 11-PP) / NOVO / AVANTE / FEDERAÇÃO RENOVAÇÃO SOLIDÁRIA (25-PRD / 77-SOLIDARIEDADE) / MOBILIZA / DC / AGIR
2026;PA;GOVERNADOR;PSDB;45-PSDB/23-CIDADANIA;REPUBLICANOS / MDB / PSB / PSD / AVANTE / FEDERAÇÃO PSDB CIDADANIA (45-PSDB / 23-CIDADANIA) / FEDERAÇÃO BRASIL DA ESPERANÇA - FE BRASIL (13-PT / 65-PC do B / 43-PV) / FEDERAÇÃO UNIÃO PROGRESSISTA (44-UNIÃO / 11-PP)
2026;SC;SENADOR;PV;13-PT/65-PC do B/43-PV;PDT / PSB / FEDERAÇÃO BRASIL DA ESPERANÇA - FE BRASIL (13-PT / 65-PC do B / 43-PV) / FEDERAÇÃO PSOL REDE (50-PSOL / 18-REDE)
2026;PB;SENADOR;PCDOB;13-PT/65-PC do B/43-PV;REPUBLICANOS / PODE / MOBILIZA / AGIR / PSB / FEDERAÇÃO BRASIL DA ESPERANÇA - FE BRASIL (13-PT / 65-PC do B / 43-PV) / FEDERAÇÃO RENOVAÇÃO SOLIDÁRIA (25-PRD / 77-SOLIDARIEDADE) / FEDERAÇÃO UNIÃO PROGRESSISTA (44-UNIÃO / 11-PP)
2026;PE;SENADOR;PT;13-PT/65-PC do B/43-PV;REPUBLICANOS / PDT / MDB / DC / PSB / FEDERAÇÃO BRASIL DA ESPERANÇA - FE BRASIL (13-PT / 65-PC do B / 43-PV) / FEDERAÇÃO RENOVAÇÃO SOLIDÁRIA (25-PRD / 77-SOLIDARIEDADE)
2026;SP;1º SUPLENTE;MDB;#NULO;FEDERAÇÃO UNIÃO PROGRESSISTA (44-UNIÃO / 11-PP) / REPUBLICANOS / PL / MDB / DEMOCRATA / PSD / FEDERAÇÃO RENOVAÇÃO SOLIDÁRIA (25-PRD / 77-SOLIDARIEDADE) / AVANTE
2026;MA;1º SUPLENTE;SOLIDARIEDADE;25-PRD/77-SOLIDARIEDADE;REPUBLICANOS / PDT / MDB / PODE / FEDERAÇÃO RENOVAÇÃO SOLIDÁRIA (25-PRD / 77-SOLIDARIEDADE)
2026;RJ;VICE-GOVERNADOR;CIDADANIA;45-PSDB/23-CIDADANIA;PDT / MDB / DC / PSB / PSD / FEDERAÇÃO PSDB CIDADANIA (45-PSDB / 23-CIDADANIA) / FEDERAÇÃO BRASIL DA ESPERANÇA - FE BRASIL (13-PT / 65-PC do B / 43-PV) / FEDERAÇÃO RENOVAÇÃO SOLIDÁRIA (25-PRD / 77-SOLIDARIEDADE)
2026;SC;DEPUTADO FEDERAL;NOVO;#NULO;NOVO
2026;RO;VICE-GOVERNADOR;NOVO;#NULO;PODE / PL / DC / NOVO / MOBILIZA
2026;PE;1º SUPLENTE;PSD;#NULO;PODE / PSD / AVANTE / FEDERAÇÃO PSDB CIDADANIA (45-PSDB / 23-CIDADANIA) / FEDERAÇÃO UNIÃO PROGRESSISTA (44-UNIÃO / 11-PP)
2026;PE;1º SUPLENTE;SOLIDARIEDADE;25-PRD/77-SOLIDARIEDADE;REPUBLICANOS / PDT / MDB / DC / PSB / FEDERAÇÃO BRASIL DA ESPERANÇA - FE BRASIL (13-PT / 65-PC do B / 43-PV) / FEDERAÇÃO RENOVAÇÃO SOLIDÁRIA (25-PRD / 77-SOLIDARIEDADE)
2026;RO;DEPUTADO FEDERAL;MOBILIZA;#NULO;MOBILIZA
2026;RS;DEPUTADO FEDERAL;PDT;#NULO;PDT
2026;RJ;VICE-GOVERNADOR;PCDOB;13-PT/65-PC do B/43-PV;PDT / MDB / DC / PSB / PSD / FEDERAÇÃO PSDB CIDADANIA (45-PSDB / 23-CIDADANIA) / FEDERAÇÃO BRASIL DA ESPERANÇA - FE BRASIL (13-PT / 65-PC do B / 43-PV) / FEDERAÇÃO RENOVAÇÃO SOLIDÁRIA (25-PRD / 77-SOLIDARIEDADE)
2026;PA;GOVERNADOR;PL;#NULO;PODE / PL / DC / NOVO / FEDERAÇÃO RENOVAÇÃO SOLIDÁRIA (25-PRD / 77-SOLIDARIEDADE)
2026;PR;1º SUPLENTE;PSDB;45-PSDB/23-CIDADANIA;REPUBLICANOS / MDB / DEMOCRATA / PSD / AVANTE / FEDERAÇÃO PSDB CIDADANIA (45-PSDB / 23-CIDADANIA) / FEDERAÇÃO UNIÃO PROGRESSISTA (44-UNIÃO / 11-PP)
2026;DF;VICE-GOVERNADOR;PT;13-PT/65-PC do B/43-PV;PDT / FEDERAÇÃO BRASIL DA ESPERANÇA - FE BRASIL (13-PT / 65-PC do B / 43-PV) / FEDERAÇÃO PSOL REDE (50-PSOL / 18-REDE)
2026;MA;VICE-GOVERNADOR;PCDOB;13-PT/65-PC do B/43-PV;FEDERAÇÃO BRASIL DA ESPERANÇA - FE BRASIL (13-PT / 65-PC do B / 43-PV) / PSB / FEDERAÇÃO PSOL REDE (50-PSOL / 18-REDE)
2026;SP;2º SUPLENTE;PRD;25-PRD/77-SOLIDARIEDADE;FEDERAÇÃO UNIÃO PROGRESSISTA (44-UNIÃO / 11-PP) / REPUBLICANOS / PL / MDB / DEMOCRATA / PSD / FEDERAÇÃO RENOVAÇÃO SOLIDÁRIA (25-PRD / 77-SOLIDARIEDADE) / AVANTE
2026;MS;2º SUPLENTE;CIDADANIA;45-PSDB/23-CIDADANIA;PL / FEDERAÇÃO UNIÃO PROGRESSISTA (44-UNIÃO / 11-PP) / REPUBLICANOS / FEDERAÇÃO PSDB CIDADANIA (45-PSDB / 23-CIDADANIA) / PSD / MDB / PODE / AVANTE
2026;ES;VICE-GOVERNADOR;CIDADANIA;45-PSDB/23-CIDADANIA;PODE / MDB / AGIR / PSB / PDT / FEDERAÇÃO PSDB CIDADANIA (45-PSDB / 23-CIDADANIA) / FEDERAÇÃO UNIÃO PROGRESSISTA (44-UNIÃO / 11-PP)
2026;AC;DEPUTADO FEDERAL;SOLIDARIEDADE;25-PRD/77-SOLIDARIEDADE;FEDERAÇÃO RENOVAÇÃO SOLIDÁRIA (25-PRD / 77-SOLIDARIEDADE)
2026;DF;1º SUPLENTE;NOVO;#NULO;NOVO
2026;DF;DEPUTADO FEDERAL;SOLIDARIEDADE;25-PRD/77-SOLIDARIEDADE;FEDERAÇÃO RENOVAÇÃO SOLIDÁRIA (25-PRD / 77-SOLIDARIEDADE)
2026;MA;VICE-GOVERNADOR;PCO;#NULO;PCO
2026;PA;DEPUTADO ESTADUAL;PSOL;50-PSOL/18-REDE;FEDERAÇÃO PSOL REDE (50-PSOL / 18-REDE)
2026;TO;DEPUTADO ESTADUAL;PT;13-PT/65-PC do B/43-PV;FEDERAÇÃO BRASIL DA ESPERANÇA - FE BRASIL (13-PT / 65-PC do B / 43-PV)
2026;RO;2º SUPLENTE;PCDOB;13-PT/65-PC do B/43-PV;FEDERAÇÃO BRASIL DA ESPERANÇA - FE BRASIL (13-PT / 65-PC do B / 43-PV)
2026;PE;SENADOR;DEMOCRATA;#NULO;DEMOCRATA
2026;MA;2º SUPLENTE;DC;#NULO;DC
2026;AL;1º SUPLENTE;PV;13-PT/65-PC do B/43-PV;MDB / PODE / AGIR / PSB / PSD / AVANTE / FEDERAÇÃO BRASIL DA ESPERANÇA - FE BRASIL (13-PT / 65-PC do B / 43-PV)
2026;PB;VICE-GOVERNADOR;PSB;#NULO;PODE / MOBILIZA / FEDERAÇÃO BRASIL DA ESPERANÇA - FE BRASIL (13-PT / 65-PC do B / 43-PV) / AGIR / FEDERAÇÃO RENOVAÇÃO SOLIDÁRIA (25-PRD / 77-SOLIDARIEDADE) / FEDERAÇÃO UNIÃO PROGRESSISTA (44-UNIÃO / 11-PP) / REPUBLICANOS / PSB
2026;MG;DEPUTADO ESTADUAL;CIDADANIA;45-PSDB/23-CIDADANIA;FEDERAÇÃO PSDB CIDADANIA (45-PSDB / 23-CIDADANIA)
2026;RS;DEPUTADO FEDERAL;DC;#NULO;DC
2026;RR;2º SUPLENTE;PT;13-PT/65-PC do B/43-PV;FEDERAÇÃO BRASIL DA ESPERANÇA - FE BRASIL (13-PT / 65-PC do B / 43-PV)
2026;PA;DEPUTADO ESTADUAL;NOVO;#NULO;NOVO
2026;PR;DEPUTADO ESTADUAL;SOLIDARIEDADE;25-PRD/77-SOLIDARIEDADE;FEDERAÇÃO RENOVAÇÃO SOLIDÁRIA (25-PRD / 77-SOLIDARIEDADE)
2026;MT;DEPUTADO FEDERAL;REPUBLICANOS;#NULO;REPUBLICANOS
2026;TO;DEPUTADO ESTADUAL;DC;#NULO;DC
2026;CE;DEPUTADO FEDERAL;SOLIDARIEDADE;25-PRD/77-SOLIDARIEDADE;FEDERAÇÃO RENOVAÇÃO SOLIDÁRIA (25-PRD / 77-SOLIDARIEDADE)
2026;SE;DEPUTADO ESTADUAL;UP;#NULO;UP
2026;GO;DEPUTADO ESTADUAL;MDB;#NULO;MDB
2026;PB;DEPUTADO ESTADUAL;REDE;50-PSOL/18-REDE;FEDERAÇÃO PSOL REDE (50-PSOL / 18-REDE)
2026;SC;2º SUPLENTE;MISSÃO;#NULO;MISSÃO
2026;GO;1º SUPLENTE;UP;#NULO;UP
2026;PI;2º SUPLENTE;AVANTE;#NULO;AVANTE
2026;PI;VICE-GOVERNADOR;UNIÃO;44-UNIÃO/11-PP;PODE / FEDERAÇÃO RENOVAÇÃO SOLIDÁRIA (25-PRD / 77-SOLIDARIEDADE) / FEDERAÇÃO UNIÃO PROGRESSISTA (44-UNIÃO / 11-PP) / PL
2026;SE;SENADOR;PSB;#NULO;PSB / PSD / FEDERAÇÃO BRASIL DA ESPERANÇA - FE BRASIL (13-PT / 65-PC do B / 43-PV) / FEDERAÇÃO UNIÃO PROGRESSISTA (44-UNIÃO / 11-PP)
2026;RN;SENADOR;MOBILIZA;#NULO;PODE / PL / NOVO / FEDERAÇÃO PSDB CIDADANIA (45-PSDB / 23-CIDADANIA) / MOBILIZA
2026;MG;SENADOR;PSTU;#NULO;PSTU
2026;BA;DEPUTADO FEDERAL;REDE;50-PSOL/18-REDE;FEDERAÇÃO PSOL REDE (50-PSOL / 18-REDE)
2026;RJ;1º SUPLENTE;PRTB;#NULO;PRTB
2026;PB;1º SUPLENTE;PRD;25-PRD/77-SOLIDARIEDADE;REPUBLICANOS / PODE / MOBILIZA / AGIR / PSB / FEDERAÇÃO BRASIL DA ESPERANÇA - FE BRASIL (13-PT / 65-PC do B / 43-PV) / FEDERAÇÃO RENOVAÇÃO SOLIDÁRIA (25-PRD / 77-SOLIDARIEDADE) / FEDERAÇÃO UNIÃO PROGRESSISTA (44-UNIÃO / 11-PP)
2026;SC;GOVERNADOR;UNIÃO;44-UNIÃO/11-PP;MDB / PSD / FEDERAÇÃO UNIÃO PROGRESSISTA (44-UNIÃO / 11-PP)
2026;AC;GOVERNADOR;PL;#NULO;PDT / MDB / PL / DEMOCRATA / FEDERAÇÃO UNIÃO PROGRESSISTA (44-UNIÃO / 11-PP)
2026;PE;GOVERNADOR;PODE;#NULO;PODE / PSD / AVANTE / FEDERAÇÃO PSDB CIDADANIA (45-PSDB / 23-CIDADANIA) / FEDERAÇÃO UNIÃO PROGRESSISTA (44-UNIÃO / 11-PP)
2026;AC;GOVERNADOR;MDB;#NULO;PDT / MDB / PL / DEMOCRATA / FEDERAÇÃO UNIÃO PROGRESSISTA (44-UNIÃO / 11-PP)
2026;BA;2º SUPLENTE;CIDADANIA;45-PSDB/23-CIDADANIA;REPUBLICANOS / PODE / PL / FEDERAÇÃO PSDB CIDADANIA (45-PSDB / 23-CIDADANIA) / FEDERAÇÃO UNIÃO PROGRESSISTA (44-UNIÃO / 11-PP) / FEDERAÇÃO RENOVAÇÃO SOLIDÁRIA (25-PRD / 77-SOLIDARIEDADE) / NOVO
2026;RJ;GOVERNADOR;PDT;#NULO;PDT / MDB / DC / PSB / PSD / FEDERAÇÃO PSDB CIDADANIA (45-PSDB / 23-CIDADANIA) / FEDERAÇÃO BRASIL DA ESPERANÇA - FE BRASIL (13-PT / 65-PC do B / 43-PV) / FEDERAÇÃO RENOVAÇÃO SOLIDÁRIA (25-PRD / 77-SOLIDARIEDADE)
2026;PR;DEPUTADO ESTADUAL;PSOL;50-PSOL/18-REDE;FEDERAÇÃO PSOL REDE (50-PSOL / 18-REDE)
2026;MT;DEPUTADO ESTADUAL;PCDOB;13-PT/65-PC do B/43-PV;FEDERAÇÃO BRASIL DA ESPERANÇA - FE BRASIL (13-PT / 65-PC do B / 43-PV)
2026;MS;GOVERNADOR;PP;44-UNIÃO/11-PP;FEDERAÇÃO UNIÃO PROGRESSISTA (44-UNIÃO / 11-PP) / PL / FEDERAÇÃO PSDB CIDADANIA (45-PSDB / 23-CIDADANIA) / PODE / AVANTE / REPUBLICANOS / PSD / MDB
2026;TO;GOVERNADOR;CIDADANIA;45-PSDB/23-CIDADANIA;MDB / FEDERAÇÃO PSDB CIDADANIA (45-PSDB / 23-CIDADANIA)
2026;PB;SENADOR;MOBILIZA;#NULO;REPUBLICANOS / PODE / MOBILIZA / AGIR / PSB / FEDERAÇÃO BRASIL DA ESPERANÇA - FE BRASIL (13-PT / 65-PC do B / 43-PV) / FEDERAÇÃO RENOVAÇÃO SOLIDÁRIA (25-PRD / 77-SOLIDARIEDADE) / FEDERAÇÃO UNIÃO PROGRESSISTA (44-UNIÃO / 11-PP)
2026;MS;SENADOR;UNIÃO;44-UNIÃO/11-PP;PL / FEDERAÇÃO UNIÃO PROGRESSISTA (44-UNIÃO / 11-PP) / REPUBLICANOS / FEDERAÇÃO PSDB CIDADANIA (45-PSDB / 23-CIDADANIA) / PSD / MDB / PODE / AVANTE
2026;PR;SENADOR;SOLIDARIEDADE;25-PRD/77-SOLIDARIEDADE;PDT / FEDERAÇÃO BRASIL DA ESPERANÇA - FE BRASIL (13-PT / 65-PC do B / 43-PV) / FEDERAÇÃO PSOL REDE (50-PSOL / 18-REDE) / FEDERAÇÃO RENOVAÇÃO SOLIDÁRIA (25-PRD / 77-SOLIDARIEDADE)
2026;SC;VICE-GOVERNADOR;PODE;#NULO;AVANTE / AGIR / DC / FEDERAÇÃO PSDB CIDADANIA (45-PSDB / 23-CIDADANIA) / NOVO / REPUBLICANOS / PODE / PL
2026;BR;VICE-PRESIDENTE;AVANTE;#NULO;AGIR / AVANTE
2026;GO;SENADOR;PSOL;50-PSOL/18-REDE;PDT / PSB / FEDERAÇÃO BRASIL DA ESPERANÇA - FE BRASIL (13-PT / 65-PC do B / 43-PV) / FEDERAÇÃO PSOL REDE (50-PSOL / 18-REDE)
2026;RN;1º SUPLENTE;REPUBLICANOS;#NULO;REPUBLICANOS / MDB / PSD / FEDERAÇÃO RENOVAÇÃO SOLIDÁRIA (25-PRD / 77-SOLIDARIEDADE) / FEDERAÇÃO UNIÃO PROGRESSISTA (44-UNIÃO / 11-PP) / AVANTE
2026;AC;1º SUPLENTE;PSDB;45-PSDB/23-CIDADANIA;FEDERAÇÃO PSDB CIDADANIA (45-PSDB / 23-CIDADANIA) / FEDERAÇÃO RENOVAÇÃO SOLIDÁRIA (25-PRD / 77-SOLIDARIEDADE)
2026;PR;DEPUTADO FEDERAL;PSB;#NULO;PSB
2026;ES;DEPUTADO ESTADUAL;DC;#NULO;DC
2026;RN;SENADOR;AGIR;#NULO;AGIR
2026;ES;DEPUTADO ESTADUAL;PL;#NULO;PL
2026;SC;2º SUPLENTE;PSDB;45-PSDB/23-CIDADANIA;REPUBLICANOS / PODE / PL / DC / NOVO / AGIR / AVANTE / FEDERAÇÃO PSDB CIDADANIA (45-PSDB / 23-CIDADANIA)
2026;MG;GOVERNADOR;PSDB;45-PSDB/23-CIDADANIA;PDT / FEDERAÇÃO PSDB CIDADANIA (45-PSDB / 23-CIDADANIA)
2026;DF;DEPUTADO DISTRITAL;AVANTE;#NULO;AVANTE
2026;PA;SENADOR;PT;13-PT/65-PC do B/43-PV;PSD / FEDERAÇÃO UNIÃO PROGRESSISTA (44-UNIÃO / 11-PP) / PSB / REPUBLICANOS / FEDERAÇÃO BRASIL DA ESPERANÇA - FE BRASIL (13-PT / 65-PC do B / 43-PV) / FEDERAÇÃO PSDB CIDADANIA (45-PSDB / 23-CIDADANIA) / MDB / AVANTE
2026;RS;2º SUPLENTE;PL;#NULO;REPUBLICANOS / PODE / DC / NOVO / PL / FEDERAÇÃO UNIÃO PROGRESSISTA (44-UNIÃO / 11-PP)
2026;PR;2º SUPLENTE;PSOL;50-PSOL/18-REDE;PDT / FEDERAÇÃO BRASIL DA ESPERANÇA - FE BRASIL (13-PT / 65-PC do B / 43-PV) / FEDERAÇÃO PSOL REDE (50-PSOL / 18-REDE) / FEDERAÇÃO RENOVAÇÃO SOLIDÁRIA (25-PRD / 77-SOLIDARIEDADE)
2026;ES;2º SUPLENTE;PV;13-PT/65-PC do B/43-PV;FEDERAÇÃO BRASIL DA ESPERANÇA - FE BRASIL (13-PT / 65-PC do B / 43-PV)
2026;BA;GOVERNADOR;PCDOB;13-PT/65-PC do B/43-PV;PDT / MDB / PSB / PSD / AVANTE / FEDERAÇÃO BRASIL DA ESPERANÇA - FE BRASIL (13-PT / 65-PC do B / 43-PV)
2026;RS;GOVERNADOR;PRD;25-PRD/77-SOLIDARIEDADE;MDB / PSD / FEDERAÇÃO RENOVAÇÃO SOLIDÁRIA (25-PRD / 77-SOLIDARIEDADE)
2026;RS;SENADOR;PRD;25-PRD/77-SOLIDARIEDADE;MDB / PSD / FEDERAÇÃO RENOVAÇÃO SOLIDÁRIA (25-PRD / 77-SOLIDARIEDADE)
2026;RN;2º SUPLENTE;SOLIDARIEDADE;25-PRD/77-SOLIDARIEDADE;REPUBLICANOS / MDB / PSD / FEDERAÇÃO RENOVAÇÃO SOLIDÁRIA (25-PRD / 77-SOLIDARIEDADE) / FEDERAÇÃO UNIÃO PROGRESSISTA (44-UNIÃO / 11-PP) / AVANTE
2026;BA;DEPUTADO ESTADUAL;PCDOB;13-PT/65-PC do B/43-PV;FEDERAÇÃO BRASIL DA ESPERANÇA - FE BRASIL (13-PT / 65-PC do B / 43-PV)
2026;CE;DEPUTADO FEDERAL;PSB;#NULO;PSB
2026;DF;DEPUTADO DISTRITAL;REDE;50-PSOL/18-REDE;FEDERAÇÃO PSOL REDE (50-PSOL / 18-REDE)
2026;SP;DEPUTADO ESTADUAL;PL;#NULO;PL
2026;MS;DEPUTADO FEDERAL;REDE;50-PSOL/18-REDE;FEDERAÇÃO PSOL REDE (50-PSOL / 18-REDE)
2026;PB;DEPUTADO FEDERAL;MISSÃO;#NULO;MISSÃO
2026;PE;DEPUTADO ESTADUAL;PP;44-UNIÃO/11-PP;FEDERAÇÃO UNIÃO PROGRESSISTA (44-UNIÃO / 11-PP)
2026;GO;VICE-GOVERNADOR;UP;#NULO;UP
2026;TO;1º SUPLENTE;PP;44-UNIÃO/11-PP;FEDERAÇÃO UNIÃO PROGRESSISTA (44-UNIÃO / 11-PP)
2026;PA;DEPUTADO FEDERAL;MOBILIZA;#NULO;MOBILIZA
2026;GO;GOVERNADOR;CIDADANIA;45-PSDB/23-CIDADANIA;DC / FEDERAÇÃO PSDB CIDADANIA (45-PSDB / 23-CIDADANIA)
2026;ES;1º SUPLENTE;DEMOCRATA;#NULO;REPUBLICANOS / PL / DEMOCRATA
2026;DF;DEPUTADO DISTRITAL;REPUBLICANOS;#NULO;REPUBLICANOS
2026;MG;DEPUTADO ESTADUAL;MISSÃO;#NULO;MISSÃO
2026;RJ;DEPUTADO FEDERAL;UP;#NULO;UP
2026;ES;DEPUTADO ESTADUAL;REPUBLICANOS;#NULO;REPUBLICANOS
2026;GO;DEPUTADO FEDERAL;SOLIDARIEDADE;25-PRD/77-SOLIDARIEDADE;FEDERAÇÃO RENOVAÇÃO SOLIDÁRIA (25-PRD / 77-SOLIDARIEDADE)
2026;PR;2º SUPLENTE;PDT;#NULO;PDT / FEDERAÇÃO BRASIL DA ESPERANÇA - FE BRASIL (13-PT / 65-PC do B / 43-PV) / FEDERAÇÃO PSOL REDE (50-PSOL / 18-REDE) / FEDERAÇÃO RENOVAÇÃO SOLIDÁRIA (25-PRD / 77-SOLIDARIEDADE)
2026;SE;DEPUTADO FEDERAL;PSDB;45-PSDB/23-CIDADANIA;FEDERAÇÃO PSDB CIDADANIA (45-PSDB / 23-CIDADANIA)
2026;ES;1º SUPLENTE;PT;13-PT/65-PC do B/43-PV;FEDERAÇÃO BRASIL DA ESPERANÇA - FE BRASIL (13-PT / 65-PC do B / 43-PV)
2026;MS;GOVERNADOR;CIDADANIA;45-PSDB/23-CIDADANIA;FEDERAÇÃO UNIÃO PROGRESSISTA (44-UNIÃO / 11-PP) / PL / FEDERAÇÃO PSDB CIDADANIA (45-PSDB / 23-CIDADANIA) / PODE / AVANTE / REPUBLICANOS / PSD / MDB
2026;CE;GOVERNADOR;DC;#NULO;PL / FEDERAÇÃO PSDB CIDADANIA (45-PSDB / 23-CIDADANIA) / FEDERAÇÃO UNIÃO PROGRESSISTA (44-UNIÃO / 11-PP) / DC / AVANTE
2026;PB;1º SUPLENTE;PT;13-PT/65-PC do B/43-PV;REPUBLICANOS / PODE / MOBILIZA / AGIR / PSB / FEDERAÇÃO BRASIL DA ESPERANÇA - FE BRASIL (13-PT / 65-PC do B / 43-PV) / FEDERAÇÃO RENOVAÇÃO SOLIDÁRIA (25-PRD / 77-SOLIDARIEDADE) / FEDERAÇÃO UNIÃO PROGRESSISTA (44-UNIÃO / 11-PP)
2026;GO;VICE-GOVERNADOR;PODE;#NULO;REPUBLICANOS / MDB / PODE / MOBILIZA / DEMOCRATA / AGIR / PSD / AVANTE / FEDERAÇÃO RENOVAÇÃO SOLIDÁRIA (25-PRD / 77-SOLIDARIEDADE) / FEDERAÇÃO UNIÃO PROGRESSISTA (44-UNIÃO / 11-PP)
2026;AM;VICE-GOVERNADOR;PSD;#NULO;REPUBLICANOS / MDB / PSD / FEDERAÇÃO BRASIL DA ESPERANÇA - FE BRASIL (13-PT / 65-PC do B / 43-PV)
2026;MA;DEPUTADO FEDERAL;SOLIDARIEDADE;25-PRD/77-SOLIDARIEDADE;FEDERAÇÃO RENOVAÇÃO SOLIDÁRIA (25-PRD / 77-SOLIDARIEDADE)
2026;MS;DEPUTADO ESTADUAL;REDE;50-PSOL/18-REDE;FEDERAÇÃO PSOL REDE (50-PSOL / 18-REDE)
2026;CE;DEPUTADO FEDERAL;PT;13-PT/65-PC do B/43-PV;FEDERAÇÃO BRASIL DA ESPERANÇA - FE BRASIL (13-PT / 65-PC do B / 43-PV)
2026;RN;DEPUTADO ESTADUAL;UNIÃO;44-UNIÃO/11-PP;FEDERAÇÃO UNIÃO PROGRESSISTA (44-UNIÃO / 11-PP)
2026;PA;2º SUPLENTE;PODE;#NULO;PODE
2026;RJ;VICE-GOVERNADOR;REDE;50-PSOL/18-REDE;FEDERAÇÃO PSOL REDE (50-PSOL / 18-REDE)
2026;AL;SENADOR;PSB;#NULO;MDB / PODE / AGIR / PSB / PSD / AVANTE / FEDERAÇÃO BRASIL DA ESPERANÇA - FE BRASIL (13-PT / 65-PC do B / 43-PV)
2026;SE;GOVERNADOR;PT;13-PT/65-PC do B/43-PV;PSB / PSD / FEDERAÇÃO UNIÃO PROGRESSISTA (44-UNIÃO / 11-PP) / FEDERAÇÃO BRASIL DA ESPERANÇA - FE BRASIL (13-PT / 65-PC do B / 43-PV)
2026;DF;DEPUTADO FEDERAL;CIDADANIA;45-PSDB/23-CIDADANIA;FEDERAÇÃO PSDB CIDADANIA (45-PSDB / 23-CIDADANIA)
2026;MA;DEPUTADO FEDERAL;UP;#NULO;UP
2026;PR;DEPUTADO FEDERAL;UP;#NULO;UP
2026;RS;GOVERNADOR;CIDADANIA;45-PSDB/23-CIDADANIA;FEDERAÇÃO PSDB CIDADANIA (45-PSDB / 23-CIDADANIA)
2026;TO;DEPUTADO ESTADUAL;UNIÃO;44-UNIÃO/11-PP;FEDERAÇÃO UNIÃO PROGRESSISTA (44-UNIÃO / 11-PP)
2026;RJ;GOVERNADOR;PL;#NULO;PL / MOBILIZA / AGIR / AVANTE
2026;PA;1º SUPLENTE;PSDB;45-PSDB/23-CIDADANIA;PSD / FEDERAÇÃO UNIÃO PROGRESSISTA (44-UNIÃO / 11-PP) / PSB / REPUBLICANOS / FEDERAÇÃO BRASIL DA ESPERANÇA - FE BRASIL (13-PT / 65-PC do B / 43-PV) / FEDERAÇÃO PSDB CIDADANIA (45-PSDB / 23-CIDADANIA) / MDB / AVANTE
2026;PI;1º SUPLENTE;PCDOB;13-PT/65-PC do B/43-PV;REPUBLICANOS / PDT / MDB / PSD / FEDERAÇÃO BRASIL DA ESPERANÇA - FE BRASIL (13-PT / 65-PC do B / 43-PV)
2026;AC;SENADOR;REPUBLICANOS;#NULO;REPUBLICANOS / PSD / AVANTE / NOVO
2026;PB;VICE-GOVERNADOR;MDB;#NULO;MDB / DEMOCRATA / PSD / FEDERAÇÃO PSDB CIDADANIA (45-PSDB / 23-CIDADANIA) / PDT
2026;BA;DEPUTADO FEDERAL;PDT;#NULO;PDT
2026;AL;DEPUTADO ESTADUAL;UP;#NULO;UP
2026;SC;VICE-GOVERNADOR;SOLIDARIEDADE;25-PRD/77-SOLIDARIEDADE;FEDERAÇÃO RENOVAÇÃO SOLIDÁRIA (25-PRD / 77-SOLIDARIEDADE)
2026;RN;2º SUPLENTE;PL;#NULO;PODE / PL / NOVO / FEDERAÇÃO PSDB CIDADANIA (45-PSDB / 23-CIDADANIA) / MOBILIZA
2026;AP;1º SUPLENTE;AGIR;#NULO;REPUBLICANOS / PDT / AGIR / FEDERAÇÃO UNIÃO PROGRESSISTA (44-UNIÃO / 11-PP) / FEDERAÇÃO PSDB CIDADANIA (45-PSDB / 23-CIDADANIA) / FEDERAÇÃO BRASIL DA ESPERANÇA - FE BRASIL (13-PT / 65-PC do B / 43-PV) / FEDERAÇÃO RENOVAÇÃO SOLIDÁRIA (25-PRD / 77-SOLIDARIEDADE)
2026;MS;1º SUPLENTE;PCDOB;13-PT/65-PC do B/43-PV;PDT / PSB / FEDERAÇÃO BRASIL DA ESPERANÇA - FE BRASIL (13-PT / 65-PC do B / 43-PV)
2026;MA;DEPUTADO FEDERAL;CIDADANIA;45-PSDB/23-CIDADANIA;FEDERAÇÃO PSDB CIDADANIA (45-PSDB / 23-CIDADANIA)
2026;BR;VICE-PRESIDENTE;REDE;50-PSOL/18-REDE;PSB / PDT / FEDERAÇÃO BRASIL DA ESPERANÇA - FE BRASIL (13-PT / 65-PC do B / 43-PV) / FEDERAÇÃO PSOL REDE (50-PSOL / 18-REDE)
2026;ES;VICE-GOVERNADOR;AGIR;#NULO;PODE / MDB / AGIR / PSB / PDT / FEDERAÇÃO PSDB CIDADANIA (45-PSDB / 23-CIDADANIA) / FEDERAÇÃO UNIÃO PROGRESSISTA (44-UNIÃO / 11-PP)
2026;AM;GOVERNADOR;PSTU;#NULO;PSTU
2026;GO;DEPUTADO ESTADUAL;REDE;50-PSOL/18-REDE;FEDERAÇÃO PSOL REDE (50-PSOL / 18-REDE)
2026;MT;VICE-GOVERNADOR;MISSÃO;#NULO;MISSÃO
2026;RS;VICE-GOVERNADOR;PODE;#NULO;REPUBLICANOS / PODE / PL / DC / NOVO / FEDERAÇÃO UNIÃO PROGRESSISTA (44-UNIÃO / 11-PP)
2026;RO;1º SUPLENTE;MISSÃO;#NULO;MISSÃO
2026;RN;DEPUTADO ESTADUAL;MDB;#NULO;MDB
2026;RO;VICE-GOVERNADOR;SOLIDARIEDADE;25-PRD/77-SOLIDARIEDADE;PSD / AVANTE / FEDERAÇÃO RENOVAÇÃO SOLIDÁRIA (25-PRD / 77-SOLIDARIEDADE)
2026;MS;VICE-GOVERNADOR;REPUBLICANOS;#NULO;FEDERAÇÃO UNIÃO PROGRESSISTA (44-UNIÃO / 11-PP) / PL / FEDERAÇÃO PSDB CIDADANIA (45-PSDB / 23-CIDADANIA) / PODE / AVANTE / REPUBLICANOS / PSD / MDB
2026;MG;GOVERNADOR;NOVO;#NULO;PSD / FEDERAÇÃO UNIÃO PROGRESSISTA (44-UNIÃO / 11-PP) / NOVO / AVANTE / FEDERAÇÃO RENOVAÇÃO SOLIDÁRIA (25-PRD / 77-SOLIDARIEDADE) / MOBILIZA / DC / AGIR
2026;PR;GOVERNADOR;CIDADANIA;45-PSDB/23-CIDADANIA;REPUBLICANOS / MDB / DEMOCRATA / PSD / AVANTE / FEDERAÇÃO PSDB CIDADANIA (45-PSDB / 23-CIDADANIA) / FEDERAÇÃO UNIÃO PROGRESSISTA (44-UNIÃO / 11-PP)
2026;BA;VICE-GOVERNADOR;UNIÃO;44-UNIÃO/11-PP;REPUBLICANOS / PODE / PL / FEDERAÇÃO PSDB CIDADANIA (45-PSDB / 23-CIDADANIA) / FEDERAÇÃO RENOVAÇÃO SOLIDÁRIA (25-PRD / 77-SOLIDARIEDADE) / FEDERAÇÃO UNIÃO PROGRESSISTA (44-UNIÃO / 11-PP) / NOVO
2026;ES;DEPUTADO FEDERAL;NOVO;#NULO;NOVO
2026;PA;DEPUTADO FEDERAL;PDT;#NULO;PDT
2026;GO;1º SUPLENTE;PP;44-UNIÃO/11-PP;FEDERAÇÃO UNIÃO PROGRESSISTA (44-UNIÃO / 11-PP)
2026;RN;1º SUPLENTE;PSTU;#NULO;PSTU
2026;AC;DEPUTADO FEDERAL;AGIR;#NULO;AGIR
2026;PR;SENADOR;DEMOCRATA;#NULO;REPUBLICANOS / MDB / DEMOCRATA / PSD / AVANTE / FEDERAÇÃO PSDB CIDADANIA (45-PSDB / 23-CIDADANIA) / FEDERAÇÃO UNIÃO PROGRESSISTA (44-UNIÃO / 11-PP)
2026;PR;2º SUPLENTE;PSD;#NULO;REPUBLICANOS / MDB / DEMOCRATA / PSD / AVANTE / FEDERAÇÃO PSDB CIDADANIA (45-PSDB / 23-CIDADANIA) / FEDERAÇÃO UNIÃO PROGRESSISTA (44-UNIÃO / 11-PP)
2026;AC;2º SUPLENTE;PV;13-PT/65-PC do B/43-PV;PODE / PSB / FEDERAÇÃO BRASIL DA ESPERANÇA - FE BRASIL (13-PT / 65-PC do B / 43-PV)
2026;AP;1º SUPLENTE;PCO;#NULO;PCO
2026;PR;SENADOR;PDT;#NULO;PDT / FEDERAÇÃO BRASIL DA ESPERANÇA - FE BRASIL (13-PT / 65-PC do B / 43-PV) / FEDERAÇÃO PSOL REDE (50-PSOL / 18-REDE) / FEDERAÇÃO RENOVAÇÃO SOLIDÁRIA (25-PRD / 77-SOLIDARIEDADE)
2026;CE;VICE-GOVERNADOR;PT;13-PT/65-PC do B/43-PV;PSB / PDT / PODE / MOBILIZA / FEDERAÇÃO BRASIL DA ESPERANÇA - FE BRASIL (13-PT / 65-PC do B / 43-PV) / REPUBLICANOS / PSD / MDB / FEDERAÇÃO RENOVAÇÃO SOLIDÁRIA (25-PRD / 77-SOLIDARIEDADE) / FEDERAÇÃO PSOL REDE (50-PSOL / 18-REDE)
2026;DF;2º SUPLENTE;UNIÃO;44-UNIÃO/11-PP;REPUBLICANOS / MDB / PODE / PL / FEDERAÇÃO RENOVAÇÃO SOLIDÁRIA (25-PRD / 77-SOLIDARIEDADE) / FEDERAÇÃO UNIÃO PROGRESSISTA (44-UNIÃO / 11-PP) / DC / MOBILIZA / DEMOCRATA
2026;RO;DEPUTADO FEDERAL;REPUBLICANOS;#NULO;REPUBLICANOS
2026;RO;DEPUTADO ESTADUAL;PSD;#NULO;PSD
2026;BA;GOVERNADOR;SOLIDARIEDADE;25-PRD/77-SOLIDARIEDADE;REPUBLICANOS / PODE / PL / FEDERAÇÃO PSDB CIDADANIA (45-PSDB / 23-CIDADANIA) / FEDERAÇÃO RENOVAÇÃO SOLIDÁRIA (25-PRD / 77-SOLIDARIEDADE) / FEDERAÇÃO UNIÃO PROGRESSISTA (44-UNIÃO / 11-PP) / NOVO
2026;ES;SENADOR;PSB;#NULO;PDT / MDB / PODE / AGIR / PSB / FEDERAÇÃO PSDB CIDADANIA (45-PSDB / 23-CIDADANIA) / FEDERAÇÃO UNIÃO PROGRESSISTA (44-UNIÃO / 11-PP)
2026;CE;DEPUTADO FEDERAL;PDT;#NULO;PDT
2026;RO;DEPUTADO FEDERAL;PCDOB;13-PT/65-PC do B/43-PV;FEDERAÇÃO BRASIL DA ESPERANÇA - FE BRASIL (13-PT / 65-PC do B / 43-PV)
2026;DF;DEPUTADO FEDERAL;PDT;#NULO;PDT
2026;MG;DEPUTADO ESTADUAL;SOLIDARIEDADE;25-PRD/77-SOLIDARIEDADE;FEDERAÇÃO RENOVAÇÃO SOLIDÁRIA (25-PRD / 77-SOLIDARIEDADE)
2026;AM;DEPUTADO FEDERAL;MOBILIZA;#NULO;MOBILIZA
2026;SE;SENADOR;PDT;#NULO;PDT
2026;PA;DEPUTADO FEDERAL;PSTU;#NULO;PSTU
2026;ES;DEPUTADO FEDERAL;REDE;50-PSOL/18-REDE;FEDERAÇÃO PSOL REDE (50-PSOL / 18-REDE)
2026;MA;GOVERNADOR;PRTB;#NULO;PRTB
2026;MA;DEPUTADO ESTADUAL;PSOL;50-PSOL/18-REDE;FEDERAÇÃO PSOL REDE (50-PSOL / 18-REDE)
2026;PA;2º SUPLENTE;PL;#NULO;PL
2026;PE;1º SUPLENTE;DEMOCRATA;#NULO;DEMOCRATA
2026;SP;GOVERNADOR;PSB;#NULO;PDT / PSB / FEDERAÇÃO BRASIL DA ESPERANÇA - FE BRASIL (13-PT / 65-PC do B / 43-PV) / FEDERAÇÃO PSOL REDE (50-PSOL / 18-REDE)
2026;TO;GOVERNADOR;PSDB;45-PSDB/23-CIDADANIA;MDB / FEDERAÇÃO PSDB CIDADANIA (45-PSDB / 23-CIDADANIA)
2026;SP;2º SUPLENTE;NOVO;#NULO;NOVO
2026;MS;DEPUTADO FEDERAL;REPUBLICANOS;#NULO;REPUBLICANOS
2026;MT;GOVERNADOR;AGIR;#NULO;AGIR
2026;PA;DEPUTADO ESTADUAL;PSD;#NULO;PSD
2026;RR;1º SUPLENTE;NOVO;#NULO;NOVO
2026;AM;SENADOR;PSDB;45-PSDB/23-CIDADANIA;FEDERAÇÃO PSDB CIDADANIA (45-PSDB / 23-CIDADANIA)
2026;SP;1º SUPLENTE;PCDOB;13-PT/65-PC do B/43-PV;PDT / PSB / FEDERAÇÃO BRASIL DA ESPERANÇA - FE BRASIL (13-PT / 65-PC do B / 43-PV) / FEDERAÇÃO PSOL REDE (50-PSOL / 18-REDE)
2026;RN;GOVERNADOR;AVANTE;#NULO;REPUBLICANOS / MDB / PSD / AVANTE / FEDERAÇÃO RENOVAÇÃO SOLIDÁRIA (25-PRD / 77-SOLIDARIEDADE) / FEDERAÇÃO UNIÃO PROGRESSISTA (44-UNIÃO / 11-PP)
2026;PE;VICE-GOVERNADOR;PSOL;50-PSOL/18-REDE;PCB / FEDERAÇÃO PSOL REDE (50-PSOL / 18-REDE)
2026;AM;SENADOR;PP;44-UNIÃO/11-PP;PSB / FEDERAÇÃO UNIÃO PROGRESSISTA (44-UNIÃO / 11-PP) / PODE
2026;CE;GOVERNADOR;MDB;#NULO;PSB / PDT / PODE / MOBILIZA / FEDERAÇÃO BRASIL DA ESPERANÇA - FE BRASIL (13-PT / 65-PC do B / 43-PV) / REPUBLICANOS / PSD / MDB / FEDERAÇÃO RENOVAÇÃO SOLIDÁRIA (25-PRD / 77-SOLIDARIEDADE) / FEDERAÇÃO PSOL REDE (50-PSOL / 18-REDE)
2026;RJ;DEPUTADO ESTADUAL;AGIR;#NULO;AGIR
2026;TO;VICE-GOVERNADOR;PSB;#NULO;PDT / PSB / PSD / FEDERAÇÃO BRASIL DA ESPERANÇA - FE BRASIL (13-PT / 65-PC do B / 43-PV)
2026;AM;DEPUTADO ESTADUAL;PCDOB;13-PT/65-PC do B/43-PV;FEDERAÇÃO BRASIL DA ESPERANÇA - FE BRASIL (13-PT / 65-PC do B / 43-PV)
2026;PI;2º SUPLENTE;PP;44-UNIÃO/11-PP;PODE / PL / FEDERAÇÃO RENOVAÇÃO SOLIDÁRIA (25-PRD / 77-SOLIDARIEDADE) / FEDERAÇÃO UNIÃO PROGRESSISTA (44-UNIÃO / 11-PP)
2026;BA;DEPUTADO FEDERAL;NOVO;#NULO;NOVO
2026;GO;DEPUTADO ESTADUAL;DC;#NULO;DC
2026;SP;DEPUTADO FEDERAL;PCDOB;13-PT/65-PC do B/43-PV;FEDERAÇÃO BRASIL DA ESPERANÇA - FE BRASIL (13-PT / 65-PC do B / 43-PV)
2026;SP;1º SUPLENTE;PODE;#NULO;PODE
2026;RJ;VICE-GOVERNADOR;PL;#NULO;PL / MOBILIZA / AGIR / AVANTE
2026;SE;GOVERNADOR;AVANTE;#NULO;REPUBLICANOS / AVANTE
2026;TO;2º SUPLENTE;PV;13-PT/65-PC do B/43-PV;FEDERAÇÃO BRASIL DA ESPERANÇA - FE BRASIL (13-PT / 65-PC do B / 43-PV) / PDT / PSB / PSD
2026;AL;2º SUPLENTE;PSB;#NULO;MDB / PODE / AGIR / PSB / PSD / AVANTE / FEDERAÇÃO BRASIL DA ESPERANÇA - FE BRASIL (13-PT / 65-PC do B / 43-PV)
2026;SC;2º SUPLENTE;MDB;#NULO;MDB / PSD / FEDERAÇÃO UNIÃO PROGRESSISTA (44-UNIÃO / 11-PP)
2026;MT;DEPUTADO FEDERAL;PSDB;45-PSDB/23-CIDADANIA;FEDERAÇÃO PSDB CIDADANIA (45-PSDB / 23-CIDADANIA)
2026;SC;DEPUTADO ESTADUAL;MISSÃO;#NULO;MISSÃO
2026;RJ;VICE-GOVERNADOR;MISSÃO;#NULO;MISSÃO
2026;SP;DEPUTADO ESTADUAL;PT;13-PT/65-PC do B/43-PV;FEDERAÇÃO BRASIL DA ESPERANÇA - FE BRASIL (13-PT / 65-PC do B / 43-PV)
2026;AL;VICE-GOVERNADOR;UNIÃO;44-UNIÃO/11-PP;PDT / PL / DC / FEDERAÇÃO PSDB CIDADANIA (45-PSDB / 23-CIDADANIA) / FEDERAÇÃO RENOVAÇÃO SOLIDÁRIA (25-PRD / 77-SOLIDARIEDADE) / FEDERAÇÃO UNIÃO PROGRESSISTA (44-UNIÃO / 11-PP)
2026;ES;1º SUPLENTE;PV;13-PT/65-PC do B/43-PV;FEDERAÇÃO BRASIL DA ESPERANÇA - FE BRASIL (13-PT / 65-PC do B / 43-PV)
2026;RJ;1º SUPLENTE;DC;#NULO;PDT / MDB / DC / FEDERAÇÃO BRASIL DA ESPERANÇA - FE BRASIL (13-PT / 65-PC do B / 43-PV) / PSB / PSD / FEDERAÇÃO PSDB CIDADANIA (45-PSDB / 23-CIDADANIA) / FEDERAÇÃO RENOVAÇÃO SOLIDÁRIA (25-PRD / 77-SOLIDARIEDADE)
2026;RS;SENADOR;PP;44-UNIÃO/11-PP;REPUBLICANOS / PODE / DC / NOVO / PL / FEDERAÇÃO UNIÃO PROGRESSISTA (44-UNIÃO / 11-PP)
2026;PB;GOVERNADOR;PDT;#NULO;MDB / DEMOCRATA / PSD / FEDERAÇÃO PSDB CIDADANIA (45-PSDB / 23-CIDADANIA) / PDT
2026;GO;2º SUPLENTE;PSOL;50-PSOL/18-REDE;PDT / PSB / FEDERAÇÃO BRASIL DA ESPERANÇA - FE BRASIL (13-PT / 65-PC do B / 43-PV) / FEDERAÇÃO PSOL REDE (50-PSOL / 18-REDE)
2026;CE;1º SUPLENTE;MOBILIZA;#NULO;PDT / PODE / PSB / PSD / FEDERAÇÃO BRASIL DA ESPERANÇA - FE BRASIL (13-PT / 65-PC do B / 43-PV) / FEDERAÇÃO PSOL REDE (50-PSOL / 18-REDE) / FEDERAÇÃO RENOVAÇÃO SOLIDÁRIA (25-PRD / 77-SOLIDARIEDADE) / REPUBLICANOS / MDB / MOBILIZA
2026;RN;1º SUPLENTE;PSDB;45-PSDB/23-CIDADANIA;PODE / PL / NOVO / FEDERAÇÃO PSDB CIDADANIA (45-PSDB / 23-CIDADANIA) / MOBILIZA
2026;MT;SENADOR;PDT;#NULO;PDT / PSB / PSD / FEDERAÇÃO BRASIL DA ESPERANÇA - FE BRASIL (13-PT / 65-PC do B / 43-PV) / FEDERAÇÃO PSOL REDE (50-PSOL / 18-REDE)
2026;PE;2º SUPLENTE;PSD;#NULO;PODE / PSD / AVANTE / FEDERAÇÃO PSDB CIDADANIA (45-PSDB / 23-CIDADANIA) / FEDERAÇÃO UNIÃO PROGRESSISTA (44-UNIÃO / 11-PP)
2026;RO;VICE-GOVERNADOR;MOBILIZA;#NULO;PODE / PL / DC / NOVO / MOBILIZA
2026;RN;VICE-GOVERNADOR;PSD;#NULO;REPUBLICANOS / MDB / PSD / AVANTE / FEDERAÇÃO RENOVAÇÃO SOLIDÁRIA (25-PRD / 77-SOLIDARIEDADE) / FEDERAÇÃO UNIÃO PROGRESSISTA (44-UNIÃO / 11-PP)
2026;PE;VICE-GOVERNADOR;UNIÃO;44-UNIÃO/11-PP;PODE / PSD / AVANTE / FEDERAÇÃO PSDB CIDADANIA (45-PSDB / 23-CIDADANIA) / FEDERAÇÃO UNIÃO PROGRESSISTA (44-UNIÃO / 11-PP)
2026;RJ;2º SUPLENTE;PSDB;45-PSDB/23-CIDADANIA;PDT / MDB / DC / FEDERAÇÃO BRASIL DA ESPERANÇA - FE BRASIL (13-PT / 65-PC do B / 43-PV) / PSB / PSD / FEDERAÇÃO PSDB CIDADANIA (45-PSDB / 23-CIDADANIA) / FEDERAÇÃO RENOVAÇÃO SOLIDÁRIA (25-PRD / 77-SOLIDARIEDADE)
2026;MG;DEPUTADO ESTADUAL;PV;13-PT/65-PC do B/43-PV;FEDERAÇÃO BRASIL DA ESPERANÇA - FE BRASIL (13-PT / 65-PC do B / 43-PV)
2026;AP;GOVERNADOR;DC;#NULO;DC
2026;SC;DEPUTADO FEDERAL;PL;#NULO;PL
2026;BA;DEPUTADO ESTADUAL;SOLIDARIEDADE;25-PRD/77-SOLIDARIEDADE;FEDERAÇÃO RENOVAÇÃO SOLIDÁRIA (25-PRD / 77-SOLIDARIEDADE)
2026;CE;DEPUTADO FEDERAL;PV;13-PT/65-PC do B/43-PV;FEDERAÇÃO BRASIL DA ESPERANÇA - FE BRASIL (13-PT / 65-PC do B / 43-PV)
2026;PR;GOVERNADOR;PCO;#NULO;PCO
2026;AL;GOVERNADOR;DEMOCRATA;#NULO;DEMOCRATA
2026;MS;1º SUPLENTE;PCO;#NULO;PCO
2026;DF;2º SUPLENTE;UP;#NULO;UP
2026;DF;SENADOR;DC;#NULO;REPUBLICANOS / MDB / PODE / PL / FEDERAÇÃO RENOVAÇÃO SOLIDÁRIA (25-PRD / 77-SOLIDARIEDADE) / FEDERAÇÃO UNIÃO PROGRESSISTA (44-UNIÃO / 11-PP) / DC / MOBILIZA / DEMOCRATA
2026;MG;2º SUPLENTE;PSOL;50-PSOL/18-REDE;PSB / FEDERAÇÃO BRASIL DA ESPERANÇA - FE BRASIL (13-PT / 65-PC do B / 43-PV) / FEDERAÇÃO PSOL REDE (50-PSOL / 18-REDE)
2026;TO;2º SUPLENTE;DEMOCRATA;#NULO;DEMOCRATA
2026;ES;VICE-GOVERNADOR;PV;13-PT/65-PC do B/43-PV;FEDERAÇÃO BRASIL DA ESPERANÇA - FE BRASIL (13-PT / 65-PC do B / 43-PV)
2026;RO;VICE-GOVERNADOR;PT;13-PT/65-PC do B/43-PV;FEDERAÇÃO BRASIL DA ESPERANÇA - FE BRASIL (13-PT / 65-PC do B / 43-PV) / FEDERAÇÃO PSOL REDE (50-PSOL / 18-REDE)
2026;GO;VICE-GOVERNADOR;AGIR;#NULO;REPUBLICANOS / MDB / PODE / MOBILIZA / DEMOCRATA / AGIR / PSD / AVANTE / FEDERAÇÃO RENOVAÇÃO SOLIDÁRIA (25-PRD / 77-SOLIDARIEDADE) / FEDERAÇÃO UNIÃO PROGRESSISTA (44-UNIÃO / 11-PP)
2026;RN;VICE-GOVERNADOR;PV;13-PT/65-PC do B/43-PV;PDT / PSB / FEDERAÇÃO BRASIL DA ESPERANÇA - FE BRASIL (13-PT / 65-PC do B / 43-PV)
2026;RS;DEPUTADO FEDERAL;PSTU;#NULO;PSTU
2026;PA;SENADOR;PDT;#NULO;PDT
2026;RS;SENADOR;DC;#NULO;REPUBLICANOS / PODE / DC / NOVO / PL / FEDERAÇÃO UNIÃO PROGRESSISTA (44-UNIÃO / 11-PP)
2026;RS;DEPUTADO ESTADUAL;PL;#NULO;PL
2026;AM;DEPUTADO FEDERAL;SOLIDARIEDADE;25-PRD/77-SOLIDARIEDADE;FEDERAÇÃO RENOVAÇÃO SOLIDÁRIA (25-PRD / 77-SOLIDARIEDADE)
2026;MA;SENADOR;PSOL;50-PSOL/18-REDE;PSB / FEDERAÇÃO BRASIL DA ESPERANÇA - FE BRASIL (13-PT / 65-PC do B / 43-PV) / FEDERAÇÃO PSOL REDE (50-PSOL / 18-REDE)
2026;CE;DEPUTADO ESTADUAL;PSTU;#NULO;PSTU
2026;RR;DEPUTADO FEDERAL;PL;#NULO;PL
2026;MT;SENADOR;AVANTE;#NULO;AVANTE
2026;RO;GOVERNADOR;NOVO;#NULO;PODE / PL / DC / NOVO / MOBILIZA
2026;MG;GOVERNADOR;AGIR;#NULO;PSD / FEDERAÇÃO UNIÃO PROGRESSISTA (44-UNIÃO / 11-PP) / NOVO / AVANTE / FEDERAÇÃO RENOVAÇÃO SOLIDÁRIA (25-PRD / 77-SOLIDARIEDADE) / MOBILIZA / DC / AGIR
2026;DF;1º SUPLENTE;REPUBLICANOS;#NULO;REPUBLICANOS / MDB / PODE / PL / FEDERAÇÃO RENOVAÇÃO SOLIDÁRIA (25-PRD / 77-SOLIDARIEDADE) / FEDERAÇÃO UNIÃO PROGRESSISTA (44-UNIÃO / 11-PP) / DC / MOBILIZA / DEMOCRATA
2026;AM;DEPUTADO FEDERAL;MISSÃO;#NULO;MISSÃO
2026;PA;1º SUPLENTE;PRD;25-PRD/77-SOLIDARIEDADE;FEDERAÇÃO RENOVAÇÃO SOLIDÁRIA (25-PRD / 77-SOLIDARIEDADE)
2026;SC;DEPUTADO FEDERAL;PSOL;50-PSOL/18-REDE;FEDERAÇÃO PSOL REDE (50-PSOL / 18-REDE)
2026;AM;VICE-GOVERNADOR;MOBILIZA;#NULO;MOBILIZA
2026;PA;DEPUTADO FEDERAL;DC;#NULO;DC
2026;BA;2º SUPLENTE;UP;#NULO;UP
2026;BA;2º SUPLENTE;PSD;#NULO;PDT / MDB / PSB / PSD / AVANTE / FEDERAÇÃO BRASIL DA ESPERANÇA - FE BRASIL (13-PT / 65-PC do B / 43-PV)
2026;SE;SENADOR;UNIÃO;44-UNIÃO/11-PP;PSB / PSD / FEDERAÇÃO BRASIL DA ESPERANÇA - FE BRASIL (13-PT / 65-PC do B / 43-PV) / FEDERAÇÃO UNIÃO PROGRESSISTA (44-UNIÃO / 11-PP)
2026;MG;2º SUPLENTE;PT;13-PT/65-PC do B/43-PV;PSB / FEDERAÇÃO BRASIL DA ESPERANÇA - FE BRASIL (13-PT / 65-PC do B / 43-PV) / FEDERAÇÃO PSOL REDE (50-PSOL / 18-REDE)
2026;RN;1º SUPLENTE;PP;44-UNIÃO/11-PP;REPUBLICANOS / MDB / PSD / FEDERAÇÃO RENOVAÇÃO SOLIDÁRIA (25-PRD / 77-SOLIDARIEDADE) / FEDERAÇÃO UNIÃO PROGRESSISTA (44-UNIÃO / 11-PP) / AVANTE
2026;PI;VICE-GOVERNADOR;PL;#NULO;PODE / FEDERAÇÃO RENOVAÇÃO SOLIDÁRIA (25-PRD / 77-SOLIDARIEDADE) / FEDERAÇÃO UNIÃO PROGRESSISTA (44-UNIÃO / 11-PP) / PL
2026;AM;2º SUPLENTE;PT;13-PT/65-PC do B/43-PV;REPUBLICANOS / MDB / PSD / FEDERAÇÃO BRASIL DA ESPERANÇA - FE BRASIL (13-PT / 65-PC do B / 43-PV)
2026;SC;DEPUTADO FEDERAL;PCDOB;13-PT/65-PC do B/43-PV;FEDERAÇÃO BRASIL DA ESPERANÇA - FE BRASIL (13-PT / 65-PC do B / 43-PV)
2026;RJ;VICE-GOVERNADOR;PCO;#NULO;PCO
2026;BA;GOVERNADOR;PT;13-PT/65-PC do B/43-PV;PDT / MDB / PSB / PSD / AVANTE / FEDERAÇÃO BRASIL DA ESPERANÇA - FE BRASIL (13-PT / 65-PC do B / 43-PV)
2026;TO;1º SUPLENTE;CIDADANIA;45-PSDB/23-CIDADANIA;MDB / FEDERAÇÃO PSDB CIDADANIA (45-PSDB / 23-CIDADANIA)
2026;SC;VICE-GOVERNADOR;REPUBLICANOS;#NULO;AVANTE / AGIR / DC / FEDERAÇÃO PSDB CIDADANIA (45-PSDB / 23-CIDADANIA) / NOVO / REPUBLICANOS / PODE / PL
2026;RN;SENADOR;CIDADANIA;45-PSDB/23-CIDADANIA;PODE / PL / NOVO / FEDERAÇÃO PSDB CIDADANIA (45-PSDB / 23-CIDADANIA) / MOBILIZA
2026;RJ;DEPUTADO FEDERAL;PSOL;50-PSOL/18-REDE;FEDERAÇÃO PSOL REDE (50-PSOL / 18-REDE)
2026;AC;DEPUTADO FEDERAL;PT;13-PT/65-PC do B/43-PV;FEDERAÇÃO BRASIL DA ESPERANÇA - FE BRASIL (13-PT / 65-PC do B / 43-PV)
2026;SP;DEPUTADO ESTADUAL;PRD;25-PRD/77-SOLIDARIEDADE;FEDERAÇÃO RENOVAÇÃO SOLIDÁRIA (25-PRD / 77-SOLIDARIEDADE)
2026;CE;VICE-GOVERNADOR;SOLIDARIEDADE;25-PRD/77-SOLIDARIEDADE;PSB / PDT / PODE / MOBILIZA / FEDERAÇÃO BRASIL DA ESPERANÇA - FE BRASIL (13-PT / 65-PC do B / 43-PV) / REPUBLICANOS / PSD / MDB / FEDERAÇÃO RENOVAÇÃO SOLIDÁRIA (25-PRD / 77-SOLIDARIEDADE) / FEDERAÇÃO PSOL REDE (50-PSOL / 18-REDE)
2026;RN;SENADOR;PRD;25-PRD/77-SOLIDARIEDADE;REPUBLICANOS / MDB / PSD / FEDERAÇÃO RENOVAÇÃO SOLIDÁRIA (25-PRD / 77-SOLIDARIEDADE) / FEDERAÇÃO UNIÃO PROGRESSISTA (44-UNIÃO / 11-PP) / AVANTE
2026;RJ;SENADOR;PL;#NULO;PL
2026;RR;GOVERNADOR;NOVO;#NULO;PL / NOVO
2026;GO;DEPUTADO ESTADUAL;PODE;#NULO;PODE
2026;MA;DEPUTADO FEDERAL;NOVO;#NULO;NOVO
2026;PE;DEPUTADO ESTADUAL;PV;13-PT/65-PC do B/43-PV;FEDERAÇÃO BRASIL DA ESPERANÇA - FE BRASIL (13-PT / 65-PC do B / 43-PV)
2026;RJ;2º SUPLENTE;MISSÃO;#NULO;MISSÃO
2026;RO;2º SUPLENTE;PSB;#NULO;PSB
2026;AC;SENADOR;DC;#NULO;DC
2026;RR;VICE-GOVERNADOR;REPUBLICANOS;#NULO;REPUBLICANOS / PODE / AGIR / PSD / FEDERAÇÃO UNIÃO PROGRESSISTA (44-UNIÃO / 11-PP)
2026;MG;DEPUTADO ESTADUAL;PSDB;45-PSDB/23-CIDADANIA;FEDERAÇÃO PSDB CIDADANIA (45-PSDB / 23-CIDADANIA)
2026;TO;1º SUPLENTE;PODE;#NULO;PODE
2026;SC;2º SUPLENTE;PV;13-PT/65-PC do B/43-PV;PDT / PSB / FEDERAÇÃO BRASIL DA ESPERANÇA - FE BRASIL (13-PT / 65-PC do B / 43-PV) / FEDERAÇÃO PSOL REDE (50-PSOL / 18-REDE)
2026;AM;1º SUPLENTE;PSB;#NULO;PSB / FEDERAÇÃO UNIÃO PROGRESSISTA (44-UNIÃO / 11-PP) / PODE
2026;SC;2º SUPLENTE;AVANTE;#NULO;REPUBLICANOS / PODE / PL / DC / NOVO / AGIR / AVANTE / FEDERAÇÃO PSDB CIDADANIA (45-PSDB / 23-CIDADANIA)
2026;MS;1º SUPLENTE;UNIÃO;44-UNIÃO/11-PP;PL / FEDERAÇÃO UNIÃO PROGRESSISTA (44-UNIÃO / 11-PP) / REPUBLICANOS / FEDERAÇÃO PSDB CIDADANIA (45-PSDB / 23-CIDADANIA) / PSD / MDB / PODE / AVANTE
2026;RJ;2º SUPLENTE;PV;13-PT/65-PC do B/43-PV;PDT / MDB / DC / FEDERAÇÃO BRASIL DA ESPERANÇA - FE BRASIL (13-PT / 65-PC do B / 43-PV) / PSB / PSD / FEDERAÇÃO PSDB CIDADANIA (45-PSDB / 23-CIDADANIA) / FEDERAÇÃO RENOVAÇÃO SOLIDÁRIA (25-PRD / 77-SOLIDARIEDADE)
2026;AM;VICE-GOVERNADOR;MDB;#NULO;REPUBLICANOS / MDB / PSD / FEDERAÇÃO BRASIL DA ESPERANÇA - FE BRASIL (13-PT / 65-PC do B / 43-PV)
2026;BR;PRESIDENTE;PL;#NULO;PL
2026;GO;DEPUTADO FEDERAL;PSB;#NULO;PSB
2026;SP;SENADOR;CIDADANIA;45-PSDB/23-CIDADANIA;FEDERAÇÃO PSDB CIDADANIA (45-PSDB / 23-CIDADANIA)
2026;GO;VICE-GOVERNADOR;REDE;50-PSOL/18-REDE;PDT / PSB / FEDERAÇÃO BRASIL DA ESPERANÇA - FE BRASIL (13-PT / 65-PC do B / 43-PV) / FEDERAÇÃO PSOL REDE (50-PSOL / 18-REDE)
2026;TO;GOVERNADOR;PRD;25-PRD/77-SOLIDARIEDADE;REPUBLICANOS / PODE / AVANTE / PL / FEDERAÇÃO RENOVAÇÃO SOLIDÁRIA (25-PRD / 77-SOLIDARIEDADE) / FEDERAÇÃO UNIÃO PROGRESSISTA (44-UNIÃO / 11-PP)
2026;GO;2º SUPLENTE;PL;#NULO;PL / NOVO
2026;AL;VICE-GOVERNADOR;MDB;#NULO;MDB / PODE / AGIR / PSB / PSD / AVANTE / FEDERAÇÃO BRASIL DA ESPERANÇA - FE BRASIL (13-PT / 65-PC do B / 43-PV)
2026;AC;DEPUTADO FEDERAL;PP;44-UNIÃO/11-PP;FEDERAÇÃO UNIÃO PROGRESSISTA (44-UNIÃO / 11-PP)
2026;BA;DEPUTADO FEDERAL;PSOL;50-PSOL/18-REDE;FEDERAÇÃO PSOL REDE (50-PSOL / 18-REDE)
2026;PB;DEPUTADO FEDERAL;DEMOCRATA;#NULO;DEMOCRATA
2026;PE;SENADOR;PCO;#NULO;PCO
2026;PI;1º SUPLENTE;DC;#NULO;DC
2026;DF;1º SUPLENTE;PSDB;45-PSDB/23-CIDADANIA;FEDERAÇÃO PSDB CIDADANIA (45-PSDB / 23-CIDADANIA)
2026;RN;GOVERNADOR;MDB;#NULO;REPUBLICANOS / MDB / PSD / AVANTE / FEDERAÇÃO RENOVAÇÃO SOLIDÁRIA (25-PRD / 77-SOLIDARIEDADE) / FEDERAÇÃO UNIÃO PROGRESSISTA (44-UNIÃO / 11-PP)
2026;RN;DEPUTADO ESTADUAL;PRD;25-PRD/77-SOLIDARIEDADE;FEDERAÇÃO RENOVAÇÃO SOLIDÁRIA (25-PRD / 77-SOLIDARIEDADE)
2026;SP;DEPUTADO ESTADUAL;REPUBLICANOS;#NULO;REPUBLICANOS
2026;PE;DEPUTADO FEDERAL;PDT;#NULO;PDT
2026;PB;2º SUPLENTE;DC;#NULO;DC
2026;ES;1º SUPLENTE;PP;44-UNIÃO/11-PP;PDT / MDB / PODE / AGIR / PSB / FEDERAÇÃO PSDB CIDADANIA (45-PSDB / 23-CIDADANIA) / FEDERAÇÃO UNIÃO PROGRESSISTA (44-UNIÃO / 11-PP)
2026;CE;GOVERNADOR;PSD;#NULO;PSB / PDT / PODE / MOBILIZA / FEDERAÇÃO BRASIL DA ESPERANÇA - FE BRASIL (13-PT / 65-PC do B / 43-PV) / REPUBLICANOS / PSD / MDB / FEDERAÇÃO RENOVAÇÃO SOLIDÁRIA (25-PRD / 77-SOLIDARIEDADE) / FEDERAÇÃO PSOL REDE (50-PSOL / 18-REDE)
2026;AP;2º SUPLENTE;SOLIDARIEDADE;25-PRD/77-SOLIDARIEDADE;REPUBLICANOS / PDT / AGIR / FEDERAÇÃO UNIÃO PROGRESSISTA (44-UNIÃO / 11-PP) / FEDERAÇÃO PSDB CIDADANIA (45-PSDB / 23-CIDADANIA) / FEDERAÇÃO BRASIL DA ESPERANÇA - FE BRASIL (13-PT / 65-PC do B / 43-PV) / FEDERAÇÃO RENOVAÇÃO SOLIDÁRIA (25-PRD / 77-SOLIDARIEDADE)
2026;PE;DEPUTADO FEDERAL;DEMOCRATA;#NULO;DEMOCRATA
2026;MS;2º SUPLENTE;PSOL;50-PSOL/18-REDE;FEDERAÇÃO PSOL REDE (50-PSOL / 18-REDE)
2026;CE;DEPUTADO FEDERAL;MISSÃO;#NULO;MISSÃO
2026;PE;VICE-GOVERNADOR;PCDOB;13-PT/65-PC do B/43-PV;REPUBLICANOS / PDT / MDB / PSB / FEDERAÇÃO BRASIL DA ESPERANÇA - FE BRASIL (13-PT / 65-PC do B / 43-PV) / FEDERAÇÃO RENOVAÇÃO SOLIDÁRIA (25-PRD / 77-SOLIDARIEDADE) / DC
2026;SE;GOVERNADOR;PODE;#NULO;PODE / PL / NOVO
2026;RO;SENADOR;PDT;#NULO;PDT / MDB
2026;RS;VICE-GOVERNADOR;REDE;50-PSOL/18-REDE;PDT / PSB / AVANTE / FEDERAÇÃO BRASIL DA ESPERANÇA - FE BRASIL (13-PT / 65-PC do B / 43-PV) / FEDERAÇÃO PSOL REDE (50-PSOL / 18-REDE)
2026;RR;SENADOR;REPUBLICANOS;#NULO;REPUBLICANOS / PODE / AGIR / PSD / FEDERAÇÃO UNIÃO PROGRESSISTA (44-UNIÃO / 11-PP)
2026;AM;VICE-GOVERNADOR;PV;13-PT/65-PC do B/43-PV;REPUBLICANOS / MDB / PSD / FEDERAÇÃO BRASIL DA ESPERANÇA - FE BRASIL (13-PT / 65-PC do B / 43-PV)
2026;PE;DEPUTADO FEDERAL;PT;13-PT/65-PC do B/43-PV;FEDERAÇÃO BRASIL DA ESPERANÇA - FE BRASIL (13-PT / 65-PC do B / 43-PV)
2026;RO;GOVERNADOR;PCDOB;13-PT/65-PC do B/43-PV;FEDERAÇÃO BRASIL DA ESPERANÇA - FE BRASIL (13-PT / 65-PC do B / 43-PV) / FEDERAÇÃO PSOL REDE (50-PSOL / 18-REDE)
2026;PI;GOVERNADOR;MDB;#NULO;REPUBLICANOS / PDT / MDB / PSD / FEDERAÇÃO BRASIL DA ESPERANÇA - FE BRASIL (13-PT / 65-PC do B / 43-PV)
2026;PB;2º SUPLENTE;MDB;#NULO;MDB / DEMOCRATA / PSD / FEDERAÇÃO PSDB CIDADANIA (45-PSDB / 23-CIDADANIA) / PDT
2026;GO;GOVERNADOR;PODE;#NULO;REPUBLICANOS / MDB / PODE / MOBILIZA / DEMOCRATA / AGIR / PSD / AVANTE / FEDERAÇÃO RENOVAÇÃO SOLIDÁRIA (25-PRD / 77-SOLIDARIEDADE) / FEDERAÇÃO UNIÃO PROGRESSISTA (44-UNIÃO / 11-PP)
2026;RR;VICE-GOVERNADOR;PV;13-PT/65-PC do B/43-PV;FEDERAÇÃO BRASIL DA ESPERANÇA - FE BRASIL (13-PT / 65-PC do B / 43-PV) / FEDERAÇÃO PSOL REDE (50-PSOL / 18-REDE)
2026;SC;1º SUPLENTE;PCDOB;13-PT/65-PC do B/43-PV;PDT / PSB / FEDERAÇÃO BRASIL DA ESPERANÇA - FE BRASIL (13-PT / 65-PC do B / 43-PV) / FEDERAÇÃO PSOL REDE (50-PSOL / 18-REDE)
2026;MG;DEPUTADO ESTADUAL;PCB;#NULO;PCB
2026;DF;1º SUPLENTE;PSD;#NULO;PSD
2026;PB;VICE-GOVERNADOR;DC;#NULO;DC
2026;MG;SENADOR;MDB;#NULO;MDB
2026;AL;VICE-GOVERNADOR;PT;13-PT/65-PC do B/43-PV;MDB / PODE / AGIR / PSB / PSD / AVANTE / FEDERAÇÃO BRASIL DA ESPERANÇA - FE BRASIL (13-PT / 65-PC do B / 43-PV)
2026;SE;DEPUTADO ESTADUAL;PSB;#NULO;PSB
2026;MG;1º SUPLENTE;PP;44-UNIÃO/11-PP;FEDERAÇÃO UNIÃO PROGRESSISTA (44-UNIÃO / 11-PP)
2026;RN;1º SUPLENTE;AGIR;#NULO;AGIR
2026;MS;SENADOR;PSB;#NULO;PDT / PSB / FEDERAÇÃO BRASIL DA ESPERANÇA - FE BRASIL (13-PT / 65-PC do B / 43-PV)
2026;RN;1º SUPLENTE;PV;13-PT/65-PC do B/43-PV;PDT / PSB / FEDERAÇÃO BRASIL DA ESPERANÇA - FE BRASIL (13-PT / 65-PC do B / 43-PV)
2026;PE;1º SUPLENTE;PODE;#NULO;PODE / PSD / AVANTE / FEDERAÇÃO PSDB CIDADANIA (45-PSDB / 23-CIDADANIA) / FEDERAÇÃO UNIÃO PROGRESSISTA (44-UNIÃO / 11-PP)
2026;AC;VICE-GOVERNADOR;PT;13-PT/65-PC do B/43-PV;PODE / PSB / FEDERAÇÃO BRASIL DA ESPERANÇA - FE BRASIL (13-PT / 65-PC do B / 43-PV)
2026;GO;SENADOR;CIDADANIA;45-PSDB/23-CIDADANIA;DC / FEDERAÇÃO PSDB CIDADANIA (45-PSDB / 23-CIDADANIA)
2026;SP;2º SUPLENTE;PT;13-PT/65-PC do B/43-PV;PDT / PSB / FEDERAÇÃO BRASIL DA ESPERANÇA - FE BRASIL (13-PT / 65-PC do B / 43-PV) / FEDERAÇÃO PSOL REDE (50-PSOL / 18-REDE)
2026;CE;DEPUTADO ESTADUAL;PSDB;45-PSDB/23-CIDADANIA;FEDERAÇÃO PSDB CIDADANIA (45-PSDB / 23-CIDADANIA)
2026;RR;DEPUTADO FEDERAL;PCDOB;13-PT/65-PC do B/43-PV;FEDERAÇÃO BRASIL DA ESPERANÇA - FE BRASIL (13-PT / 65-PC do B / 43-PV)
2026;TO;DEPUTADO ESTADUAL;MDB;#NULO;MDB
2026;TO;SENADOR;PDT;#NULO;FEDERAÇÃO BRASIL DA ESPERANÇA - FE BRASIL (13-PT / 65-PC do B / 43-PV) / PDT / PSB / PSD
2026;GO;GOVERNADOR;PV;13-PT/65-PC do B/43-PV;PDT / PSB / FEDERAÇÃO BRASIL DA ESPERANÇA - FE BRASIL (13-PT / 65-PC do B / 43-PV) / FEDERAÇÃO PSOL REDE (50-PSOL / 18-REDE)
2026;PE;1º SUPLENTE;REPUBLICANOS;#NULO;REPUBLICANOS / PDT / MDB / DC / PSB / FEDERAÇÃO BRASIL DA ESPERANÇA - FE BRASIL (13-PT / 65-PC do B / 43-PV) / FEDERAÇÃO RENOVAÇÃO SOLIDÁRIA (25-PRD / 77-SOLIDARIEDADE)
2026;PB;DEPUTADO FEDERAL;PCDOB;13-PT/65-PC do B/43-PV;FEDERAÇÃO BRASIL DA ESPERANÇA - FE BRASIL (13-PT / 65-PC do B / 43-PV)
2026;AC;DEPUTADO FEDERAL;CIDADANIA;45-PSDB/23-CIDADANIA;FEDERAÇÃO PSDB CIDADANIA (45-PSDB / 23-CIDADANIA)
2026;AC;DEPUTADO ESTADUAL;REPUBLICANOS;#NULO;REPUBLICANOS
2026;SC;DEPUTADO FEDERAL;PSB;#NULO;PSB
2026;CE;VICE-GOVERNADOR;AVANTE;#NULO;PL / FEDERAÇÃO PSDB CIDADANIA (45-PSDB / 23-CIDADANIA) / FEDERAÇÃO UNIÃO PROGRESSISTA (44-UNIÃO / 11-PP) / DC / AVANTE
2026;MS;SENADOR;PSOL;50-PSOL/18-REDE;FEDERAÇÃO PSOL REDE (50-PSOL / 18-REDE)
2026;MG;VICE-GOVERNADOR;SOLIDARIEDADE;25-PRD/77-SOLIDARIEDADE;PSD / FEDERAÇÃO UNIÃO PROGRESSISTA (44-UNIÃO / 11-PP) / NOVO / AVANTE / FEDERAÇÃO RENOVAÇÃO SOLIDÁRIA (25-PRD / 77-SOLIDARIEDADE) / MOBILIZA / DC / AGIR
2026;RO;1º SUPLENTE;PP;44-UNIÃO/11-PP;REPUBLICANOS / FEDERAÇÃO UNIÃO PROGRESSISTA (44-UNIÃO / 11-PP)
2026;CE;VICE-GOVERNADOR;PODE;#NULO;PSB / PDT / PODE / MOBILIZA / FEDERAÇÃO BRASIL DA ESPERANÇA - FE BRASIL (13-PT / 65-PC do B / 43-PV) / REPUBLICANOS / PSD / MDB / FEDERAÇÃO RENOVAÇÃO SOLIDÁRIA (25-PRD / 77-SOLIDARIEDADE) / FEDERAÇÃO PSOL REDE (50-PSOL / 18-REDE)
2026;AL;VICE-GOVERNADOR;PSB;#NULO;MDB / PODE / AGIR / PSB / PSD / AVANTE / FEDERAÇÃO BRASIL DA ESPERANÇA - FE BRASIL (13-PT / 65-PC do B / 43-PV)
2026;RS;2º SUPLENTE;NOVO;#NULO;REPUBLICANOS / PODE / DC / NOVO / PL / FEDERAÇÃO UNIÃO PROGRESSISTA (44-UNIÃO / 11-PP)
2026;BA;GOVERNADOR;AVANTE;#NULO;PDT / MDB / PSB / PSD / AVANTE / FEDERAÇÃO BRASIL DA ESPERANÇA - FE BRASIL (13-PT / 65-PC do B / 43-PV)
2026;DF;GOVERNADOR;UNIÃO;44-UNIÃO/11-PP;REPUBLICANOS / MDB / PODE / PL / DC / MOBILIZA / DEMOCRATA / FEDERAÇÃO RENOVAÇÃO SOLIDÁRIA (25-PRD / 77-SOLIDARIEDADE) / FEDERAÇÃO UNIÃO PROGRESSISTA (44-UNIÃO / 11-PP)
2026;MT;1º SUPLENTE;PT;13-PT/65-PC do B/43-PV;PDT / PSB / PSD / FEDERAÇÃO BRASIL DA ESPERANÇA - FE BRASIL (13-PT / 65-PC do B / 43-PV) / FEDERAÇÃO PSOL REDE (50-PSOL / 18-REDE)
2026;SP;VICE-GOVERNADOR;UNIÃO;44-UNIÃO/11-PP;REPUBLICANOS / PL / MDB / DEMOCRATA / AVANTE / PSD / FEDERAÇÃO RENOVAÇÃO SOLIDÁRIA (25-PRD / 77-SOLIDARIEDADE) / FEDERAÇÃO UNIÃO PROGRESSISTA (44-UNIÃO / 11-PP)
2026;RS;DEPUTADO FEDERAL;UNIÃO;44-UNIÃO/11-PP;FEDERAÇÃO UNIÃO PROGRESSISTA (44-UNIÃO / 11-PP)
2026;DF;GOVERNADOR;REPUBLICANOS;#NULO;REPUBLICANOS / MDB / PODE / PL / DC / MOBILIZA / DEMOCRATA / FEDERAÇÃO RENOVAÇÃO SOLIDÁRIA (25-PRD / 77-SOLIDARIEDADE) / FEDERAÇÃO UNIÃO PROGRESSISTA (44-UNIÃO / 11-PP)
2026;ES;VICE-GOVERNADOR;PL;#NULO;REPUBLICANOS / PL / DEMOCRATA
2026;BA;VICE-GOVERNADOR;PODE;#NULO;REPUBLICANOS / PODE / PL / FEDERAÇÃO PSDB CIDADANIA (45-PSDB / 23-CIDADANIA) / FEDERAÇÃO RENOVAÇÃO SOLIDÁRIA (25-PRD / 77-SOLIDARIEDADE) / FEDERAÇÃO UNIÃO PROGRESSISTA (44-UNIÃO / 11-PP) / NOVO
2026;BR;VICE-PRESIDENTE;PCB;#NULO;PCB
2026;SC;SENADOR;PSDB;45-PSDB/23-CIDADANIA;REPUBLICANOS / PODE / PL / DC / NOVO / AGIR / AVANTE / FEDERAÇÃO PSDB CIDADANIA (45-PSDB / 23-CIDADANIA)
2026;PA;VICE-GOVERNADOR;PT;13-PT/65-PC do B/43-PV;REPUBLICANOS / MDB / PSB / PSD / AVANTE / FEDERAÇÃO PSDB CIDADANIA (45-PSDB / 23-CIDADANIA) / FEDERAÇÃO BRASIL DA ESPERANÇA - FE BRASIL (13-PT / 65-PC do B / 43-PV) / FEDERAÇÃO UNIÃO PROGRESSISTA (44-UNIÃO / 11-PP)
2026;MA;DEPUTADO FEDERAL;DC;#NULO;DC
2026;MA;SENADOR;PCB;#NULO;PCB
2026;PA;1º SUPLENTE;MDB;#NULO;PSD / FEDERAÇÃO UNIÃO PROGRESSISTA (44-UNIÃO / 11-PP) / PSB / REPUBLICANOS / FEDERAÇÃO BRASIL DA ESPERANÇA - FE BRASIL (13-PT / 65-PC do B / 43-PV) / FEDERAÇÃO PSDB CIDADANIA (45-PSDB / 23-CIDADANIA) / MDB / AVANTE
2026;MA;2º SUPLENTE;PSOL;50-PSOL/18-REDE;PSB / FEDERAÇÃO BRASIL DA ESPERANÇA - FE BRASIL (13-PT / 65-PC do B / 43-PV) / FEDERAÇÃO PSOL REDE (50-PSOL / 18-REDE)
2026;CE;2º SUPLENTE;PSD;#NULO;PDT / PODE / PSB / PSD / FEDERAÇÃO BRASIL DA ESPERANÇA - FE BRASIL (13-PT / 65-PC do B / 43-PV) / FEDERAÇÃO PSOL REDE (50-PSOL / 18-REDE) / FEDERAÇÃO RENOVAÇÃO SOLIDÁRIA (25-PRD / 77-SOLIDARIEDADE) / REPUBLICANOS / MDB / MOBILIZA
2026;ES;GOVERNADOR;DEMOCRATA;#NULO;REPUBLICANOS / PL / DEMOCRATA
2026;GO;GOVERNADOR;AGIR;#NULO;REPUBLICANOS / MDB / PODE / MOBILIZA / DEMOCRATA / AGIR / PSD / AVANTE / FEDERAÇÃO RENOVAÇÃO SOLIDÁRIA (25-PRD / 77-SOLIDARIEDADE) / FEDERAÇÃO UNIÃO PROGRESSISTA (44-UNIÃO / 11-PP)
2026;AM;SENADOR;PL;#NULO;PL / NOVO
2026;DF;DEPUTADO DISTRITAL;PV;13-PT/65-PC do B/43-PV;FEDERAÇÃO BRASIL DA ESPERANÇA - FE BRASIL (13-PT / 65-PC do B / 43-PV)
2026;SE;DEPUTADO ESTADUAL;PCDOB;13-PT/65-PC do B/43-PV;FEDERAÇÃO BRASIL DA ESPERANÇA - FE BRASIL (13-PT / 65-PC do B / 43-PV)
2026;SC;DEPUTADO ESTADUAL;SOLIDARIEDADE;25-PRD/77-SOLIDARIEDADE;FEDERAÇÃO RENOVAÇÃO SOLIDÁRIA (25-PRD / 77-SOLIDARIEDADE)
2026;PB;1º SUPLENTE;REPUBLICANOS;#NULO;REPUBLICANOS / PODE / MOBILIZA / AGIR / PSB / FEDERAÇÃO BRASIL DA ESPERANÇA - FE BRASIL (13-PT / 65-PC do B / 43-PV) / FEDERAÇÃO RENOVAÇÃO SOLIDÁRIA (25-PRD / 77-SOLIDARIEDADE) / FEDERAÇÃO UNIÃO PROGRESSISTA (44-UNIÃO / 11-PP)
2026;RJ;DEPUTADO FEDERAL;PSTU;#NULO;PSTU
2026;MT;DEPUTADO FEDERAL;PP;44-UNIÃO/11-PP;FEDERAÇÃO UNIÃO PROGRESSISTA (44-UNIÃO / 11-PP)
2026;SC;GOVERNADOR;SOLIDARIEDADE;25-PRD/77-SOLIDARIEDADE;FEDERAÇÃO RENOVAÇÃO SOLIDÁRIA (25-PRD / 77-SOLIDARIEDADE)
2026;SC;GOVERNADOR;PL;#NULO;AVANTE / AGIR / DC / FEDERAÇÃO PSDB CIDADANIA (45-PSDB / 23-CIDADANIA) / NOVO / REPUBLICANOS / PODE / PL
2026;PB;1º SUPLENTE;PSD;#NULO;MDB / DEMOCRATA / PSD / FEDERAÇÃO PSDB CIDADANIA (45-PSDB / 23-CIDADANIA) / PDT
2026;DF;2º SUPLENTE;DC;#NULO;REPUBLICANOS / MDB / PODE / PL / FEDERAÇÃO RENOVAÇÃO SOLIDÁRIA (25-PRD / 77-SOLIDARIEDADE) / FEDERAÇÃO UNIÃO PROGRESSISTA (44-UNIÃO / 11-PP) / DC / MOBILIZA / DEMOCRATA
2026;BR;VICE-PRESIDENTE;AGIR;#NULO;AGIR / AVANTE
2026;RN;2º SUPLENTE;PDT;#NULO;PDT / PSB / FEDERAÇÃO BRASIL DA ESPERANÇA - FE BRASIL (13-PT / 65-PC do B / 43-PV)
2026;PA;1º SUPLENTE;PSB;#NULO;PSD / FEDERAÇÃO UNIÃO PROGRESSISTA (44-UNIÃO / 11-PP) / PSB / REPUBLICANOS / FEDERAÇÃO BRASIL DA ESPERANÇA - FE BRASIL (13-PT / 65-PC do B / 43-PV) / FEDERAÇÃO PSDB CIDADANIA (45-PSDB / 23-CIDADANIA) / MDB / AVANTE
2026;PE;DEPUTADO ESTADUAL;MDB;#NULO;MDB
2026;RJ;DEPUTADO ESTADUAL;PP;44-UNIÃO/11-PP;FEDERAÇÃO UNIÃO PROGRESSISTA (44-UNIÃO / 11-PP)
2026;AP;DEPUTADO FEDERAL;PP;44-UNIÃO/11-PP;FEDERAÇÃO UNIÃO PROGRESSISTA (44-UNIÃO / 11-PP)
2026;PR;DEPUTADO FEDERAL;PCO;#NULO;PCO
2026;SC;GOVERNADOR;UP;#NULO;UP
2026;DF;GOVERNADOR;PP;44-UNIÃO/11-PP;REPUBLICANOS / MDB / PODE / PL / DC / MOBILIZA / DEMOCRATA / FEDERAÇÃO RENOVAÇÃO SOLIDÁRIA (25-PRD / 77-SOLIDARIEDADE) / FEDERAÇÃO UNIÃO PROGRESSISTA (44-UNIÃO / 11-PP)
2026;CE;GOVERNADOR;REPUBLICANOS;#NULO;PSB / PDT / PODE / MOBILIZA / FEDERAÇÃO BRASIL DA ESPERANÇA - FE BRASIL (13-PT / 65-PC do B / 43-PV) / REPUBLICANOS / PSD / MDB / FEDERAÇÃO RENOVAÇÃO SOLIDÁRIA (25-PRD / 77-SOLIDARIEDADE) / FEDERAÇÃO PSOL REDE (50-PSOL / 18-REDE)
2026;RJ;DEPUTADO FEDERAL;SOLIDARIEDADE;25-PRD/77-SOLIDARIEDADE;FEDERAÇÃO RENOVAÇÃO SOLIDÁRIA (25-PRD / 77-SOLIDARIEDADE)
2026;RS;DEPUTADO FEDERAL;MDB;#NULO;MDB
2026;AL;DEPUTADO ESTADUAL;PL;#NULO;PL
2026;RN;DEPUTADO ESTADUAL;PSOL;50-PSOL/18-REDE;FEDERAÇÃO PSOL REDE (50-PSOL / 18-REDE)
2026;SC;2º SUPLENTE;UP;#NULO;UP
2026;BA;VICE-GOVERNADOR;DC;#NULO;DC
2026;RN;GOVERNADOR;UNIÃO;44-UNIÃO/11-PP;REPUBLICANOS / MDB / PSD / AVANTE / FEDERAÇÃO RENOVAÇÃO SOLIDÁRIA (25-PRD / 77-SOLIDARIEDADE) / FEDERAÇÃO UNIÃO PROGRESSISTA (44-UNIÃO / 11-PP)
2026;PR;GOVERNADOR;PSD;#NULO;REPUBLICANOS / MDB / DEMOCRATA / PSD / AVANTE / FEDERAÇÃO PSDB CIDADANIA (45-PSDB / 23-CIDADANIA) / FEDERAÇÃO UNIÃO PROGRESSISTA (44-UNIÃO / 11-PP)
2026;CE;SENADOR;REPUBLICANOS;#NULO;PDT / PODE / PSB / PSD / FEDERAÇÃO BRASIL DA ESPERANÇA - FE BRASIL (13-PT / 65-PC do B / 43-PV) / FEDERAÇÃO PSOL REDE (50-PSOL / 18-REDE) / FEDERAÇÃO RENOVAÇÃO SOLIDÁRIA (25-PRD / 77-SOLIDARIEDADE) / REPUBLICANOS / MDB / MOBILIZA
2026;SC;2º SUPLENTE;PP;44-UNIÃO/11-PP;MDB / PSD / FEDERAÇÃO UNIÃO PROGRESSISTA (44-UNIÃO / 11-PP)
2026;PB;SENADOR;PV;13-PT/65-PC do B/43-PV;REPUBLICANOS / PODE / MOBILIZA / AGIR / PSB / FEDERAÇÃO BRASIL DA ESPERANÇA - FE BRASIL (13-PT / 65-PC do B / 43-PV) / FEDERAÇÃO RENOVAÇÃO SOLIDÁRIA (25-PRD / 77-SOLIDARIEDADE) / FEDERAÇÃO UNIÃO PROGRESSISTA (44-UNIÃO / 11-PP)
2026;PI;SENADOR;PP;44-UNIÃO/11-PP;PODE / PL / FEDERAÇÃO RENOVAÇÃO SOLIDÁRIA (25-PRD / 77-SOLIDARIEDADE) / FEDERAÇÃO UNIÃO PROGRESSISTA (44-UNIÃO / 11-PP)
2026;GO;1º SUPLENTE;PCDOB;13-PT/65-PC do B/43-PV;PDT / PSB / FEDERAÇÃO BRASIL DA ESPERANÇA - FE BRASIL (13-PT / 65-PC do B / 43-PV) / FEDERAÇÃO PSOL REDE (50-PSOL / 18-REDE)
2026;AM;2º SUPLENTE;PCDOB;13-PT/65-PC do B/43-PV;REPUBLICANOS / MDB / PSD / FEDERAÇÃO BRASIL DA ESPERANÇA - FE BRASIL (13-PT / 65-PC do B / 43-PV)
2026;MA;GOVERNADOR;PCDOB;13-PT/65-PC do B/43-PV;FEDERAÇÃO BRASIL DA ESPERANÇA - FE BRASIL (13-PT / 65-PC do B / 43-PV) / PSB / FEDERAÇÃO PSOL REDE (50-PSOL / 18-REDE)
2026;SC;VICE-GOVERNADOR;PP;44-UNIÃO/11-PP;MDB / PSD / FEDERAÇÃO UNIÃO PROGRESSISTA (44-UNIÃO / 11-PP)
2026;BA;DEPUTADO ESTADUAL;PSOL;50-PSOL/18-REDE;FEDERAÇÃO PSOL REDE (50-PSOL / 18-REDE)
2026;RS;GOVERNADOR;PCDOB;13-PT/65-PC do B/43-PV;PDT / PSB / AVANTE / FEDERAÇÃO BRASIL DA ESPERANÇA - FE BRASIL (13-PT / 65-PC do B / 43-PV) / FEDERAÇÃO PSOL REDE (50-PSOL / 18-REDE)
2026;MS;2º SUPLENTE;PSB;#NULO;PDT / PSB / FEDERAÇÃO BRASIL DA ESPERANÇA - FE BRASIL (13-PT / 65-PC do B / 43-PV)
2026;PI;SENADOR;PCDOB;13-PT/65-PC do B/43-PV;REPUBLICANOS / PDT / MDB / PSD / FEDERAÇÃO BRASIL DA ESPERANÇA - FE BRASIL (13-PT / 65-PC do B / 43-PV)
2026;RR;2º SUPLENTE;PDT;#NULO;PDT / MDB
2026;PB;VICE-GOVERNADOR;PSDB;45-PSDB/23-CIDADANIA;MDB / DEMOCRATA / PSD / FEDERAÇÃO PSDB CIDADANIA (45-PSDB / 23-CIDADANIA) / PDT
2026;TO;VICE-GOVERNADOR;UNIÃO;44-UNIÃO/11-PP;REPUBLICANOS / PODE / AVANTE / PL / FEDERAÇÃO RENOVAÇÃO SOLIDÁRIA (25-PRD / 77-SOLIDARIEDADE) / FEDERAÇÃO UNIÃO PROGRESSISTA (44-UNIÃO / 11-PP)
2026;PB;GOVERNADOR;UNIÃO;44-UNIÃO/11-PP;PODE / MOBILIZA / FEDERAÇÃO BRASIL DA ESPERANÇA - FE BRASIL (13-PT / 65-PC do B / 43-PV) / AGIR / FEDERAÇÃO RENOVAÇÃO SOLIDÁRIA (25-PRD / 77-SOLIDARIEDADE) / FEDERAÇÃO UNIÃO PROGRESSISTA (44-UNIÃO / 11-PP) / REPUBLICANOS / PSB
2026;MG;DEPUTADO ESTADUAL;PCO;#NULO;PCO
2026;TO;DEPUTADO ESTADUAL;PSOL;50-PSOL/18-REDE;FEDERAÇÃO PSOL REDE (50-PSOL / 18-REDE)
2026;PR;DEPUTADO FEDERAL;SOLIDARIEDADE;25-PRD/77-SOLIDARIEDADE;FEDERAÇÃO RENOVAÇÃO SOLIDÁRIA (25-PRD / 77-SOLIDARIEDADE)
2026;TO;DEPUTADO ESTADUAL;PSD;#NULO;PSD
2026;PA;2º SUPLENTE;SOLIDARIEDADE;25-PRD/77-SOLIDARIEDADE;FEDERAÇÃO RENOVAÇÃO SOLIDÁRIA (25-PRD / 77-SOLIDARIEDADE)
2026;MT;DEPUTADO ESTADUAL;CIDADANIA;45-PSDB/23-CIDADANIA;FEDERAÇÃO PSDB CIDADANIA (45-PSDB / 23-CIDADANIA)
2026;PE;DEPUTADO FEDERAL;PCDOB;13-PT/65-PC do B/43-PV;FEDERAÇÃO BRASIL DA ESPERANÇA - FE BRASIL (13-PT / 65-PC do B / 43-PV)
2026;RJ;2º SUPLENTE;PRTB;#NULO;PRTB
2026;BA;SENADOR;REDE;50-PSOL/18-REDE;FEDERAÇÃO PSOL REDE (50-PSOL / 18-REDE)
2026;PI;VICE-GOVERNADOR;AVANTE;#NULO;NOVO / AVANTE
2026;RS;VICE-GOVERNADOR;AVANTE;#NULO;PDT / PSB / AVANTE / FEDERAÇÃO BRASIL DA ESPERANÇA - FE BRASIL (13-PT / 65-PC do B / 43-PV) / FEDERAÇÃO PSOL REDE (50-PSOL / 18-REDE)
2026;MT;2º SUPLENTE;PCDOB;13-PT/65-PC do B/43-PV;PDT / PSB / PSD / FEDERAÇÃO BRASIL DA ESPERANÇA - FE BRASIL (13-PT / 65-PC do B / 43-PV) / FEDERAÇÃO PSOL REDE (50-PSOL / 18-REDE)
2026;GO;GOVERNADOR;PCO;#NULO;PCO
2026;RS;DEPUTADO FEDERAL;NOVO;#NULO;NOVO
2026;TO;SENADOR;PSD;#NULO;FEDERAÇÃO BRASIL DA ESPERANÇA - FE BRASIL (13-PT / 65-PC do B / 43-PV) / PDT / PSB / PSD
2026;RR;DEPUTADO FEDERAL;PV;13-PT/65-PC do B/43-PV;FEDERAÇÃO BRASIL DA ESPERANÇA - FE BRASIL (13-PT / 65-PC do B / 43-PV)
2026;PI;1º SUPLENTE;REPUBLICANOS;#NULO;REPUBLICANOS / PDT / MDB / PSD / FEDERAÇÃO BRASIL DA ESPERANÇA - FE BRASIL (13-PT / 65-PC do B / 43-PV)
2026;PR;VICE-GOVERNADOR;PODE;#NULO;PODE / PL / NOVO
2026;RR;VICE-GOVERNADOR;PT;13-PT/65-PC do B/43-PV;FEDERAÇÃO BRASIL DA ESPERANÇA - FE BRASIL (13-PT / 65-PC do B / 43-PV) / FEDERAÇÃO PSOL REDE (50-PSOL / 18-REDE)
2026;RO;1º SUPLENTE;PDT;#NULO;PDT / MDB
2026;SC;1º SUPLENTE;PP;44-UNIÃO/11-PP;MDB / PSD / FEDERAÇÃO UNIÃO PROGRESSISTA (44-UNIÃO / 11-PP)
2026;CE;SENADOR;PSDB;45-PSDB/23-CIDADANIA;PL / DC / AVANTE / FEDERAÇÃO PSDB CIDADANIA (45-PSDB / 23-CIDADANIA) / FEDERAÇÃO UNIÃO PROGRESSISTA (44-UNIÃO / 11-PP)
2026;MS;1º SUPLENTE;REPUBLICANOS;#NULO;PL / FEDERAÇÃO UNIÃO PROGRESSISTA (44-UNIÃO / 11-PP) / REPUBLICANOS / FEDERAÇÃO PSDB CIDADANIA (45-PSDB / 23-CIDADANIA) / PSD / MDB / PODE / AVANTE
2026;SP;2º SUPLENTE;PDT;#NULO;PDT / PSB / FEDERAÇÃO BRASIL DA ESPERANÇA - FE BRASIL (13-PT / 65-PC do B / 43-PV) / FEDERAÇÃO PSOL REDE (50-PSOL / 18-REDE)
2026;AL;DEPUTADO FEDERAL;SOLIDARIEDADE;25-PRD/77-SOLIDARIEDADE;FEDERAÇÃO RENOVAÇÃO SOLIDÁRIA (25-PRD / 77-SOLIDARIEDADE)
2026;RN;2º SUPLENTE;REPUBLICANOS;#NULO;REPUBLICANOS / MDB / PSD / FEDERAÇÃO RENOVAÇÃO SOLIDÁRIA (25-PRD / 77-SOLIDARIEDADE) / FEDERAÇÃO UNIÃO PROGRESSISTA (44-UNIÃO / 11-PP) / AVANTE
2026;AL;GOVERNADOR;PL;#NULO;PDT / PL / DC / FEDERAÇÃO PSDB CIDADANIA (45-PSDB / 23-CIDADANIA) / FEDERAÇÃO RENOVAÇÃO SOLIDÁRIA (25-PRD / 77-SOLIDARIEDADE) / FEDERAÇÃO UNIÃO PROGRESSISTA (44-UNIÃO / 11-PP)
2026;MT;2º SUPLENTE;UNIÃO;44-UNIÃO/11-PP;REPUBLICANOS / PODE / FEDERAÇÃO PSDB CIDADANIA (45-PSDB / 23-CIDADANIA) / FEDERAÇÃO UNIÃO PROGRESSISTA (44-UNIÃO / 11-PP)
2026;RN;VICE-GOVERNADOR;PCDOB;13-PT/65-PC do B/43-PV;PDT / PSB / FEDERAÇÃO BRASIL DA ESPERANÇA - FE BRASIL (13-PT / 65-PC do B / 43-PV)
2026;RO;2º SUPLENTE;REPUBLICANOS;#NULO;REPUBLICANOS / FEDERAÇÃO UNIÃO PROGRESSISTA (44-UNIÃO / 11-PP)
2026;PB;VICE-GOVERNADOR;CIDADANIA;45-PSDB/23-CIDADANIA;MDB / DEMOCRATA / PSD / FEDERAÇÃO PSDB CIDADANIA (45-PSDB / 23-CIDADANIA) / PDT
2026;PE;GOVERNADOR;CIDADANIA;45-PSDB/23-CIDADANIA;PODE / PSD / AVANTE / FEDERAÇÃO PSDB CIDADANIA (45-PSDB / 23-CIDADANIA) / FEDERAÇÃO UNIÃO PROGRESSISTA (44-UNIÃO / 11-PP)
2026;AP;2º SUPLENTE;REPUBLICANOS;#NULO;REPUBLICANOS / PDT / AGIR / FEDERAÇÃO UNIÃO PROGRESSISTA (44-UNIÃO / 11-PP) / FEDERAÇÃO PSDB CIDADANIA (45-PSDB / 23-CIDADANIA) / FEDERAÇÃO BRASIL DA ESPERANÇA - FE BRASIL (13-PT / 65-PC do B / 43-PV) / FEDERAÇÃO RENOVAÇÃO SOLIDÁRIA (25-PRD / 77-SOLIDARIEDADE)
2026;PE;DEPUTADO ESTADUAL;PCDOB;13-PT/65-PC do B/43-PV;FEDERAÇÃO BRASIL DA ESPERANÇA - FE BRASIL (13-PT / 65-PC do B / 43-PV)
2026;MG;DEPUTADO ESTADUAL;PSTU;#NULO;PSTU
2026;RJ;DEPUTADO FEDERAL;MISSÃO;#NULO;MISSÃO
2026;SE;DEPUTADO ESTADUAL;REPUBLICANOS;#NULO;REPUBLICANOS
2026;AP;DEPUTADO FEDERAL;DC;#NULO;DC
2026;SE;DEPUTADO FEDERAL;REDE;50-PSOL/18-REDE;FEDERAÇÃO PSOL REDE (50-PSOL / 18-REDE)
2026;AM;2º SUPLENTE;PODE;#NULO;PSB / FEDERAÇÃO UNIÃO PROGRESSISTA (44-UNIÃO / 11-PP) / PODE
2026;GO;1º SUPLENTE;NOVO;#NULO;PL / NOVO
2026;RO;VICE-GOVERNADOR;PSD;#NULO;PSD / AVANTE / FEDERAÇÃO RENOVAÇÃO SOLIDÁRIA (25-PRD / 77-SOLIDARIEDADE)
2026;ES;VICE-GOVERNADOR;UP;#NULO;UP
2026;MS;DEPUTADO ESTADUAL;REPUBLICANOS;#NULO;REPUBLICANOS
2026;RS;SENADOR;PV;13-PT/65-PC do B/43-PV;PDT / PSB / AVANTE / FEDERAÇÃO BRASIL DA ESPERANÇA - FE BRASIL (13-PT / 65-PC do B / 43-PV) / FEDERAÇÃO PSOL REDE (50-PSOL / 18-REDE)
2026;RS;GOVERNADOR;PP;44-UNIÃO/11-PP;REPUBLICANOS / PODE / PL / DC / NOVO / FEDERAÇÃO UNIÃO PROGRESSISTA (44-UNIÃO / 11-PP)
2026;SC;GOVERNADOR;PSB;#NULO;PDT / PSB / FEDERAÇÃO PSOL REDE (50-PSOL / 18-REDE) / FEDERAÇÃO BRASIL DA ESPERANÇA - FE BRASIL (13-PT / 65-PC do B / 43-PV)
2026;TO;1º SUPLENTE;PCDOB;13-PT/65-PC do B/43-PV;FEDERAÇÃO BRASIL DA ESPERANÇA - FE BRASIL (13-PT / 65-PC do B / 43-PV) / PDT / PSB / PSD
2026;TO;GOVERNADOR;AVANTE;#NULO;REPUBLICANOS / PODE / AVANTE / PL / FEDERAÇÃO RENOVAÇÃO SOLIDÁRIA (25-PRD / 77-SOLIDARIEDADE) / FEDERAÇÃO UNIÃO PROGRESSISTA (44-UNIÃO / 11-PP)
2026;MG;DEPUTADO ESTADUAL;UP;#NULO;UP
2026;PR;DEPUTADO ESTADUAL;PSDB;45-PSDB/23-CIDADANIA;FEDERAÇÃO PSDB CIDADANIA (45-PSDB / 23-CIDADANIA)
2026;AL;DEPUTADO FEDERAL;PRD;25-PRD/77-SOLIDARIEDADE;FEDERAÇÃO RENOVAÇÃO SOLIDÁRIA (25-PRD / 77-SOLIDARIEDADE)
2026;ES;DEPUTADO ESTADUAL;CIDADANIA;45-PSDB/23-CIDADANIA;FEDERAÇÃO PSDB CIDADANIA (45-PSDB / 23-CIDADANIA)
2026;AP;SENADOR;PSD;#NULO;PODE / PL / NOVO / PSD
2026;MS;GOVERNADOR;PSDB;45-PSDB/23-CIDADANIA;FEDERAÇÃO UNIÃO PROGRESSISTA (44-UNIÃO / 11-PP) / PL / FEDERAÇÃO PSDB CIDADANIA (45-PSDB / 23-CIDADANIA) / PODE / AVANTE / REPUBLICANOS / PSD / MDB
2026;ES;2º SUPLENTE;PDT;#NULO;PDT / MDB / PODE / AGIR / PSB / FEDERAÇÃO PSDB CIDADANIA (45-PSDB / 23-CIDADANIA) / FEDERAÇÃO UNIÃO PROGRESSISTA (44-UNIÃO / 11-PP)
2026;PR;VICE-GOVERNADOR;DEMOCRATA;#NULO;REPUBLICANOS / MDB / DEMOCRATA / PSD / AVANTE / FEDERAÇÃO PSDB CIDADANIA (45-PSDB / 23-CIDADANIA) / FEDERAÇÃO UNIÃO PROGRESSISTA (44-UNIÃO / 11-PP)
2026;RR;2º SUPLENTE;PP;44-UNIÃO/11-PP;REPUBLICANOS / PODE / AGIR / PSD / FEDERAÇÃO UNIÃO PROGRESSISTA (44-UNIÃO / 11-PP)
2026;PE;DEPUTADO FEDERAL;REPUBLICANOS;#NULO;REPUBLICANOS
2026;MS;DEPUTADO FEDERAL;UNIÃO;44-UNIÃO/11-PP;FEDERAÇÃO UNIÃO PROGRESSISTA (44-UNIÃO / 11-PP)
2026;AP;DEPUTADO ESTADUAL;PDT;#NULO;PDT
2026;MA;DEPUTADO ESTADUAL;PP;44-UNIÃO/11-PP;FEDERAÇÃO UNIÃO PROGRESSISTA (44-UNIÃO / 11-PP)
2026;RR;DEPUTADO FEDERAL;CIDADANIA;45-PSDB/23-CIDADANIA;FEDERAÇÃO PSDB CIDADANIA (45-PSDB / 23-CIDADANIA)
2026;MA;VICE-GOVERNADOR;MISSÃO;#NULO;MISSÃO
2026;DF;VICE-GOVERNADOR;PCO;#NULO;PCO
2026;RS;2º SUPLENTE;PSOL;50-PSOL/18-REDE;PDT / PSB / AVANTE / FEDERAÇÃO BRASIL DA ESPERANÇA - FE BRASIL (13-PT / 65-PC do B / 43-PV) / FEDERAÇÃO PSOL REDE (50-PSOL / 18-REDE)
2026;PE;SENADOR;PCDOB;13-PT/65-PC do B/43-PV;REPUBLICANOS / PDT / MDB / DC / PSB / FEDERAÇÃO BRASIL DA ESPERANÇA - FE BRASIL (13-PT / 65-PC do B / 43-PV) / FEDERAÇÃO RENOVAÇÃO SOLIDÁRIA (25-PRD / 77-SOLIDARIEDADE)
2026;MS;SENADOR;PSD;#NULO;PL / FEDERAÇÃO UNIÃO PROGRESSISTA (44-UNIÃO / 11-PP) / REPUBLICANOS / FEDERAÇÃO PSDB CIDADANIA (45-PSDB / 23-CIDADANIA) / PSD / MDB / PODE / AVANTE
2026;PE;SENADOR;PDT;#NULO;REPUBLICANOS / PDT / MDB / DC / PSB / FEDERAÇÃO BRASIL DA ESPERANÇA - FE BRASIL (13-PT / 65-PC do B / 43-PV) / FEDERAÇÃO RENOVAÇÃO SOLIDÁRIA (25-PRD / 77-SOLIDARIEDADE)
2026;AM;VICE-GOVERNADOR;AVANTE;#NULO;PDT / DC / AGIR / AVANTE / FEDERAÇÃO RENOVAÇÃO SOLIDÁRIA (25-PRD / 77-SOLIDARIEDADE)
2026;MT;SENADOR;PSOL;50-PSOL/18-REDE;PDT / PSB / PSD / FEDERAÇÃO BRASIL DA ESPERANÇA - FE BRASIL (13-PT / 65-PC do B / 43-PV) / FEDERAÇÃO PSOL REDE (50-PSOL / 18-REDE)
2026;TO;VICE-GOVERNADOR;CIDADANIA;45-PSDB/23-CIDADANIA;MDB / FEDERAÇÃO PSDB CIDADANIA (45-PSDB / 23-CIDADANIA)
2026;PE;DEPUTADO ESTADUAL;PL;#NULO;PL
2026;RJ;DEPUTADO ESTADUAL;PCO;#NULO;PCO
2026;DF;1º SUPLENTE;DEMOCRATA;#NULO;REPUBLICANOS / MDB / PODE / PL / FEDERAÇÃO RENOVAÇÃO SOLIDÁRIA (25-PRD / 77-SOLIDARIEDADE) / FEDERAÇÃO UNIÃO PROGRESSISTA (44-UNIÃO / 11-PP) / DC / MOBILIZA / DEMOCRATA
2026;PB;VICE-GOVERNADOR;PP;44-UNIÃO/11-PP;PODE / MOBILIZA / FEDERAÇÃO BRASIL DA ESPERANÇA - FE BRASIL (13-PT / 65-PC do B / 43-PV) / AGIR / FEDERAÇÃO RENOVAÇÃO SOLIDÁRIA (25-PRD / 77-SOLIDARIEDADE) / FEDERAÇÃO UNIÃO PROGRESSISTA (44-UNIÃO / 11-PP) / REPUBLICANOS / PSB
2026;PB;2º SUPLENTE;PSDB;45-PSDB/23-CIDADANIA;MDB / DEMOCRATA / PSD / FEDERAÇÃO PSDB CIDADANIA (45-PSDB / 23-CIDADANIA) / PDT
2026;MT;GOVERNADOR;PP;44-UNIÃO/11-PP;FEDERAÇÃO PSDB CIDADANIA (45-PSDB / 23-CIDADANIA) / REPUBLICANOS / FEDERAÇÃO UNIÃO PROGRESSISTA (44-UNIÃO / 11-PP) / PODE
2026;ES;2º SUPLENTE;PRD;25-PRD/77-SOLIDARIEDADE;DC / FEDERAÇÃO RENOVAÇÃO SOLIDÁRIA (25-PRD / 77-SOLIDARIEDADE)
2026;ES;1º SUPLENTE;REPUBLICANOS;#NULO;REPUBLICANOS / PL / DEMOCRATA
2026;CE;VICE-GOVERNADOR;PV;13-PT/65-PC do B/43-PV;PSB / PDT / PODE / MOBILIZA / FEDERAÇÃO BRASIL DA ESPERANÇA - FE BRASIL (13-PT / 65-PC do B / 43-PV) / REPUBLICANOS / PSD / MDB / FEDERAÇÃO RENOVAÇÃO SOLIDÁRIA (25-PRD / 77-SOLIDARIEDADE) / FEDERAÇÃO PSOL REDE (50-PSOL / 18-REDE)
2026;AP;GOVERNADOR;PSDB;45-PSDB/23-CIDADANIA;REPUBLICANOS / PDT / AGIR / FEDERAÇÃO UNIÃO PROGRESSISTA (44-UNIÃO / 11-PP) / FEDERAÇÃO PSDB CIDADANIA (45-PSDB / 23-CIDADANIA) / FEDERAÇÃO BRASIL DA ESPERANÇA - FE BRASIL (13-PT / 65-PC do B / 43-PV) / FEDERAÇÃO RENOVAÇÃO SOLIDÁRIA (25-PRD / 77-SOLIDARIEDADE)
2026;BA;1º SUPLENTE;CIDADANIA;45-PSDB/23-CIDADANIA;REPUBLICANOS / PODE / PL / FEDERAÇÃO PSDB CIDADANIA (45-PSDB / 23-CIDADANIA) / FEDERAÇÃO UNIÃO PROGRESSISTA (44-UNIÃO / 11-PP) / FEDERAÇÃO RENOVAÇÃO SOLIDÁRIA (25-PRD / 77-SOLIDARIEDADE) / NOVO
2026;RS;GOVERNADOR;PSB;#NULO;PDT / PSB / AVANTE / FEDERAÇÃO BRASIL DA ESPERANÇA - FE BRASIL (13-PT / 65-PC do B / 43-PV) / FEDERAÇÃO PSOL REDE (50-PSOL / 18-REDE)
2026;PE;2º SUPLENTE;PRD;25-PRD/77-SOLIDARIEDADE;REPUBLICANOS / PDT / MDB / DC / PSB / FEDERAÇÃO BRASIL DA ESPERANÇA - FE BRASIL (13-PT / 65-PC do B / 43-PV) / FEDERAÇÃO RENOVAÇÃO SOLIDÁRIA (25-PRD / 77-SOLIDARIEDADE)
2026;BA;1º SUPLENTE;MDB;#NULO;PDT / MDB / PSB / PSD / AVANTE / FEDERAÇÃO BRASIL DA ESPERANÇA - FE BRASIL (13-PT / 65-PC do B / 43-PV)
2026;DF;GOVERNADOR;MOBILIZA;#NULO;REPUBLICANOS / MDB / PODE / PL / DC / MOBILIZA / DEMOCRATA / FEDERAÇÃO RENOVAÇÃO SOLIDÁRIA (25-PRD / 77-SOLIDARIEDADE) / FEDERAÇÃO UNIÃO PROGRESSISTA (44-UNIÃO / 11-PP)
2026;PI;VICE-GOVERNADOR;PP;44-UNIÃO/11-PP;PODE / FEDERAÇÃO RENOVAÇÃO SOLIDÁRIA (25-PRD / 77-SOLIDARIEDADE) / FEDERAÇÃO UNIÃO PROGRESSISTA (44-UNIÃO / 11-PP) / PL
2026;CE;DEPUTADO FEDERAL;PCO;#NULO;PCO
2026;PB;1º SUPLENTE;PL;#NULO;PL
2026;MT;DEPUTADO ESTADUAL;PP;44-UNIÃO/11-PP;FEDERAÇÃO UNIÃO PROGRESSISTA (44-UNIÃO / 11-PP)
2026;SC;1º SUPLENTE;AVANTE;#NULO;REPUBLICANOS / PODE / PL / DC / NOVO / AGIR / AVANTE / FEDERAÇÃO PSDB CIDADANIA (45-PSDB / 23-CIDADANIA)
2026;RS;1º SUPLENTE;PT;13-PT/65-PC do B/43-PV;PDT / PSB / AVANTE / FEDERAÇÃO BRASIL DA ESPERANÇA - FE BRASIL (13-PT / 65-PC do B / 43-PV) / FEDERAÇÃO PSOL REDE (50-PSOL / 18-REDE)
2026;RO;VICE-GOVERNADOR;DC;#NULO;PODE / PL / DC / NOVO / MOBILIZA
2026;SP;SENADOR;PDT;#NULO;PDT / PSB / FEDERAÇÃO BRASIL DA ESPERANÇA - FE BRASIL (13-PT / 65-PC do B / 43-PV) / FEDERAÇÃO PSOL REDE (50-PSOL / 18-REDE)
2026;MT;1º SUPLENTE;PSDB;45-PSDB/23-CIDADANIA;REPUBLICANOS / PODE / FEDERAÇÃO PSDB CIDADANIA (45-PSDB / 23-CIDADANIA) / FEDERAÇÃO UNIÃO PROGRESSISTA (44-UNIÃO / 11-PP)
2026;PR;VICE-GOVERNADOR;PDT;#NULO;PDT / FEDERAÇÃO BRASIL DA ESPERANÇA - FE BRASIL (13-PT / 65-PC do B / 43-PV) / FEDERAÇÃO PSOL REDE (50-PSOL / 18-REDE) / FEDERAÇÃO RENOVAÇÃO SOLIDÁRIA (25-PRD / 77-SOLIDARIEDADE)
2026;MS;1º SUPLENTE;PP;44-UNIÃO/11-PP;PL / FEDERAÇÃO UNIÃO PROGRESSISTA (44-UNIÃO / 11-PP) / REPUBLICANOS / FEDERAÇÃO PSDB CIDADANIA (45-PSDB / 23-CIDADANIA) / PSD / MDB / PODE / AVANTE
2026;PR;DEPUTADO FEDERAL;PCDOB;13-PT/65-PC do B/43-PV;FEDERAÇÃO BRASIL DA ESPERANÇA - FE BRASIL (13-PT / 65-PC do B / 43-PV)
2026;PR;DEPUTADO ESTADUAL;PCDOB;13-PT/65-PC do B/43-PV;FEDERAÇÃO BRASIL DA ESPERANÇA - FE BRASIL (13-PT / 65-PC do B / 43-PV)
2026;CE;1º SUPLENTE;SOLIDARIEDADE;25-PRD/77-SOLIDARIEDADE;PDT / PODE / PSB / PSD / FEDERAÇÃO BRASIL DA ESPERANÇA - FE BRASIL (13-PT / 65-PC do B / 43-PV) / FEDERAÇÃO PSOL REDE (50-PSOL / 18-REDE) / FEDERAÇÃO RENOVAÇÃO SOLIDÁRIA (25-PRD / 77-SOLIDARIEDADE) / REPUBLICANOS / MDB / MOBILIZA
2026;PR;VICE-GOVERNADOR;MDB;#NULO;REPUBLICANOS / MDB / DEMOCRATA / PSD / AVANTE / FEDERAÇÃO PSDB CIDADANIA (45-PSDB / 23-CIDADANIA) / FEDERAÇÃO UNIÃO PROGRESSISTA (44-UNIÃO / 11-PP)
2026;MG;GOVERNADOR;DC;#NULO;PSD / FEDERAÇÃO UNIÃO PROGRESSISTA (44-UNIÃO / 11-PP) / NOVO / AVANTE / FEDERAÇÃO RENOVAÇÃO SOLIDÁRIA (25-PRD / 77-SOLIDARIEDADE) / MOBILIZA / DC / AGIR
2026;RJ;2º SUPLENTE;PSD;#NULO;PDT / MDB / DC / FEDERAÇÃO BRASIL DA ESPERANÇA - FE BRASIL (13-PT / 65-PC do B / 43-PV) / PSB / PSD / FEDERAÇÃO PSDB CIDADANIA (45-PSDB / 23-CIDADANIA) / FEDERAÇÃO RENOVAÇÃO SOLIDÁRIA (25-PRD / 77-SOLIDARIEDADE)
2026;MS;2º SUPLENTE;PDT;#NULO;PDT / PSB / FEDERAÇÃO BRASIL DA ESPERANÇA - FE BRASIL (13-PT / 65-PC do B / 43-PV)
2026;RN;VICE-GOVERNADOR;PSOL;50-PSOL/18-REDE;FEDERAÇÃO PSOL REDE (50-PSOL / 18-REDE)
2026;MA;SENADOR;PSTU;#NULO;PSTU
2026;TO;DEPUTADO ESTADUAL;DEMOCRATA;#NULO;DEMOCRATA
2026;SP;GOVERNADOR;PL;#NULO;REPUBLICANOS / PL / MDB / DEMOCRATA / AVANTE / PSD / FEDERAÇÃO RENOVAÇÃO SOLIDÁRIA (25-PRD / 77-SOLIDARIEDADE) / FEDERAÇÃO UNIÃO PROGRESSISTA (44-UNIÃO / 11-PP)
2026;AL;GOVERNADOR;UP;#NULO;UP
2026;GO;GOVERNADOR;AVANTE;#NULO;REPUBLICANOS / MDB / PODE / MOBILIZA / DEMOCRATA / AGIR / PSD / AVANTE / FEDERAÇÃO RENOVAÇÃO SOLIDÁRIA (25-PRD / 77-SOLIDARIEDADE) / FEDERAÇÃO UNIÃO PROGRESSISTA (44-UNIÃO / 11-PP)
2026;AP;GOVERNADOR;PCO;#NULO;PCO
2026;RR;SENADOR;REDE;50-PSOL/18-REDE;FEDERAÇÃO PSOL REDE (50-PSOL / 18-REDE)
2026;SP;DEPUTADO ESTADUAL;REDE;50-PSOL/18-REDE;FEDERAÇÃO PSOL REDE (50-PSOL / 18-REDE)
2026;AC;SENADOR;REDE;50-PSOL/18-REDE;FEDERAÇÃO PSOL REDE (50-PSOL / 18-REDE)
2026;AP;GOVERNADOR;UNIÃO;44-UNIÃO/11-PP;REPUBLICANOS / PDT / AGIR / FEDERAÇÃO UNIÃO PROGRESSISTA (44-UNIÃO / 11-PP) / FEDERAÇÃO PSDB CIDADANIA (45-PSDB / 23-CIDADANIA) / FEDERAÇÃO BRASIL DA ESPERANÇA - FE BRASIL (13-PT / 65-PC do B / 43-PV) / FEDERAÇÃO RENOVAÇÃO SOLIDÁRIA (25-PRD / 77-SOLIDARIEDADE)
2026;BA;DEPUTADO FEDERAL;SOLIDARIEDADE;25-PRD/77-SOLIDARIEDADE;FEDERAÇÃO RENOVAÇÃO SOLIDÁRIA (25-PRD / 77-SOLIDARIEDADE)
2026;DF;DEPUTADO DISTRITAL;PCDOB;13-PT/65-PC do B/43-PV;FEDERAÇÃO BRASIL DA ESPERANÇA - FE BRASIL (13-PT / 65-PC do B / 43-PV)
2026;AP;DEPUTADO ESTADUAL;PCDOB;13-PT/65-PC do B/43-PV;FEDERAÇÃO BRASIL DA ESPERANÇA - FE BRASIL (13-PT / 65-PC do B / 43-PV)
2026;GO;SENADOR;MDB;#NULO;MDB
2026;PB;SENADOR;PL;#NULO;PL
2026;PI;2º SUPLENTE;NOVO;#NULO;NOVO / AVANTE
2026;AP;2º SUPLENTE;PCDOB;13-PT/65-PC do B/43-PV;REPUBLICANOS / PDT / AGIR / FEDERAÇÃO UNIÃO PROGRESSISTA (44-UNIÃO / 11-PP) / FEDERAÇÃO PSDB CIDADANIA (45-PSDB / 23-CIDADANIA) / FEDERAÇÃO BRASIL DA ESPERANÇA - FE BRASIL (13-PT / 65-PC do B / 43-PV) / FEDERAÇÃO RENOVAÇÃO SOLIDÁRIA (25-PRD / 77-SOLIDARIEDADE)
2026;SE;VICE-GOVERNADOR;PSB;#NULO;PSB / PSD / FEDERAÇÃO UNIÃO PROGRESSISTA (44-UNIÃO / 11-PP) / FEDERAÇÃO BRASIL DA ESPERANÇA - FE BRASIL (13-PT / 65-PC do B / 43-PV)
2026;SC;2º SUPLENTE;PL;#NULO;REPUBLICANOS / PODE / PL / DC / NOVO / AGIR / AVANTE / FEDERAÇÃO PSDB CIDADANIA (45-PSDB / 23-CIDADANIA)
2026;PR;1º SUPLENTE;CIDADANIA;45-PSDB/23-CIDADANIA;REPUBLICANOS / MDB / DEMOCRATA / PSD / AVANTE / FEDERAÇÃO PSDB CIDADANIA (45-PSDB / 23-CIDADANIA) / FEDERAÇÃO UNIÃO PROGRESSISTA (44-UNIÃO / 11-PP)
2026;AM;SENADOR;PSD;#NULO;REPUBLICANOS / MDB / PSD / FEDERAÇÃO BRASIL DA ESPERANÇA - FE BRASIL (13-PT / 65-PC do B / 43-PV)
2026;PR;2º SUPLENTE;MDB;#NULO;REPUBLICANOS / MDB / DEMOCRATA / PSD / AVANTE / FEDERAÇÃO PSDB CIDADANIA (45-PSDB / 23-CIDADANIA) / FEDERAÇÃO UNIÃO PROGRESSISTA (44-UNIÃO / 11-PP)
2026;MG;1º SUPLENTE;PSD;#NULO;PSD
2026;SE;VICE-GOVERNADOR;PSD;#NULO;PSB / PSD / FEDERAÇÃO UNIÃO PROGRESSISTA (44-UNIÃO / 11-PP) / FEDERAÇÃO BRASIL DA ESPERANÇA - FE BRASIL (13-PT / 65-PC do B / 43-PV)
2026;MA;DEPUTADO FEDERAL;PSOL;50-PSOL/18-REDE;FEDERAÇÃO PSOL REDE (50-PSOL / 18-REDE)
2026;TO;2º SUPLENTE;PODE;#NULO;PODE
2026;BR;VICE-PRESIDENTE;PSD;#NULO;PSD
2026;TO;1º SUPLENTE;PDT;#NULO;FEDERAÇÃO BRASIL DA ESPERANÇA - FE BRASIL (13-PT / 65-PC do B / 43-PV) / PDT / PSB / PSD
2026;PB;2º SUPLENTE;PSB;#NULO;REPUBLICANOS / PODE / MOBILIZA / AGIR / PSB / FEDERAÇÃO BRASIL DA ESPERANÇA - FE BRASIL (13-PT / 65-PC do B / 43-PV) / FEDERAÇÃO RENOVAÇÃO SOLIDÁRIA (25-PRD / 77-SOLIDARIEDADE) / FEDERAÇÃO UNIÃO PROGRESSISTA (44-UNIÃO / 11-PP)
2026;DF;DEPUTADO DISTRITAL;PDT;#NULO;PDT
2026;AM;DEPUTADO ESTADUAL;PV;13-PT/65-PC do B/43-PV;FEDERAÇÃO BRASIL DA ESPERANÇA - FE BRASIL (13-PT / 65-PC do B / 43-PV)
2026;SE;DEPUTADO FEDERAL;AVANTE;#NULO;AVANTE
2026;SP;SENADOR;UP;#NULO;UP
2026;SC;VICE-GOVERNADOR;PRD;25-PRD/77-SOLIDARIEDADE;FEDERAÇÃO RENOVAÇÃO SOLIDÁRIA (25-PRD / 77-SOLIDARIEDADE)
2026;BA;DEPUTADO ESTADUAL;AGIR;#NULO;AGIR
2026;PI;DEPUTADO FEDERAL;CIDADANIA;45-PSDB/23-CIDADANIA;FEDERAÇÃO PSDB CIDADANIA (45-PSDB / 23-CIDADANIA)
2026;RN;SENADOR;PSOL;50-PSOL/18-REDE;FEDERAÇÃO PSOL REDE (50-PSOL / 18-REDE)
2026;PR;2º SUPLENTE;MISSÃO;#NULO;MISSÃO
2026;DF;SENADOR;NOVO;#NULO;NOVO
2026;SP;VICE-GOVERNADOR;REPUBLICANOS;#NULO;REPUBLICANOS / PL / MDB / DEMOCRATA / AVANTE / PSD / FEDERAÇÃO RENOVAÇÃO SOLIDÁRIA (25-PRD / 77-SOLIDARIEDADE) / FEDERAÇÃO UNIÃO PROGRESSISTA (44-UNIÃO / 11-PP)
2026;SC;GOVERNADOR;PDT;#NULO;PDT / PSB / FEDERAÇÃO PSOL REDE (50-PSOL / 18-REDE) / FEDERAÇÃO BRASIL DA ESPERANÇA - FE BRASIL (13-PT / 65-PC do B / 43-PV)
2026;AC;GOVERNADOR;PV;13-PT/65-PC do B/43-PV;PODE / PSB / FEDERAÇÃO BRASIL DA ESPERANÇA - FE BRASIL (13-PT / 65-PC do B / 43-PV)
2026;RJ;SENADOR;PV;13-PT/65-PC do B/43-PV;PDT / MDB / DC / FEDERAÇÃO BRASIL DA ESPERANÇA - FE BRASIL (13-PT / 65-PC do B / 43-PV) / PSB / PSD / FEDERAÇÃO PSDB CIDADANIA (45-PSDB / 23-CIDADANIA) / FEDERAÇÃO RENOVAÇÃO SOLIDÁRIA (25-PRD / 77-SOLIDARIEDADE)
2026;AC;SENADOR;DEMOCRATA;#NULO;PDT / MDB / PL / DEMOCRATA / FEDERAÇÃO UNIÃO PROGRESSISTA (44-UNIÃO / 11-PP)
2026;SP;2º SUPLENTE;PSOL;50-PSOL/18-REDE;PDT / PSB / FEDERAÇÃO BRASIL DA ESPERANÇA - FE BRASIL (13-PT / 65-PC do B / 43-PV) / FEDERAÇÃO PSOL REDE (50-PSOL / 18-REDE)
2026;AP;GOVERNADOR;PP;44-UNIÃO/11-PP;REPUBLICANOS / PDT / AGIR / FEDERAÇÃO UNIÃO PROGRESSISTA (44-UNIÃO / 11-PP) / FEDERAÇÃO PSDB CIDADANIA (45-PSDB / 23-CIDADANIA) / FEDERAÇÃO BRASIL DA ESPERANÇA - FE BRASIL (13-PT / 65-PC do B / 43-PV) / FEDERAÇÃO RENOVAÇÃO SOLIDÁRIA (25-PRD / 77-SOLIDARIEDADE)
2026;RS;GOVERNADOR;PL;#NULO;REPUBLICANOS / PODE / PL / DC / NOVO / FEDERAÇÃO UNIÃO PROGRESSISTA (44-UNIÃO / 11-PP)
2026;AC;VICE-GOVERNADOR;PSDB;45-PSDB/23-CIDADANIA;FEDERAÇÃO RENOVAÇÃO SOLIDÁRIA (25-PRD / 77-SOLIDARIEDADE) / FEDERAÇÃO PSDB CIDADANIA (45-PSDB / 23-CIDADANIA)
2026;PA;2º SUPLENTE;REPUBLICANOS;#NULO;PSD / FEDERAÇÃO UNIÃO PROGRESSISTA (44-UNIÃO / 11-PP) / PSB / REPUBLICANOS / FEDERAÇÃO BRASIL DA ESPERANÇA - FE BRASIL (13-PT / 65-PC do B / 43-PV) / FEDERAÇÃO PSDB CIDADANIA (45-PSDB / 23-CIDADANIA) / MDB / AVANTE
2026;AP;VICE-GOVERNADOR;PL;#NULO;NOVO / PSD / PODE / PL
2026;RO;GOVERNADOR;PRD;25-PRD/77-SOLIDARIEDADE;PSD / AVANTE / FEDERAÇÃO RENOVAÇÃO SOLIDÁRIA (25-PRD / 77-SOLIDARIEDADE)
2026;AP;GOVERNADOR;AGIR;#NULO;REPUBLICANOS / PDT / AGIR / FEDERAÇÃO UNIÃO PROGRESSISTA (44-UNIÃO / 11-PP) / FEDERAÇÃO PSDB CIDADANIA (45-PSDB / 23-CIDADANIA) / FEDERAÇÃO BRASIL DA ESPERANÇA - FE BRASIL (13-PT / 65-PC do B / 43-PV) / FEDERAÇÃO RENOVAÇÃO SOLIDÁRIA (25-PRD / 77-SOLIDARIEDADE)
2026;RN;SENADOR;MDB;#NULO;REPUBLICANOS / MDB / PSD / FEDERAÇÃO RENOVAÇÃO SOLIDÁRIA (25-PRD / 77-SOLIDARIEDADE) / FEDERAÇÃO UNIÃO PROGRESSISTA (44-UNIÃO / 11-PP) / AVANTE
2026;MS;2º SUPLENTE;PSD;#NULO;PL / FEDERAÇÃO UNIÃO PROGRESSISTA (44-UNIÃO / 11-PP) / REPUBLICANOS / FEDERAÇÃO PSDB CIDADANIA (45-PSDB / 23-CIDADANIA) / PSD / MDB / PODE / AVANTE
2026;SE;1º SUPLENTE;AVANTE;#NULO;REPUBLICANOS / AVANTE
2026;PR;1º SUPLENTE;NOVO;#NULO;PODE / PL / NOVO
2026;BA;VICE-GOVERNADOR;PSDB;45-PSDB/23-CIDADANIA;REPUBLICANOS / PODE / PL / FEDERAÇÃO PSDB CIDADANIA (45-PSDB / 23-CIDADANIA) / FEDERAÇÃO RENOVAÇÃO SOLIDÁRIA (25-PRD / 77-SOLIDARIEDADE) / FEDERAÇÃO UNIÃO PROGRESSISTA (44-UNIÃO / 11-PP) / NOVO
2026;PA;GOVERNADOR;PSB;#NULO;REPUBLICANOS / MDB / PSB / PSD / AVANTE / FEDERAÇÃO PSDB CIDADANIA (45-PSDB / 23-CIDADANIA) / FEDERAÇÃO BRASIL DA ESPERANÇA - FE BRASIL (13-PT / 65-PC do B / 43-PV) / FEDERAÇÃO UNIÃO PROGRESSISTA (44-UNIÃO / 11-PP)
2026;PR;DEPUTADO FEDERAL;NOVO;#NULO;NOVO
2026;MT;DEPUTADO FEDERAL;MISSÃO;#NULO;MISSÃO
2026;TO;1º SUPLENTE;REPUBLICANOS;#NULO;REPUBLICANOS
2026;TO;DEPUTADO FEDERAL;PRD;25-PRD/77-SOLIDARIEDADE;FEDERAÇÃO RENOVAÇÃO SOLIDÁRIA (25-PRD / 77-SOLIDARIEDADE)
2026;RO;DEPUTADO FEDERAL;AVANTE;#NULO;AVANTE
2026;PB;DEPUTADO FEDERAL;PV;13-PT/65-PC do B/43-PV;FEDERAÇÃO BRASIL DA ESPERANÇA - FE BRASIL (13-PT / 65-PC do B / 43-PV)
2026;PE;DEPUTADO FEDERAL;PV;13-PT/65-PC do B/43-PV;FEDERAÇÃO BRASIL DA ESPERANÇA - FE BRASIL (13-PT / 65-PC do B / 43-PV)
2026;AM;VICE-GOVERNADOR;REDE;50-PSOL/18-REDE;FEDERAÇÃO PSOL REDE (50-PSOL / 18-REDE)
2026;RJ;VICE-GOVERNADOR;DC;#NULO;PDT / MDB / DC / PSB / PSD / FEDERAÇÃO PSDB CIDADANIA (45-PSDB / 23-CIDADANIA) / FEDERAÇÃO BRASIL DA ESPERANÇA - FE BRASIL (13-PT / 65-PC do B / 43-PV) / FEDERAÇÃO RENOVAÇÃO SOLIDÁRIA (25-PRD / 77-SOLIDARIEDADE)
2026;TO;VICE-GOVERNADOR;SOLIDARIEDADE;25-PRD/77-SOLIDARIEDADE;REPUBLICANOS / PODE / AVANTE / PL / FEDERAÇÃO RENOVAÇÃO SOLIDÁRIA (25-PRD / 77-SOLIDARIEDADE) / FEDERAÇÃO UNIÃO PROGRESSISTA (44-UNIÃO / 11-PP)
2026;PE;DEPUTADO ESTADUAL;UP;#NULO;UP
2026;RJ;GOVERNADOR;SOLIDARIEDADE;25-PRD/77-SOLIDARIEDADE;PDT / MDB / DC / PSB / PSD / FEDERAÇÃO PSDB CIDADANIA (45-PSDB / 23-CIDADANIA) / FEDERAÇÃO BRASIL DA ESPERANÇA - FE BRASIL (13-PT / 65-PC do B / 43-PV) / FEDERAÇÃO RENOVAÇÃO SOLIDÁRIA (25-PRD / 77-SOLIDARIEDADE)
2026;RR;VICE-GOVERNADOR;PL;#NULO;PL / NOVO
2026;AP;GOVERNADOR;PRD;25-PRD/77-SOLIDARIEDADE;REPUBLICANOS / PDT / AGIR / FEDERAÇÃO UNIÃO PROGRESSISTA (44-UNIÃO / 11-PP) / FEDERAÇÃO PSDB CIDADANIA (45-PSDB / 23-CIDADANIA) / FEDERAÇÃO BRASIL DA ESPERANÇA - FE BRASIL (13-PT / 65-PC do B / 43-PV) / FEDERAÇÃO RENOVAÇÃO SOLIDÁRIA (25-PRD / 77-SOLIDARIEDADE)
2026;DF;VICE-GOVERNADOR;PV;13-PT/65-PC do B/43-PV;PDT / FEDERAÇÃO BRASIL DA ESPERANÇA - FE BRASIL (13-PT / 65-PC do B / 43-PV) / FEDERAÇÃO PSOL REDE (50-PSOL / 18-REDE)
2026;MG;1º SUPLENTE;PDT;#NULO;PDT / FEDERAÇÃO PSDB CIDADANIA (45-PSDB / 23-CIDADANIA)
2026;AC;SENADOR;UNIÃO;44-UNIÃO/11-PP;PDT / MDB / PL / DEMOCRATA / FEDERAÇÃO UNIÃO PROGRESSISTA (44-UNIÃO / 11-PP)
2026;SP;DEPUTADO ESTADUAL;NOVO;#NULO;NOVO
2026;AL;1º SUPLENTE;REPUBLICANOS;#NULO;REPUBLICANOS
2026;PA;DEPUTADO FEDERAL;SOLIDARIEDADE;25-PRD/77-SOLIDARIEDADE;FEDERAÇÃO RENOVAÇÃO SOLIDÁRIA (25-PRD / 77-SOLIDARIEDADE)
2026;SE;GOVERNADOR;CIDADANIA;45-PSDB/23-CIDADANIA;FEDERAÇÃO PSDB CIDADANIA (45-PSDB / 23-CIDADANIA)
2026;AC;DEPUTADO FEDERAL;PODE;#NULO;PODE
2026;AL;DEPUTADO FEDERAL;UP;#NULO;UP
2026;SC;DEPUTADO ESTADUAL;AVANTE;#NULO;AVANTE
2026;AL;1º SUPLENTE;DEMOCRATA;#NULO;DEMOCRATA
2026;SP;GOVERNADOR;PCO;#NULO;PCO
2026;RN;VICE-GOVERNADOR;PSDB;45-PSDB/23-CIDADANIA;PODE / PL / NOVO / FEDERAÇÃO PSDB CIDADANIA (45-PSDB / 23-CIDADANIA) / MOBILIZA
2026;TO;SENADOR;CIDADANIA;45-PSDB/23-CIDADANIA;MDB / FEDERAÇÃO PSDB CIDADANIA (45-PSDB / 23-CIDADANIA)
2026;AC;SENADOR;PRD;25-PRD/77-SOLIDARIEDADE;FEDERAÇÃO PSDB CIDADANIA (45-PSDB / 23-CIDADANIA) / FEDERAÇÃO RENOVAÇÃO SOLIDÁRIA (25-PRD / 77-SOLIDARIEDADE)
2026;MT;VICE-GOVERNADOR;PDT;#NULO;PDT / PSB / PSD / FEDERAÇÃO BRASIL DA ESPERANÇA - FE BRASIL (13-PT / 65-PC do B / 43-PV) / FEDERAÇÃO PSOL REDE (50-PSOL / 18-REDE)
2026;PR;SENADOR;MISSÃO;#NULO;MISSÃO
2026;MS;1º SUPLENTE;NOVO;#NULO;NOVO
2026;MT;DEPUTADO ESTADUAL;MDB;#NULO;MDB
2026;RJ;DEPUTADO ESTADUAL;PV;13-PT/65-PC do B/43-PV;FEDERAÇÃO BRASIL DA ESPERANÇA - FE BRASIL (13-PT / 65-PC do B / 43-PV)
2026;AC;GOVERNADOR;SOLIDARIEDADE;25-PRD/77-SOLIDARIEDADE;FEDERAÇÃO RENOVAÇÃO SOLIDÁRIA (25-PRD / 77-SOLIDARIEDADE) / FEDERAÇÃO PSDB CIDADANIA (45-PSDB / 23-CIDADANIA)
2026;SC;SENADOR;NOVO;#NULO;REPUBLICANOS / PODE / PL / DC / NOVO / AGIR / AVANTE / FEDERAÇÃO PSDB CIDADANIA (45-PSDB / 23-CIDADANIA)
2026;MA;VICE-GOVERNADOR;PSOL;50-PSOL/18-REDE;FEDERAÇÃO BRASIL DA ESPERANÇA - FE BRASIL (13-PT / 65-PC do B / 43-PV) / PSB / FEDERAÇÃO PSOL REDE (50-PSOL / 18-REDE)
2026;AP;VICE-GOVERNADOR;CIDADANIA;45-PSDB/23-CIDADANIA;REPUBLICANOS / PDT / AGIR / FEDERAÇÃO UNIÃO PROGRESSISTA (44-UNIÃO / 11-PP) / FEDERAÇÃO PSDB CIDADANIA (45-PSDB / 23-CIDADANIA) / FEDERAÇÃO BRASIL DA ESPERANÇA - FE BRASIL (13-PT / 65-PC do B / 43-PV) / FEDERAÇÃO RENOVAÇÃO SOLIDÁRIA (25-PRD / 77-SOLIDARIEDADE)
2026;PI;DEPUTADO FEDERAL;REPUBLICANOS;#NULO;REPUBLICANOS
2026;MT;1º SUPLENTE;AVANTE;#NULO;AVANTE
2026;SP;SENADOR;NOVO;#NULO;NOVO
2026;MA;1º SUPLENTE;DC;#NULO;DC
2026;ES;1º SUPLENTE;PDT;#NULO;PDT / MDB / PODE / AGIR / PSB / FEDERAÇÃO PSDB CIDADANIA (45-PSDB / 23-CIDADANIA) / FEDERAÇÃO UNIÃO PROGRESSISTA (44-UNIÃO / 11-PP)
2026;MA;1º SUPLENTE;REPUBLICANOS;#NULO;REPUBLICANOS / PDT / MDB / PODE / FEDERAÇÃO RENOVAÇÃO SOLIDÁRIA (25-PRD / 77-SOLIDARIEDADE)
2026;MG;VICE-GOVERNADOR;PSD;#NULO;PSD / FEDERAÇÃO UNIÃO PROGRESSISTA (44-UNIÃO / 11-PP) / NOVO / AVANTE / FEDERAÇÃO RENOVAÇÃO SOLIDÁRIA (25-PRD / 77-SOLIDARIEDADE) / MOBILIZA / DC / AGIR
2026;RS;GOVERNADOR;MDB;#NULO;MDB / PSD / FEDERAÇÃO RENOVAÇÃO SOLIDÁRIA (25-PRD / 77-SOLIDARIEDADE)
2026;PR;GOVERNADOR;SOLIDARIEDADE;25-PRD/77-SOLIDARIEDADE;PDT / FEDERAÇÃO BRASIL DA ESPERANÇA - FE BRASIL (13-PT / 65-PC do B / 43-PV) / FEDERAÇÃO PSOL REDE (50-PSOL / 18-REDE) / FEDERAÇÃO RENOVAÇÃO SOLIDÁRIA (25-PRD / 77-SOLIDARIEDADE)
2026;RS;DEPUTADO FEDERAL;CIDADANIA;45-PSDB/23-CIDADANIA;FEDERAÇÃO PSDB CIDADANIA (45-PSDB / 23-CIDADANIA)
2026;MS;SENADOR;PDT;#NULO;PDT / PSB / FEDERAÇÃO BRASIL DA ESPERANÇA - FE BRASIL (13-PT / 65-PC do B / 43-PV)
2026;SC;1º SUPLENTE;NOVO;#NULO;REPUBLICANOS / PODE / PL / DC / NOVO / AGIR / AVANTE / FEDERAÇÃO PSDB CIDADANIA (45-PSDB / 23-CIDADANIA)
2026;TO;DEPUTADO ESTADUAL;PSDB;45-PSDB/23-CIDADANIA;FEDERAÇÃO PSDB CIDADANIA (45-PSDB / 23-CIDADANIA)
2026;TO;DEPUTADO FEDERAL;PCDOB;13-PT/65-PC do B/43-PV;FEDERAÇÃO BRASIL DA ESPERANÇA - FE BRASIL (13-PT / 65-PC do B / 43-PV)
2026;DF;GOVERNADOR;CIDADANIA;45-PSDB/23-CIDADANIA;FEDERAÇÃO PSDB CIDADANIA (45-PSDB / 23-CIDADANIA)
2026;PA;VICE-GOVERNADOR;DC;#NULO;PODE / PL / DC / NOVO / FEDERAÇÃO RENOVAÇÃO SOLIDÁRIA (25-PRD / 77-SOLIDARIEDADE)
2026;SE;VICE-GOVERNADOR;PODE;#NULO;PODE / PL / NOVO
2026;BA;1º SUPLENTE;REPUBLICANOS;#NULO;REPUBLICANOS / PODE / PL / FEDERAÇÃO PSDB CIDADANIA (45-PSDB / 23-CIDADANIA) / FEDERAÇÃO UNIÃO PROGRESSISTA (44-UNIÃO / 11-PP) / FEDERAÇÃO RENOVAÇÃO SOLIDÁRIA (25-PRD / 77-SOLIDARIEDADE) / NOVO
2026;RR;VICE-GOVERNADOR;NOVO;#NULO;PL / NOVO
2026;RS;SENADOR;UNIÃO;44-UNIÃO/11-PP;REPUBLICANOS / PODE / DC / NOVO / PL / FEDERAÇÃO UNIÃO PROGRESSISTA (44-UNIÃO / 11-PP)
2026;AC;1º SUPLENTE;MDB;#NULO;PDT / MDB / PL / DEMOCRATA / FEDERAÇÃO UNIÃO PROGRESSISTA (44-UNIÃO / 11-PP)
2026;RO;1º SUPLENTE;PSB;#NULO;PSB
2026;DF;VICE-GOVERNADOR;SOLIDARIEDADE;25-PRD/77-SOLIDARIEDADE;REPUBLICANOS / MDB / PODE / PL / DC / MOBILIZA / DEMOCRATA / FEDERAÇÃO RENOVAÇÃO SOLIDÁRIA (25-PRD / 77-SOLIDARIEDADE) / FEDERAÇÃO UNIÃO PROGRESSISTA (44-UNIÃO / 11-PP)
2026;BA;GOVERNADOR;PODE;#NULO;REPUBLICANOS / PODE / PL / FEDERAÇÃO PSDB CIDADANIA (45-PSDB / 23-CIDADANIA) / FEDERAÇÃO RENOVAÇÃO SOLIDÁRIA (25-PRD / 77-SOLIDARIEDADE) / FEDERAÇÃO UNIÃO PROGRESSISTA (44-UNIÃO / 11-PP) / NOVO
2026;PA;SENADOR;UNIÃO;44-UNIÃO/11-PP;PSD / FEDERAÇÃO UNIÃO PROGRESSISTA (44-UNIÃO / 11-PP) / PSB / REPUBLICANOS / FEDERAÇÃO BRASIL DA ESPERANÇA - FE BRASIL (13-PT / 65-PC do B / 43-PV) / FEDERAÇÃO PSDB CIDADANIA (45-PSDB / 23-CIDADANIA) / MDB / AVANTE
2026;BA;SENADOR;CIDADANIA;45-PSDB/23-CIDADANIA;REPUBLICANOS / PODE / PL / FEDERAÇÃO PSDB CIDADANIA (45-PSDB / 23-CIDADANIA) / FEDERAÇÃO UNIÃO PROGRESSISTA (44-UNIÃO / 11-PP) / FEDERAÇÃO RENOVAÇÃO SOLIDÁRIA (25-PRD / 77-SOLIDARIEDADE) / NOVO
2026;MA;VICE-GOVERNADOR;PDT;#NULO;MDB / PDT / REPUBLICANOS / PODE / FEDERAÇÃO RENOVAÇÃO SOLIDÁRIA (25-PRD / 77-SOLIDARIEDADE)
2026;AM;2º SUPLENTE;PL;#NULO;PL / NOVO
2026;SC;VICE-GOVERNADOR;PSOL;50-PSOL/18-REDE;PDT / PSB / FEDERAÇÃO PSOL REDE (50-PSOL / 18-REDE) / FEDERAÇÃO BRASIL DA ESPERANÇA - FE BRASIL (13-PT / 65-PC do B / 43-PV)
2026;MT;GOVERNADOR;PCDOB;13-PT/65-PC do B/43-PV;PDT / PSB / PSD / FEDERAÇÃO BRASIL DA ESPERANÇA - FE BRASIL (13-PT / 65-PC do B / 43-PV) / FEDERAÇÃO PSOL REDE (50-PSOL / 18-REDE)
2026;MT;2º SUPLENTE;PV;13-PT/65-PC do B/43-PV;PDT / PSB / PSD / FEDERAÇÃO BRASIL DA ESPERANÇA - FE BRASIL (13-PT / 65-PC do B / 43-PV) / FEDERAÇÃO PSOL REDE (50-PSOL / 18-REDE)
2026;AC;2º SUPLENTE;REPUBLICANOS;#NULO;REPUBLICANOS / PSD / AVANTE / NOVO
2026;RS;VICE-GOVERNADOR;PRD;25-PRD/77-SOLIDARIEDADE;MDB / PSD / FEDERAÇÃO RENOVAÇÃO SOLIDÁRIA (25-PRD / 77-SOLIDARIEDADE)
2026;PB;SENADOR;PRD;25-PRD/77-SOLIDARIEDADE;REPUBLICANOS / PODE / MOBILIZA / AGIR / PSB / FEDERAÇÃO BRASIL DA ESPERANÇA - FE BRASIL (13-PT / 65-PC do B / 43-PV) / FEDERAÇÃO RENOVAÇÃO SOLIDÁRIA (25-PRD / 77-SOLIDARIEDADE) / FEDERAÇÃO UNIÃO PROGRESSISTA (44-UNIÃO / 11-PP)
2026;AM;VICE-GOVERNADOR;REPUBLICANOS;#NULO;REPUBLICANOS / MDB / PSD / FEDERAÇÃO BRASIL DA ESPERANÇA - FE BRASIL (13-PT / 65-PC do B / 43-PV)
2026;BA;SENADOR;PL;#NULO;REPUBLICANOS / PODE / PL / FEDERAÇÃO PSDB CIDADANIA (45-PSDB / 23-CIDADANIA) / FEDERAÇÃO UNIÃO PROGRESSISTA (44-UNIÃO / 11-PP) / FEDERAÇÃO RENOVAÇÃO SOLIDÁRIA (25-PRD / 77-SOLIDARIEDADE) / NOVO
2026;MT;VICE-GOVERNADOR;PV;13-PT/65-PC do B/43-PV;PDT / PSB / PSD / FEDERAÇÃO BRASIL DA ESPERANÇA - FE BRASIL (13-PT / 65-PC do B / 43-PV) / FEDERAÇÃO PSOL REDE (50-PSOL / 18-REDE)
2026;DF;2º SUPLENTE;SOLIDARIEDADE;25-PRD/77-SOLIDARIEDADE;REPUBLICANOS / MDB / PODE / PL / FEDERAÇÃO RENOVAÇÃO SOLIDÁRIA (25-PRD / 77-SOLIDARIEDADE) / FEDERAÇÃO UNIÃO PROGRESSISTA (44-UNIÃO / 11-PP) / DC / MOBILIZA / DEMOCRATA
2026;SC;VICE-GOVERNADOR;PCDOB;13-PT/65-PC do B/43-PV;PDT / PSB / FEDERAÇÃO PSOL REDE (50-PSOL / 18-REDE) / FEDERAÇÃO BRASIL DA ESPERANÇA - FE BRASIL (13-PT / 65-PC do B / 43-PV)
2026;DF;GOVERNADOR;PSOL;50-PSOL/18-REDE;PDT / FEDERAÇÃO BRASIL DA ESPERANÇA - FE BRASIL (13-PT / 65-PC do B / 43-PV) / FEDERAÇÃO PSOL REDE (50-PSOL / 18-REDE)
2026;MG;DEPUTADO FEDERAL;PP;44-UNIÃO/11-PP;FEDERAÇÃO UNIÃO PROGRESSISTA (44-UNIÃO / 11-PP)
2026;MG;GOVERNADOR;UP;#NULO;UP
2026;RO;DEPUTADO FEDERAL;REDE;50-PSOL/18-REDE;FEDERAÇÃO PSOL REDE (50-PSOL / 18-REDE)
2026;GO;DEPUTADO FEDERAL;PDT;#NULO;PDT
2026;PI;1º SUPLENTE;PCO;#NULO;PCO
2026;AM;DEPUTADO ESTADUAL;PSB;#NULO;PSB
2026;AM;DEPUTADO ESTADUAL;UNIÃO;44-UNIÃO/11-PP;FEDERAÇÃO UNIÃO PROGRESSISTA (44-UNIÃO / 11-PP)
2026;PB;DEPUTADO ESTADUAL;PDT;#NULO;PDT
2026;AM;2º SUPLENTE;MOBILIZA;#NULO;MOBILIZA
2026;TO;SENADOR;UNIÃO;44-UNIÃO/11-PP;FEDERAÇÃO UNIÃO PROGRESSISTA (44-UNIÃO / 11-PP)
2026;SC;1º SUPLENTE;PV;13-PT/65-PC do B/43-PV;PDT / PSB / FEDERAÇÃO BRASIL DA ESPERANÇA - FE BRASIL (13-PT / 65-PC do B / 43-PV) / FEDERAÇÃO PSOL REDE (50-PSOL / 18-REDE)
2026;RS;SENADOR;NOVO;#NULO;REPUBLICANOS / PODE / DC / NOVO / PL / FEDERAÇÃO UNIÃO PROGRESSISTA (44-UNIÃO / 11-PP)
2026;RR;1º SUPLENTE;REPUBLICANOS;#NULO;REPUBLICANOS / PODE / AGIR / PSD / FEDERAÇÃO UNIÃO PROGRESSISTA (44-UNIÃO / 11-PP)
2026;MT;2º SUPLENTE;PSB;#NULO;PDT / PSB / PSD / FEDERAÇÃO BRASIL DA ESPERANÇA - FE BRASIL (13-PT / 65-PC do B / 43-PV) / FEDERAÇÃO PSOL REDE (50-PSOL / 18-REDE)
2026;MT;VICE-GOVERNADOR;AGIR;#NULO;AGIR
2026;AP;SENADOR;PSB;#NULO;PSB
2026;TO;1º SUPLENTE;UNIÃO;44-UNIÃO/11-PP;FEDERAÇÃO UNIÃO PROGRESSISTA (44-UNIÃO / 11-PP)
2026;PR;VICE-GOVERNADOR;CIDADANIA;45-PSDB/23-CIDADANIA;REPUBLICANOS / MDB / DEMOCRATA / PSD / AVANTE / FEDERAÇÃO PSDB CIDADANIA (45-PSDB / 23-CIDADANIA) / FEDERAÇÃO UNIÃO PROGRESSISTA (44-UNIÃO / 11-PP)
2026;PA;1º SUPLENTE;UNIÃO;44-UNIÃO/11-PP;PSD / FEDERAÇÃO UNIÃO PROGRESSISTA (44-UNIÃO / 11-PP) / PSB / REPUBLICANOS / FEDERAÇÃO BRASIL DA ESPERANÇA - FE BRASIL (13-PT / 65-PC do B / 43-PV) / FEDERAÇÃO PSDB CIDADANIA (45-PSDB / 23-CIDADANIA) / MDB / AVANTE
2026;PB;SENADOR;MDB;#NULO;MDB / DEMOCRATA / PSD / FEDERAÇÃO PSDB CIDADANIA (45-PSDB / 23-CIDADANIA) / PDT
2026;RR;2º SUPLENTE;PSOL;50-PSOL/18-REDE;FEDERAÇÃO PSOL REDE (50-PSOL / 18-REDE)
2026;SP;DEPUTADO ESTADUAL;PSOL;50-PSOL/18-REDE;FEDERAÇÃO PSOL REDE (50-PSOL / 18-REDE)
2026;SP;DEPUTADO ESTADUAL;PV;13-PT/65-PC do B/43-PV;FEDERAÇÃO BRASIL DA ESPERANÇA - FE BRASIL (13-PT / 65-PC do B / 43-PV)
2026;CE;VICE-GOVERNADOR;PSTU;#NULO;PSTU
2026;BA;2º SUPLENTE;PSOL;50-PSOL/18-REDE;FEDERAÇÃO PSOL REDE (50-PSOL / 18-REDE)
2026;DF;1º SUPLENTE;MOBILIZA;#NULO;REPUBLICANOS / MDB / PODE / PL / FEDERAÇÃO RENOVAÇÃO SOLIDÁRIA (25-PRD / 77-SOLIDARIEDADE) / FEDERAÇÃO UNIÃO PROGRESSISTA (44-UNIÃO / 11-PP) / DC / MOBILIZA / DEMOCRATA
2026;AM;GOVERNADOR;PL;#NULO;PL / NOVO
2026;PB;GOVERNADOR;PP;44-UNIÃO/11-PP;PODE / MOBILIZA / FEDERAÇÃO BRASIL DA ESPERANÇA - FE BRASIL (13-PT / 65-PC do B / 43-PV) / AGIR / FEDERAÇÃO RENOVAÇÃO SOLIDÁRIA (25-PRD / 77-SOLIDARIEDADE) / FEDERAÇÃO UNIÃO PROGRESSISTA (44-UNIÃO / 11-PP) / REPUBLICANOS / PSB
2026;BA;1º SUPLENTE;PV;13-PT/65-PC do B/43-PV;PDT / MDB / PSB / PSD / AVANTE / FEDERAÇÃO BRASIL DA ESPERANÇA - FE BRASIL (13-PT / 65-PC do B / 43-PV)
2026;PI;2º SUPLENTE;PL;#NULO;PODE / PL / FEDERAÇÃO RENOVAÇÃO SOLIDÁRIA (25-PRD / 77-SOLIDARIEDADE) / FEDERAÇÃO UNIÃO PROGRESSISTA (44-UNIÃO / 11-PP)
2026;MG;VICE-GOVERNADOR;AGIR;#NULO;PSD / FEDERAÇÃO UNIÃO PROGRESSISTA (44-UNIÃO / 11-PP) / NOVO / AVANTE / FEDERAÇÃO RENOVAÇÃO SOLIDÁRIA (25-PRD / 77-SOLIDARIEDADE) / MOBILIZA / DC / AGIR
2026;RN;SENADOR;PSDB;45-PSDB/23-CIDADANIA;PODE / PL / NOVO / FEDERAÇÃO PSDB CIDADANIA (45-PSDB / 23-CIDADANIA) / MOBILIZA
2026;RR;1º SUPLENTE;PSDB;45-PSDB/23-CIDADANIA;PSB / FEDERAÇÃO PSDB CIDADANIA (45-PSDB / 23-CIDADANIA)
2026;RN;GOVERNADOR;AGIR;#NULO;AGIR
2026;AC;SENADOR;PSDB;45-PSDB/23-CIDADANIA;FEDERAÇÃO PSDB CIDADANIA (45-PSDB / 23-CIDADANIA) / FEDERAÇÃO RENOVAÇÃO SOLIDÁRIA (25-PRD / 77-SOLIDARIEDADE)
2026;RS;VICE-GOVERNADOR;PT;13-PT/65-PC do B/43-PV;PDT / PSB / AVANTE / FEDERAÇÃO BRASIL DA ESPERANÇA - FE BRASIL (13-PT / 65-PC do B / 43-PV) / FEDERAÇÃO PSOL REDE (50-PSOL / 18-REDE)
2026;PE;GOVERNADOR;REDE;50-PSOL/18-REDE;PCB / FEDERAÇÃO PSOL REDE (50-PSOL / 18-REDE)
2026;PE;DEPUTADO ESTADUAL;UNIÃO;44-UNIÃO/11-PP;FEDERAÇÃO UNIÃO PROGRESSISTA (44-UNIÃO / 11-PP)
2026;RN;DEPUTADO ESTADUAL;PSTU;#NULO;PSTU
2026;PR;DEPUTADO ESTADUAL;PCO;#NULO;PCO
2026;AP;DEPUTADO ESTADUAL;PCO;#NULO;PCO
2026;PB;DEPUTADO ESTADUAL;PV;13-PT/65-PC do B/43-PV;FEDERAÇÃO BRASIL DA ESPERANÇA - FE BRASIL (13-PT / 65-PC do B / 43-PV)
2026;MT;GOVERNADOR;NOVO;#NULO;MDB / PL / NOVO / FEDERAÇÃO RENOVAÇÃO SOLIDÁRIA (25-PRD / 77-SOLIDARIEDADE)
2026;RS;VICE-GOVERNADOR;PV;13-PT/65-PC do B/43-PV;PDT / PSB / AVANTE / FEDERAÇÃO BRASIL DA ESPERANÇA - FE BRASIL (13-PT / 65-PC do B / 43-PV) / FEDERAÇÃO PSOL REDE (50-PSOL / 18-REDE)
2026;SP;1º SUPLENTE;REDE;50-PSOL/18-REDE;PDT / PSB / FEDERAÇÃO BRASIL DA ESPERANÇA - FE BRASIL (13-PT / 65-PC do B / 43-PV) / FEDERAÇÃO PSOL REDE (50-PSOL / 18-REDE)
2026;RS;DEPUTADO FEDERAL;PCDOB;13-PT/65-PC do B/43-PV;FEDERAÇÃO BRASIL DA ESPERANÇA - FE BRASIL (13-PT / 65-PC do B / 43-PV)
2026;RS;DEPUTADO ESTADUAL;REPUBLICANOS;#NULO;REPUBLICANOS
2026;MT;DEPUTADO FEDERAL;PDT;#NULO;PDT
2026;AP;DEPUTADO FEDERAL;PSD;#NULO;PSD
2026;AP;1º SUPLENTE;CIDADANIA;45-PSDB/23-CIDADANIA;REPUBLICANOS / PDT / AGIR / FEDERAÇÃO UNIÃO PROGRESSISTA (44-UNIÃO / 11-PP) / FEDERAÇÃO PSDB CIDADANIA (45-PSDB / 23-CIDADANIA) / FEDERAÇÃO BRASIL DA ESPERANÇA - FE BRASIL (13-PT / 65-PC do B / 43-PV) / FEDERAÇÃO RENOVAÇÃO SOLIDÁRIA (25-PRD / 77-SOLIDARIEDADE)
2026;RN;2º SUPLENTE;MDB;#NULO;REPUBLICANOS / MDB / PSD / FEDERAÇÃO RENOVAÇÃO SOLIDÁRIA (25-PRD / 77-SOLIDARIEDADE) / FEDERAÇÃO UNIÃO PROGRESSISTA (44-UNIÃO / 11-PP) / AVANTE
2026;SE;VICE-GOVERNADOR;REPUBLICANOS;#NULO;REPUBLICANOS / AVANTE
2026;PE;DEPUTADO FEDERAL;PCO;#NULO;PCO
2026;AM;SENADOR;PSOL;50-PSOL/18-REDE;FEDERAÇÃO PSOL REDE (50-PSOL / 18-REDE)
2026;BR;PRESIDENTE;PSOL;50-PSOL/18-REDE;PSB / PDT / FEDERAÇÃO BRASIL DA ESPERANÇA - FE BRASIL (13-PT / 65-PC do B / 43-PV) / FEDERAÇÃO PSOL REDE (50-PSOL / 18-REDE)
2026;MA;2º SUPLENTE;PSD;#NULO;NOVO / PSD
2026;RO;GOVERNADOR;MOBILIZA;#NULO;PODE / PL / DC / NOVO / MOBILIZA
2026;CE;1º SUPLENTE;PP;44-UNIÃO/11-PP;PL / DC / AVANTE / FEDERAÇÃO PSDB CIDADANIA (45-PSDB / 23-CIDADANIA) / FEDERAÇÃO UNIÃO PROGRESSISTA (44-UNIÃO / 11-PP)
2026;RS;1º SUPLENTE;REDE;50-PSOL/18-REDE;PDT / PSB / AVANTE / FEDERAÇÃO BRASIL DA ESPERANÇA - FE BRASIL (13-PT / 65-PC do B / 43-PV) / FEDERAÇÃO PSOL REDE (50-PSOL / 18-REDE)
2026;AM;2º SUPLENTE;NOVO;#NULO;PL / NOVO
2026;MA;1º SUPLENTE;PSDB;45-PSDB/23-CIDADANIA;FEDERAÇÃO PSDB CIDADANIA (45-PSDB / 23-CIDADANIA) / FEDERAÇÃO UNIÃO PROGRESSISTA (44-UNIÃO / 11-PP)
2026;PI;1º SUPLENTE;NOVO;#NULO;NOVO / AVANTE
2026;ES;DEPUTADO FEDERAL;PP;44-UNIÃO/11-PP;FEDERAÇÃO UNIÃO PROGRESSISTA (44-UNIÃO / 11-PP)
2026;ES;DEPUTADO ESTADUAL;PDT;#NULO;PDT
2026;PB;SENADOR;PCO;#NULO;PCO
2026;SC;DEPUTADO ESTADUAL;PCDOB;13-PT/65-PC do B/43-PV;FEDERAÇÃO BRASIL DA ESPERANÇA - FE BRASIL (13-PT / 65-PC do B / 43-PV)
2026;MS;SENADOR;PCO;#NULO;PCO
2026;TO;2º SUPLENTE;PSDB;45-PSDB/23-CIDADANIA;MDB / FEDERAÇÃO PSDB CIDADANIA (45-PSDB / 23-CIDADANIA)
2026;RN;1º SUPLENTE;AVANTE;#NULO;REPUBLICANOS / MDB / PSD / FEDERAÇÃO RENOVAÇÃO SOLIDÁRIA (25-PRD / 77-SOLIDARIEDADE) / FEDERAÇÃO UNIÃO PROGRESSISTA (44-UNIÃO / 11-PP) / AVANTE
2026;PR;1º SUPLENTE;PRD;25-PRD/77-SOLIDARIEDADE;PDT / FEDERAÇÃO BRASIL DA ESPERANÇA - FE BRASIL (13-PT / 65-PC do B / 43-PV) / FEDERAÇÃO PSOL REDE (50-PSOL / 18-REDE) / FEDERAÇÃO RENOVAÇÃO SOLIDÁRIA (25-PRD / 77-SOLIDARIEDADE)
2026;AC;SENADOR;PT;13-PT/65-PC do B/43-PV;PODE / PSB / FEDERAÇÃO BRASIL DA ESPERANÇA - FE BRASIL (13-PT / 65-PC do B / 43-PV)
2026;PR;SENADOR;PODE;#NULO;PODE / PL / NOVO
2026;DF;VICE-GOVERNADOR;MOBILIZA;#NULO;REPUBLICANOS / MDB / PODE / PL / DC / MOBILIZA / DEMOCRATA / FEDERAÇÃO RENOVAÇÃO SOLIDÁRIA (25-PRD / 77-SOLIDARIEDADE) / FEDERAÇÃO UNIÃO PROGRESSISTA (44-UNIÃO / 11-PP)
2026;RN;VICE-GOVERNADOR;UP;#NULO;UP
2026;PI;1º SUPLENTE;PODE;#NULO;PODE / PL / FEDERAÇÃO RENOVAÇÃO SOLIDÁRIA (25-PRD / 77-SOLIDARIEDADE) / FEDERAÇÃO UNIÃO PROGRESSISTA (44-UNIÃO / 11-PP)
2026;SC;2º SUPLENTE;AGIR;#NULO;REPUBLICANOS / PODE / PL / DC / NOVO / AGIR / AVANTE / FEDERAÇÃO PSDB CIDADANIA (45-PSDB / 23-CIDADANIA)
2026;AL;SENADOR;PCDOB;13-PT/65-PC do B/43-PV;MDB / PODE / AGIR / PSB / PSD / AVANTE / FEDERAÇÃO BRASIL DA ESPERANÇA - FE BRASIL (13-PT / 65-PC do B / 43-PV)
2026;AM;VICE-GOVERNADOR;PT;13-PT/65-PC do B/43-PV;REPUBLICANOS / MDB / PSD / FEDERAÇÃO BRASIL DA ESPERANÇA - FE BRASIL (13-PT / 65-PC do B / 43-PV)
2026;MS;VICE-GOVERNADOR;PDT;#NULO;PDT / PSB / FEDERAÇÃO BRASIL DA ESPERANÇA - FE BRASIL (13-PT / 65-PC do B / 43-PV)
2026;RJ;GOVERNADOR;AGIR;#NULO;PL / MOBILIZA / AGIR / AVANTE
2026;RN;2º SUPLENTE;PCDOB;13-PT/65-PC do B/43-PV;PDT / PSB / FEDERAÇÃO BRASIL DA ESPERANÇA - FE BRASIL (13-PT / 65-PC do B / 43-PV)
2026;DF;VICE-GOVERNADOR;DC;#NULO;REPUBLICANOS / MDB / PODE / PL / DC / MOBILIZA / DEMOCRATA / FEDERAÇÃO RENOVAÇÃO SOLIDÁRIA (25-PRD / 77-SOLIDARIEDADE) / FEDERAÇÃO UNIÃO PROGRESSISTA (44-UNIÃO / 11-PP)
2026;BA;2º SUPLENTE;AVANTE;#NULO;PDT / MDB / PSB / PSD / AVANTE / FEDERAÇÃO BRASIL DA ESPERANÇA - FE BRASIL (13-PT / 65-PC do B / 43-PV)
2026;SP;1º SUPLENTE;PP;44-UNIÃO/11-PP;FEDERAÇÃO UNIÃO PROGRESSISTA (44-UNIÃO / 11-PP) / REPUBLICANOS / PL / MDB / DEMOCRATA / PSD / FEDERAÇÃO RENOVAÇÃO SOLIDÁRIA (25-PRD / 77-SOLIDARIEDADE) / AVANTE
2026;DF;SENADOR;SOLIDARIEDADE;25-PRD/77-SOLIDARIEDADE;REPUBLICANOS / MDB / PODE / PL / FEDERAÇÃO RENOVAÇÃO SOLIDÁRIA (25-PRD / 77-SOLIDARIEDADE) / FEDERAÇÃO UNIÃO PROGRESSISTA (44-UNIÃO / 11-PP) / DC / MOBILIZA / DEMOCRATA
2026;SP;1º SUPLENTE;DEMOCRATA;#NULO;FEDERAÇÃO UNIÃO PROGRESSISTA (44-UNIÃO / 11-PP) / REPUBLICANOS / PL / MDB / DEMOCRATA / PSD / FEDERAÇÃO RENOVAÇÃO SOLIDÁRIA (25-PRD / 77-SOLIDARIEDADE) / AVANTE
2026;PR;DEPUTADO ESTADUAL;PODE;#NULO;PODE
2026;AP;DEPUTADO FEDERAL;PV;13-PT/65-PC do B/43-PV;FEDERAÇÃO BRASIL DA ESPERANÇA - FE BRASIL (13-PT / 65-PC do B / 43-PV)
2026;GO;DEPUTADO ESTADUAL;PT;13-PT/65-PC do B/43-PV;FEDERAÇÃO BRASIL DA ESPERANÇA - FE BRASIL (13-PT / 65-PC do B / 43-PV)
2026;PB;1º SUPLENTE;PCO;#NULO;PCO
2026;BA;SENADOR;UP;#NULO;UP
2026;MS;GOVERNADOR;DC;#NULO;DC
2026;MS;DEPUTADO FEDERAL;DC;#NULO;DC
2026;RJ;DEPUTADO ESTADUAL;PODE;#NULO;PODE
2026;RJ;DEPUTADO ESTADUAL;MOBILIZA;#NULO;MOBILIZA
2026;AM;VICE-GOVERNADOR;PCDOB;13-PT/65-PC do B/43-PV;REPUBLICANOS / MDB / PSD / FEDERAÇÃO BRASIL DA ESPERANÇA - FE BRASIL (13-PT / 65-PC do B / 43-PV)
2026;MG;GOVERNADOR;REDE;50-PSOL/18-REDE;PSB / FEDERAÇÃO BRASIL DA ESPERANÇA - FE BRASIL (13-PT / 65-PC do B / 43-PV) / FEDERAÇÃO PSOL REDE (50-PSOL / 18-REDE)
2026;BR;PRESIDENTE;UP;#NULO;UP
2026;MT;DEPUTADO FEDERAL;AVANTE;#NULO;AVANTE
2026;SE;DEPUTADO FEDERAL;PSOL;50-PSOL/18-REDE;FEDERAÇÃO PSOL REDE (50-PSOL / 18-REDE)
2026;PI;SENADOR;REDE;50-PSOL/18-REDE;FEDERAÇÃO PSOL REDE (50-PSOL / 18-REDE)
2026;DF;SENADOR;PDT;#NULO;PDT / FEDERAÇÃO BRASIL DA ESPERANÇA - FE BRASIL (13-PT / 65-PC do B / 43-PV) / FEDERAÇÃO PSOL REDE (50-PSOL / 18-REDE)
2026;MS;GOVERNADOR;REPUBLICANOS;#NULO;FEDERAÇÃO UNIÃO PROGRESSISTA (44-UNIÃO / 11-PP) / PL / FEDERAÇÃO PSDB CIDADANIA (45-PSDB / 23-CIDADANIA) / PODE / AVANTE / REPUBLICANOS / PSD / MDB
2026;RS;1º SUPLENTE;DC;#NULO;REPUBLICANOS / PODE / DC / NOVO / PL / FEDERAÇÃO UNIÃO PROGRESSISTA (44-UNIÃO / 11-PP)
2026;AL;SENADOR;PSD;#NULO;MDB / PODE / AGIR / PSB / PSD / AVANTE / FEDERAÇÃO BRASIL DA ESPERANÇA - FE BRASIL (13-PT / 65-PC do B / 43-PV)
2026;DF;SENADOR;REPUBLICANOS;#NULO;REPUBLICANOS / MDB / PODE / PL / FEDERAÇÃO RENOVAÇÃO SOLIDÁRIA (25-PRD / 77-SOLIDARIEDADE) / FEDERAÇÃO UNIÃO PROGRESSISTA (44-UNIÃO / 11-PP) / DC / MOBILIZA / DEMOCRATA
2026;PE;VICE-GOVERNADOR;PSD;#NULO;PODE / PSD / AVANTE / FEDERAÇÃO PSDB CIDADANIA (45-PSDB / 23-CIDADANIA) / FEDERAÇÃO UNIÃO PROGRESSISTA (44-UNIÃO / 11-PP)
2026;RO;DEPUTADO FEDERAL;PSB;#NULO;PSB
2026;DF;SENADOR;DEMOCRATA;#NULO;REPUBLICANOS / MDB / PODE / PL / FEDERAÇÃO RENOVAÇÃO SOLIDÁRIA (25-PRD / 77-SOLIDARIEDADE) / FEDERAÇÃO UNIÃO PROGRESSISTA (44-UNIÃO / 11-PP) / DC / MOBILIZA / DEMOCRATA
2026;CE;SENADOR;PODE;#NULO;PDT / PODE / PSB / PSD / FEDERAÇÃO BRASIL DA ESPERANÇA - FE BRASIL (13-PT / 65-PC do B / 43-PV) / FEDERAÇÃO PSOL REDE (50-PSOL / 18-REDE) / FEDERAÇÃO RENOVAÇÃO SOLIDÁRIA (25-PRD / 77-SOLIDARIEDADE) / REPUBLICANOS / MDB / MOBILIZA
2026;AL;1º SUPLENTE;SOLIDARIEDADE;25-PRD/77-SOLIDARIEDADE;PDT / PL / FEDERAÇÃO PSDB CIDADANIA (45-PSDB / 23-CIDADANIA) / FEDERAÇÃO RENOVAÇÃO SOLIDÁRIA (25-PRD / 77-SOLIDARIEDADE) / FEDERAÇÃO UNIÃO PROGRESSISTA (44-UNIÃO / 11-PP) / DC
2026;ES;2º SUPLENTE;DC;#NULO;DC / FEDERAÇÃO RENOVAÇÃO SOLIDÁRIA (25-PRD / 77-SOLIDARIEDADE)
2026;BA;GOVERNADOR;PSDB;45-PSDB/23-CIDADANIA;REPUBLICANOS / PODE / PL / FEDERAÇÃO PSDB CIDADANIA (45-PSDB / 23-CIDADANIA) / FEDERAÇÃO RENOVAÇÃO SOLIDÁRIA (25-PRD / 77-SOLIDARIEDADE) / FEDERAÇÃO UNIÃO PROGRESSISTA (44-UNIÃO / 11-PP) / NOVO
2026;RS;DEPUTADO ESTADUAL;REDE;50-PSOL/18-REDE;FEDERAÇÃO PSOL REDE (50-PSOL / 18-REDE)
2026;AP;DEPUTADO ESTADUAL;PP;44-UNIÃO/11-PP;FEDERAÇÃO UNIÃO PROGRESSISTA (44-UNIÃO / 11-PP)
2026;GO;DEPUTADO ESTADUAL;UNIÃO;44-UNIÃO/11-PP;FEDERAÇÃO UNIÃO PROGRESSISTA (44-UNIÃO / 11-PP)
2026;PA;DEPUTADO FEDERAL;UNIÃO;44-UNIÃO/11-PP;FEDERAÇÃO UNIÃO PROGRESSISTA (44-UNIÃO / 11-PP)
2026;PE;SENADOR;NOVO;#NULO;NOVO
2026;ES;2º SUPLENTE;REPUBLICANOS;#NULO;REPUBLICANOS / PL / DEMOCRATA
2026;GO;VICE-GOVERNADOR;UNIÃO;44-UNIÃO/11-PP;REPUBLICANOS / MDB / PODE / MOBILIZA / DEMOCRATA / AGIR / PSD / AVANTE / FEDERAÇÃO RENOVAÇÃO SOLIDÁRIA (25-PRD / 77-SOLIDARIEDADE) / FEDERAÇÃO UNIÃO PROGRESSISTA (44-UNIÃO / 11-PP)
2026;RS;GOVERNADOR;DC;#NULO;REPUBLICANOS / PODE / PL / DC / NOVO / FEDERAÇÃO UNIÃO PROGRESSISTA (44-UNIÃO / 11-PP)
2026;TO;2º SUPLENTE;PSB;#NULO;FEDERAÇÃO BRASIL DA ESPERANÇA - FE BRASIL (13-PT / 65-PC do B / 43-PV) / PDT / PSB / PSD
2026;ES;DEPUTADO ESTADUAL;PT;13-PT/65-PC do B/43-PV;FEDERAÇÃO BRASIL DA ESPERANÇA - FE BRASIL (13-PT / 65-PC do B / 43-PV)
2026;MT;DEPUTADO FEDERAL;UNIÃO;44-UNIÃO/11-PP;FEDERAÇÃO UNIÃO PROGRESSISTA (44-UNIÃO / 11-PP)
2026;PB;DEPUTADO FEDERAL;SOLIDARIEDADE;25-PRD/77-SOLIDARIEDADE;FEDERAÇÃO RENOVAÇÃO SOLIDÁRIA (25-PRD / 77-SOLIDARIEDADE)
2026;PI;GOVERNADOR;UP;#NULO;UP
2026;RS;GOVERNADOR;PSD;#NULO;MDB / PSD / FEDERAÇÃO RENOVAÇÃO SOLIDÁRIA (25-PRD / 77-SOLIDARIEDADE)
2026;PA;GOVERNADOR;MDB;#NULO;REPUBLICANOS / MDB / PSB / PSD / AVANTE / FEDERAÇÃO PSDB CIDADANIA (45-PSDB / 23-CIDADANIA) / FEDERAÇÃO BRASIL DA ESPERANÇA - FE BRASIL (13-PT / 65-PC do B / 43-PV) / FEDERAÇÃO UNIÃO PROGRESSISTA (44-UNIÃO / 11-PP)
2026;GO;DEPUTADO ESTADUAL;SOLIDARIEDADE;25-PRD/77-SOLIDARIEDADE;FEDERAÇÃO RENOVAÇÃO SOLIDÁRIA (25-PRD / 77-SOLIDARIEDADE)
2026;RS;GOVERNADOR;AVANTE;#NULO;PDT / PSB / AVANTE / FEDERAÇÃO BRASIL DA ESPERANÇA - FE BRASIL (13-PT / 65-PC do B / 43-PV) / FEDERAÇÃO PSOL REDE (50-PSOL / 18-REDE)
2026;PI;VICE-GOVERNADOR;PCO;#NULO;PCO
2026;PR;GOVERNADOR;MOBILIZA;#NULO;MOBILIZA
2026;RN;SENADOR;PSTU;#NULO;PSTU
2026;AL;2º SUPLENTE;PL;#NULO;PDT / PL / FEDERAÇÃO PSDB CIDADANIA (45-PSDB / 23-CIDADANIA) / FEDERAÇÃO RENOVAÇÃO SOLIDÁRIA (25-PRD / 77-SOLIDARIEDADE) / FEDERAÇÃO UNIÃO PROGRESSISTA (44-UNIÃO / 11-PP) / DC
2026;AM;VICE-GOVERNADOR;AGIR;#NULO;PDT / DC / AGIR / AVANTE / FEDERAÇÃO RENOVAÇÃO SOLIDÁRIA (25-PRD / 77-SOLIDARIEDADE)
2026;PI;SENADOR;PODE;#NULO;PODE / PL / FEDERAÇÃO RENOVAÇÃO SOLIDÁRIA (25-PRD / 77-SOLIDARIEDADE) / FEDERAÇÃO UNIÃO PROGRESSISTA (44-UNIÃO / 11-PP)
2026;AM;1º SUPLENTE;MDB;#NULO;REPUBLICANOS / MDB / PSD / FEDERAÇÃO BRASIL DA ESPERANÇA - FE BRASIL (13-PT / 65-PC do B / 43-PV)
2026;MT;GOVERNADOR;PSDB;45-PSDB/23-CIDADANIA;FEDERAÇÃO PSDB CIDADANIA (45-PSDB / 23-CIDADANIA) / REPUBLICANOS / FEDERAÇÃO UNIÃO PROGRESSISTA (44-UNIÃO / 11-PP) / PODE
2026;AP;SENADOR;REPUBLICANOS;#NULO;REPUBLICANOS / PDT / AGIR / FEDERAÇÃO UNIÃO PROGRESSISTA (44-UNIÃO / 11-PP) / FEDERAÇÃO PSDB CIDADANIA (45-PSDB / 23-CIDADANIA) / FEDERAÇÃO BRASIL DA ESPERANÇA - FE BRASIL (13-PT / 65-PC do B / 43-PV) / FEDERAÇÃO RENOVAÇÃO SOLIDÁRIA (25-PRD / 77-SOLIDARIEDADE)
2026;PR;GOVERNADOR;PSTU;#NULO;PSTU
2026;AM;2º SUPLENTE;REDE;50-PSOL/18-REDE;FEDERAÇÃO PSOL REDE (50-PSOL / 18-REDE)
2026;MA;2º SUPLENTE;PDT;#NULO;REPUBLICANOS / PDT / MDB / PODE / FEDERAÇÃO RENOVAÇÃO SOLIDÁRIA (25-PRD / 77-SOLIDARIEDADE)
2026;PI;DEPUTADO FEDERAL;PODE;#NULO;PODE
2026;SC;SENADOR;MDB;#NULO;MDB / PSD / FEDERAÇÃO UNIÃO PROGRESSISTA (44-UNIÃO / 11-PP)
2026;RN;VICE-GOVERNADOR;SOLIDARIEDADE;25-PRD/77-SOLIDARIEDADE;REPUBLICANOS / MDB / PSD / AVANTE / FEDERAÇÃO RENOVAÇÃO SOLIDÁRIA (25-PRD / 77-SOLIDARIEDADE) / FEDERAÇÃO UNIÃO PROGRESSISTA (44-UNIÃO / 11-PP)
2026;AL;VICE-GOVERNADOR;PSDB;45-PSDB/23-CIDADANIA;PDT / PL / DC / FEDERAÇÃO PSDB CIDADANIA (45-PSDB / 23-CIDADANIA) / FEDERAÇÃO RENOVAÇÃO SOLIDÁRIA (25-PRD / 77-SOLIDARIEDADE) / FEDERAÇÃO UNIÃO PROGRESSISTA (44-UNIÃO / 11-PP)
2026;SC;SENADOR;PSD;#NULO;MDB / PSD / FEDERAÇÃO UNIÃO PROGRESSISTA (44-UNIÃO / 11-PP)
2026;AC;2º SUPLENTE;SOLIDARIEDADE;25-PRD/77-SOLIDARIEDADE;FEDERAÇÃO PSDB CIDADANIA (45-PSDB / 23-CIDADANIA) / FEDERAÇÃO RENOVAÇÃO SOLIDÁRIA (25-PRD / 77-SOLIDARIEDADE)
2026;AL;SENADOR;PDT;#NULO;PDT / PL / FEDERAÇÃO PSDB CIDADANIA (45-PSDB / 23-CIDADANIA) / FEDERAÇÃO RENOVAÇÃO SOLIDÁRIA (25-PRD / 77-SOLIDARIEDADE) / FEDERAÇÃO UNIÃO PROGRESSISTA (44-UNIÃO / 11-PP) / DC
2026;MA;SENADOR;AVANTE;#NULO;MOBILIZA / AGIR / AVANTE
2026;RJ;DEPUTADO FEDERAL;PSD;#NULO;PSD
2026;AM;DEPUTADO FEDERAL;PV;13-PT/65-PC do B/43-PV;FEDERAÇÃO BRASIL DA ESPERANÇA - FE BRASIL (13-PT / 65-PC do B / 43-PV)
2026;ES;DEPUTADO ESTADUAL;UNIÃO;44-UNIÃO/11-PP;FEDERAÇÃO UNIÃO PROGRESSISTA (44-UNIÃO / 11-PP)
2026;ES;DEPUTADO FEDERAL;UP;#NULO;UP
2026;ES;SENADOR;REDE;50-PSOL/18-REDE;FEDERAÇÃO PSOL REDE (50-PSOL / 18-REDE)
2026;PA;VICE-GOVERNADOR;PCDOB;13-PT/65-PC do B/43-PV;REPUBLICANOS / MDB / PSB / PSD / AVANTE / FEDERAÇÃO PSDB CIDADANIA (45-PSDB / 23-CIDADANIA) / FEDERAÇÃO BRASIL DA ESPERANÇA - FE BRASIL (13-PT / 65-PC do B / 43-PV) / FEDERAÇÃO UNIÃO PROGRESSISTA (44-UNIÃO / 11-PP)
2026;MG;SENADOR;PDT;#NULO;PDT / FEDERAÇÃO PSDB CIDADANIA (45-PSDB / 23-CIDADANIA)
2026;CE;SENADOR;PCDOB;13-PT/65-PC do B/43-PV;PDT / PODE / PSB / PSD / FEDERAÇÃO BRASIL DA ESPERANÇA - FE BRASIL (13-PT / 65-PC do B / 43-PV) / FEDERAÇÃO PSOL REDE (50-PSOL / 18-REDE) / FEDERAÇÃO RENOVAÇÃO SOLIDÁRIA (25-PRD / 77-SOLIDARIEDADE) / REPUBLICANOS / MDB / MOBILIZA
2026;RN;1º SUPLENTE;NOVO;#NULO;PODE / PL / NOVO / FEDERAÇÃO PSDB CIDADANIA (45-PSDB / 23-CIDADANIA) / MOBILIZA
2026;PI;GOVERNADOR;PCO;#NULO;PCO
2026;PI;DEPUTADO ESTADUAL;PT;13-PT/65-PC do B/43-PV;FEDERAÇÃO BRASIL DA ESPERANÇA - FE BRASIL (13-PT / 65-PC do B / 43-PV)
2026;RJ;2º SUPLENTE;UP;#NULO;UP
2026;PI;2º SUPLENTE;PCO;#NULO;PCO
2026;CE;2º SUPLENTE;NOVO;#NULO;NOVO
2026;AP;SENADOR;AGIR;#NULO;REPUBLICANOS / PDT / AGIR / FEDERAÇÃO UNIÃO PROGRESSISTA (44-UNIÃO / 11-PP) / FEDERAÇÃO PSDB CIDADANIA (45-PSDB / 23-CIDADANIA) / FEDERAÇÃO BRASIL DA ESPERANÇA - FE BRASIL (13-PT / 65-PC do B / 43-PV) / FEDERAÇÃO RENOVAÇÃO SOLIDÁRIA (25-PRD / 77-SOLIDARIEDADE)
2026;BA;DEPUTADO FEDERAL;CIDADANIA;45-PSDB/23-CIDADANIA;FEDERAÇÃO PSDB CIDADANIA (45-PSDB / 23-CIDADANIA)
2026;AC;VICE-GOVERNADOR;AVANTE;#NULO;REPUBLICANOS / NOVO / PSD / AVANTE
2026;PE;2º SUPLENTE;DEMOCRATA;#NULO;DEMOCRATA
2026;PI;VICE-GOVERNADOR;PSTU;#NULO;PSTU
2026;RJ;SENADOR;PCO;#NULO;PCO
2026;SP;2º SUPLENTE;PSTU;#NULO;PSTU
2026;PE;1º SUPLENTE;PL;#NULO;PL
2026;DF;2º SUPLENTE;PP;44-UNIÃO/11-PP;REPUBLICANOS / MDB / PODE / PL / FEDERAÇÃO RENOVAÇÃO SOLIDÁRIA (25-PRD / 77-SOLIDARIEDADE) / FEDERAÇÃO UNIÃO PROGRESSISTA (44-UNIÃO / 11-PP) / DC / MOBILIZA / DEMOCRATA
2026;AP;SENADOR;UNIÃO;44-UNIÃO/11-PP;REPUBLICANOS / PDT / AGIR / FEDERAÇÃO UNIÃO PROGRESSISTA (44-UNIÃO / 11-PP) / FEDERAÇÃO PSDB CIDADANIA (45-PSDB / 23-CIDADANIA) / FEDERAÇÃO BRASIL DA ESPERANÇA - FE BRASIL (13-PT / 65-PC do B / 43-PV) / FEDERAÇÃO RENOVAÇÃO SOLIDÁRIA (25-PRD / 77-SOLIDARIEDADE)
2026;MA;2º SUPLENTE;AGIR;#NULO;MOBILIZA / AGIR / AVANTE
2026;CE;VICE-GOVERNADOR;MOBILIZA;#NULO;PSB / PDT / PODE / MOBILIZA / FEDERAÇÃO BRASIL DA ESPERANÇA - FE BRASIL (13-PT / 65-PC do B / 43-PV) / REPUBLICANOS / PSD / MDB / FEDERAÇÃO RENOVAÇÃO SOLIDÁRIA (25-PRD / 77-SOLIDARIEDADE) / FEDERAÇÃO PSOL REDE (50-PSOL / 18-REDE)
2026;PI;VICE-GOVERNADOR;PCDOB;13-PT/65-PC do B/43-PV;REPUBLICANOS / PDT / MDB / PSD / FEDERAÇÃO BRASIL DA ESPERANÇA - FE BRASIL (13-PT / 65-PC do B / 43-PV)
2026;ES;SENADOR;REPUBLICANOS;#NULO;REPUBLICANOS / PL / DEMOCRATA
2026;MS;2º SUPLENTE;PRD;25-PRD/77-SOLIDARIEDADE;FEDERAÇÃO RENOVAÇÃO SOLIDÁRIA (25-PRD / 77-SOLIDARIEDADE)
2026;SP;GOVERNADOR;PSD;#NULO;REPUBLICANOS / PL / MDB / DEMOCRATA / AVANTE / PSD / FEDERAÇÃO RENOVAÇÃO SOLIDÁRIA (25-PRD / 77-SOLIDARIEDADE) / FEDERAÇÃO UNIÃO PROGRESSISTA (44-UNIÃO / 11-PP)
2026;PB;2º SUPLENTE;CIDADANIA;45-PSDB/23-CIDADANIA;MDB / DEMOCRATA / PSD / FEDERAÇÃO PSDB CIDADANIA (45-PSDB / 23-CIDADANIA) / PDT
2026;PE;1º SUPLENTE;PSOL;50-PSOL/18-REDE;PCB / FEDERAÇÃO PSOL REDE (50-PSOL / 18-REDE)
2026;MA;1º SUPLENTE;PSTU;#NULO;PSTU
2026;PI;SENADOR;MOBILIZA;#NULO;MOBILIZA
2026;RS;1º SUPLENTE;PV;13-PT/65-PC do B/43-PV;PDT / PSB / AVANTE / FEDERAÇÃO BRASIL DA ESPERANÇA - FE BRASIL (13-PT / 65-PC do B / 43-PV) / FEDERAÇÃO PSOL REDE (50-PSOL / 18-REDE)
2026;SE;1º SUPLENTE;PSD;#NULO;PSB / PSD / FEDERAÇÃO BRASIL DA ESPERANÇA - FE BRASIL (13-PT / 65-PC do B / 43-PV) / FEDERAÇÃO UNIÃO PROGRESSISTA (44-UNIÃO / 11-PP)
2026;PI;VICE-GOVERNADOR;PT;13-PT/65-PC do B/43-PV;REPUBLICANOS / PDT / MDB / PSD / FEDERAÇÃO BRASIL DA ESPERANÇA - FE BRASIL (13-PT / 65-PC do B / 43-PV)
2026;RN;SENADOR;PDT;#NULO;PDT / PSB / FEDERAÇÃO BRASIL DA ESPERANÇA - FE BRASIL (13-PT / 65-PC do B / 43-PV)
2026;MG;DEPUTADO ESTADUAL;PDT;#NULO;PDT
2026;AL;DEPUTADO FEDERAL;PT;13-PT/65-PC do B/43-PV;FEDERAÇÃO BRASIL DA ESPERANÇA - FE BRASIL (13-PT / 65-PC do B / 43-PV)
2026;AL;1º SUPLENTE;DC;#NULO;PDT / PL / FEDERAÇÃO PSDB CIDADANIA (45-PSDB / 23-CIDADANIA) / FEDERAÇÃO RENOVAÇÃO SOLIDÁRIA (25-PRD / 77-SOLIDARIEDADE) / FEDERAÇÃO UNIÃO PROGRESSISTA (44-UNIÃO / 11-PP) / DC
2026;PR;SENADOR;PSD;#NULO;REPUBLICANOS / MDB / DEMOCRATA / PSD / AVANTE / FEDERAÇÃO PSDB CIDADANIA (45-PSDB / 23-CIDADANIA) / FEDERAÇÃO UNIÃO PROGRESSISTA (44-UNIÃO / 11-PP)
2026;BA;1º SUPLENTE;PSD;#NULO;PDT / MDB / PSB / PSD / AVANTE / FEDERAÇÃO BRASIL DA ESPERANÇA - FE BRASIL (13-PT / 65-PC do B / 43-PV)
2026;RO;1º SUPLENTE;DC;#NULO;PODE / PL / DC / NOVO / MOBILIZA
2026;MT;DEPUTADO ESTADUAL;AGIR;#NULO;AGIR
2026;MT;DEPUTADO ESTADUAL;PSOL;50-PSOL/18-REDE;FEDERAÇÃO PSOL REDE (50-PSOL / 18-REDE)
2026;AP;DEPUTADO ESTADUAL;UNIÃO;44-UNIÃO/11-PP;FEDERAÇÃO UNIÃO PROGRESSISTA (44-UNIÃO / 11-PP)
2026;SP;1º SUPLENTE;AGIR;#NULO;AGIR
2026;SC;DEPUTADO FEDERAL;PCO;#NULO;PCO
2026;DF;SENADOR;AGIR;#NULO;AGIR
2026;RS;DEPUTADO FEDERAL;PT;13-PT/65-PC do B/43-PV;FEDERAÇÃO BRASIL DA ESPERANÇA - FE BRASIL (13-PT / 65-PC do B / 43-PV)
2026;MS;DEPUTADO FEDERAL;PT;13-PT/65-PC do B/43-PV;FEDERAÇÃO BRASIL DA ESPERANÇA - FE BRASIL (13-PT / 65-PC do B / 43-PV)
2026;GO;SENADOR;UP;#NULO;UP
2026;RR;VICE-GOVERNADOR;SOLIDARIEDADE;25-PRD/77-SOLIDARIEDADE;FEDERAÇÃO RENOVAÇÃO SOLIDÁRIA (25-PRD / 77-SOLIDARIEDADE)
2026;PB;VICE-GOVERNADOR;PODE;#NULO;PODE / MOBILIZA / FEDERAÇÃO BRASIL DA ESPERANÇA - FE BRASIL (13-PT / 65-PC do B / 43-PV) / AGIR / FEDERAÇÃO RENOVAÇÃO SOLIDÁRIA (25-PRD / 77-SOLIDARIEDADE) / FEDERAÇÃO UNIÃO PROGRESSISTA (44-UNIÃO / 11-PP) / REPUBLICANOS / PSB
2026;AC;SENADOR;SOLIDARIEDADE;25-PRD/77-SOLIDARIEDADE;FEDERAÇÃO PSDB CIDADANIA (45-PSDB / 23-CIDADANIA) / FEDERAÇÃO RENOVAÇÃO SOLIDÁRIA (25-PRD / 77-SOLIDARIEDADE)
2026;RO;SENADOR;AVANTE;#NULO;PSD / AVANTE / FEDERAÇÃO RENOVAÇÃO SOLIDÁRIA (25-PRD / 77-SOLIDARIEDADE)
2026;RN;VICE-GOVERNADOR;PSTU;#NULO;PSTU
2026;RS;2º SUPLENTE;UNIÃO;44-UNIÃO/11-PP;REPUBLICANOS / PODE / DC / NOVO / PL / FEDERAÇÃO UNIÃO PROGRESSISTA (44-UNIÃO / 11-PP)
2026;CE;1º SUPLENTE;REPUBLICANOS;#NULO;PDT / PODE / PSB / PSD / FEDERAÇÃO BRASIL DA ESPERANÇA - FE BRASIL (13-PT / 65-PC do B / 43-PV) / FEDERAÇÃO PSOL REDE (50-PSOL / 18-REDE) / FEDERAÇÃO RENOVAÇÃO SOLIDÁRIA (25-PRD / 77-SOLIDARIEDADE) / REPUBLICANOS / MDB / MOBILIZA
2026;MA;DEPUTADO FEDERAL;PCDOB;13-PT/65-PC do B/43-PV;FEDERAÇÃO BRASIL DA ESPERANÇA - FE BRASIL (13-PT / 65-PC do B / 43-PV)
2026;RJ;DEPUTADO FEDERAL;REDE;50-PSOL/18-REDE;FEDERAÇÃO PSOL REDE (50-PSOL / 18-REDE)
2026;RO;1º SUPLENTE;UNIÃO;44-UNIÃO/11-PP;REPUBLICANOS / FEDERAÇÃO UNIÃO PROGRESSISTA (44-UNIÃO / 11-PP)
2026;RO;DEPUTADO ESTADUAL;DC;#NULO;DC
2026;MA;2º SUPLENTE;PSB;#NULO;PSB / FEDERAÇÃO BRASIL DA ESPERANÇA - FE BRASIL (13-PT / 65-PC do B / 43-PV) / FEDERAÇÃO PSOL REDE (50-PSOL / 18-REDE)
2026;AP;SENADOR;PSDB;45-PSDB/23-CIDADANIA;REPUBLICANOS / PDT / AGIR / FEDERAÇÃO UNIÃO PROGRESSISTA (44-UNIÃO / 11-PP) / FEDERAÇÃO PSDB CIDADANIA (45-PSDB / 23-CIDADANIA) / FEDERAÇÃO BRASIL DA ESPERANÇA - FE BRASIL (13-PT / 65-PC do B / 43-PV) / FEDERAÇÃO RENOVAÇÃO SOLIDÁRIA (25-PRD / 77-SOLIDARIEDADE)
2026;SC;VICE-GOVERNADOR;PSD;#NULO;MDB / PSD / FEDERAÇÃO UNIÃO PROGRESSISTA (44-UNIÃO / 11-PP)
2026;PI;DEPUTADO FEDERAL;DC;#NULO;DC
2026;RS;2º SUPLENTE;MDB;#NULO;MDB / PSD / FEDERAÇÃO RENOVAÇÃO SOLIDÁRIA (25-PRD / 77-SOLIDARIEDADE)
2026;CE;1º SUPLENTE;PSB;#NULO;PDT / PODE / PSB / PSD / FEDERAÇÃO BRASIL DA ESPERANÇA - FE BRASIL (13-PT / 65-PC do B / 43-PV) / FEDERAÇÃO PSOL REDE (50-PSOL / 18-REDE) / FEDERAÇÃO RENOVAÇÃO SOLIDÁRIA (25-PRD / 77-SOLIDARIEDADE) / REPUBLICANOS / MDB / MOBILIZA
2026;AC;DEPUTADO ESTADUAL;PODE;#NULO;PODE
2026;MT;2º SUPLENTE;DEMOCRATA;#NULO;DEMOCRATA
2026;MS;GOVERNADOR;REDE;50-PSOL/18-REDE;FEDERAÇÃO PSOL REDE (50-PSOL / 18-REDE)
2026;MG;2º SUPLENTE;DC;#NULO;DC
2026;RJ;GOVERNADOR;DC;#NULO;PDT / MDB / DC / PSB / PSD / FEDERAÇÃO PSDB CIDADANIA (45-PSDB / 23-CIDADANIA) / FEDERAÇÃO BRASIL DA ESPERANÇA - FE BRASIL (13-PT / 65-PC do B / 43-PV) / FEDERAÇÃO RENOVAÇÃO SOLIDÁRIA (25-PRD / 77-SOLIDARIEDADE)
2026;MA;VICE-GOVERNADOR;PSB;#NULO;FEDERAÇÃO BRASIL DA ESPERANÇA - FE BRASIL (13-PT / 65-PC do B / 43-PV) / PSB / FEDERAÇÃO PSOL REDE (50-PSOL / 18-REDE)
2026;SP;SENADOR;PL;#NULO;FEDERAÇÃO UNIÃO PROGRESSISTA (44-UNIÃO / 11-PP) / REPUBLICANOS / PL / MDB / DEMOCRATA / PSD / FEDERAÇÃO RENOVAÇÃO SOLIDÁRIA (25-PRD / 77-SOLIDARIEDADE) / AVANTE
2026;SC;2º SUPLENTE;NOVO;#NULO;REPUBLICANOS / PODE / PL / DC / NOVO / AGIR / AVANTE / FEDERAÇÃO PSDB CIDADANIA (45-PSDB / 23-CIDADANIA)
2026;AP;DEPUTADO FEDERAL;PL;#NULO;PL
2026;AP;DEPUTADO FEDERAL;PCDOB;13-PT/65-PC do B/43-PV;FEDERAÇÃO BRASIL DA ESPERANÇA - FE BRASIL (13-PT / 65-PC do B / 43-PV)
